name;grep-runtime;grep-result;re-runtime;re-result;pcre2-runtime;pcre2-result;rsaregex-runtime;rsaregex-result;rsaregex-matchtime;js-runtime;js-result;java-runtime;java-result;net-runtime;net-result;rsacpp-runtime
0;0.01;True;0.01;False;0.01;False;6.23;False;0.27675084700000063;0.08;False;0.04;False;0.03;False;ERR
1;0.02;True;TO;TO;0.01;False;ERR;ERR;ERR;ERR;ERR;ERR;ERR;ERR;ERR;ERR
2;0.02;True;TO;TO;0.02;False;ERR;ERR;ERR;ERR;ERR;ERR;ERR;ERR;ERR;ERR
3;0.01;True;TO;TO;0.01;False;ERR;ERR;ERR;ERR;ERR;ERR;ERR;ERR;ERR;ERR
4;0.01;True;22.5;False;0.0;False;ERR;ERR;ERR;ERR;ERR;ERR;ERR;ERR;ERR;ERR
5;0.01;True;0.26;False;0.01;False;4.45;False;0.3388456689999999;ERR;ERR;ERR;ERR;ERR;ERR;ERR
6;0.02;True;0.01;False;0.02;False;4.06;False;0.39846003900000015;ERR;ERR;ERR;ERR;ERR;ERR;ERR
7;0.01;True;0.2;False;0.1;False;ERR;ERR;ERR;ERR;ERR;ERR;ERR;ERR;ERR;ERR
8;0.01;True;0.1;False;0.06;False;ERR;ERR;ERR;ERR;ERR;ERR;ERR;ERR;ERR;ERR
9;0.01;True;0.01;False;0.01;False;ERR;ERR;ERR;ERR;ERR;ERR;ERR;ERR;ERR;ERR
10;0.01;True;0.0;False;0.0;False;ERR;ERR;ERR;ERR;ERR;ERR;ERR;ERR;ERR;ERR
11;0.01;True;27.83;False;0.01;False;ERR;ERR;ERR;ERR;ERR;0.17;False;61.08;False;ERR
12;0.01;True;1.28;False;0.01;False;ERR;ERR;ERR;0.3;False;0.04;False;2.21;False;ERR
13;0.01;True;3.55;False;0.01;False;ERR;ERR;ERR;0.46;False;0.05;False;0.04;False;ERR
14;0.02;True;0.0;False;0.01;False;ERR;ERR;ERR;0.06;False;0.03;False;0.03;False;ERR
15;0.01;True;6.0;False;0.01;False;0.39;False;0.264396764;0.87;False;0.05;False;10.64;False;ERR
16;0.01;True;0.0;False;0.02;False;ERR;ERR;ERR;ERR;ERR;ERR;ERR;ERR;ERR;ERR
17;0.01;True;0.01;False;0.01;False;0.62;False;0.20697336700000002;0.06;False;0.05;False;0.04;False;ERR
18;0.0;True;0.01;False;0.01;False;ERR;ERR;ERR;0.05;False;0.06;False;0.05;False;ERR
19;ERR;ERR;0.01;False;0.01;False;10.71;False;0.00010724999999922602;0.07;False;0.03;False;0.04;False;ERR
20;0.01;True;0.01;False;0.0;False;ERR;ERR;ERR;ERR;ERR;ERR;ERR;ERR;ERR;ERR
21;0.01;True;0.01;False;0.01;False;ERR;ERR;ERR;0.06;False;0.04;False;0.03;False;ERR
22;0.02;True;0.01;False;0.01;False;0.03;False;1.608000000000165e-05;0.06;False;0.04;False;0.03;False;ERR
23;0.01;True;TO;TO;0.01;False;ERR;ERR;ERR;TO;TO;13.1;False;TO;TO;ERR
24;0.01;True;0.1;False;0.01;False;ERR;ERR;ERR;0.08;False;0.1;False;0.1;False;ERR
25;0.01;True;TO;TO;0.01;False;46.82;False;3.9594180690000016;TO;TO;TO;TO;TO;TO;ERR
26;0.01;True;0.26;False;0.0;False;0.71;False;0.07748141800000008;0.1;False;0.05;False;0.65;False;ERR
27;0.01;True;1.61;False;0.0;False;ERR;ERR;ERR;0.53;False;0.07;False;4.13;False;ERR
28;ERR;ERR;2.19;False;0.01;False;ERR;ERR;ERR;0.32;False;0.04;False;4.26;False;ERR
29;0.01;True;0.64;False;0.0;False;ERR;ERR;ERR;0.08;False;0.06;False;1.68;False;ERR
30;0.01;True;TO;TO;ERR;ERR;ERR;ERR;ERR;TO;TO;TO;TO;TO;TO;ERR
31;0.01;True;1.62;False;0.01;False;ERR;ERR;ERR;0.49;False;0.06;False;4.16;False;ERR
32;ERR;ERR;0.84;False;1.31;False;ERR;ERR;ERR;0.21;False;0.38;False;1.32;False;ERR
33;0.02;True;69.99;False;0.01;False;0.44;False;0.07415907399999999;15.99;False;0.27;False;TO;TO;ERR
34;0.01;True;0.01;False;0.01;False;3.82;False;0.18671702700000026;0.05;False;0.04;False;0.04;False;ERR
35;0.01;True;0.01;False;0.01;False;ERR;ERR;ERR;0.05;False;0.07;False;0.04;False;ERR
36;0.01;True;2.04;False;0.0;False;ERR;ERR;ERR;0.43;False;0.05;False;4.3;False;ERR
37;0.01;True;TO;TO;0.01;False;ERR;ERR;ERR;TO;TO;0.17;False;TO;TO;ERR
38;0.01;True;17.1;False;0.02;False;ERR;ERR;ERR;1.07;False;0.18;False;44.81;False;ERR
39;0.01;True;3.17;False;0.01;False;ERR;ERR;ERR;0.65;False;0.09;False;7.8;False;ERR
40;ERR;ERR;1.74;False;0.0;False;ERR;ERR;ERR;0.41;False;0.04;False;3.46;False;ERR
41;0.01;True;0.01;False;0.01;False;ERR;ERR;ERR;0.06;False;0.04;False;0.03;False;ERR
42;0.01;True;TO;TO;0.01;False;ERR;ERR;ERR;TO;TO;0.22;False;TO;TO;ERR
43;0.01;True;4.87;False;2.61;False;ERR;ERR;ERR;0.37;False;ERR;ERR;6.67;False;ERR
44;0.01;True;TO;TO;0.01;False;ERR;ERR;ERR;39.35;False;1.32;False;TO;TO;ERR
45;0.01;True;0.85;False;0.01;False;ERR;ERR;ERR;1.17;False;0.13;False;0.18;False;ERR
46;0.01;True;0.01;False;0.01;False;ERR;ERR;ERR;0.05;False;0.05;False;0.04;False;ERR
47;0.0;True;1.71;False;0.01;False;ERR;ERR;ERR;0.18;False;1.42;False;0.04;False;ERR
48;0.01;True;0.57;False;0.01;False;ERR;ERR;ERR;0.1;False;0.06;False;1.76;False;ERR
49;0.01;True;0.0;False;0.02;False;ERR;ERR;ERR;0.06;False;0.04;False;0.05;False;ERR
50;0.01;True;0.1;False;0.06;False;ERR;ERR;ERR;0.21;False;0.23;False;0.13;False;ERR
51;0.01;True;0.01;False;0.01;False;ERR;ERR;ERR;0.06;False;0.05;False;0.03;False;ERR
52;ERR;ERR;0.99;False;1.55;False;ERR;ERR;ERR;0.24;False;0.15;False;1.49;False;ERR
53;ERR;ERR;1.78;False;0.02;False;ERR;ERR;ERR;0.41;False;0.02;False;3.48;False;ERR
54;0.01;True;2.03;False;0.01;False;ERR;ERR;ERR;0.43;False;0.05;False;4.19;False;ERR
55;0.01;True;0.57;False;0.03;False;ERR;ERR;ERR;0.3;False;0.22;False;0.38;False;ERR
56;0.01;True;0.01;False;0.01;False;ERR;ERR;ERR;0.05;False;0.04;False;0.03;False;ERR
57;0.01;True;1.61;False;0.01;False;ERR;ERR;ERR;0.49;False;0.05;False;4.08;False;ERR
58;0.01;True;TO;TO;ERR;ERR;ERR;ERR;ERR;TO;TO;TO;TO;TO;TO;ERR
59;0.01;True;TO;TO;0.01;False;0.36;False;0.17998693;TO;TO;0.83;False;TO;TO;ERR
60;0.01;True;0.01;True;ERR;ERR;0.23;False;0.202297662;0.06;True;0.09;False;0.04;True;ERR
61;0.01;True;0.0;True;0.01;True;ERR;ERR;ERR;ERR;ERR;0.06;False;0.03;True;ERR
62;0.01;True;0.0;False;0.01;False;0.09;False;6.828000000000389e-05;0.05;False;0.02;False;0.03;False;ERR
63;0.01;True;0.0;False;0.0;False;0.93;False;0.00031866000000002614;0.05;False;0.03;False;0.04;False;ERR
64;0.02;True;0.01;False;0.02;False;0.99;False;0.0002548800000000684;0.06;False;0.03;False;0.05;False;ERR
65;0.01;True;0.01;True;ERR;ERR;1.02;True;0.30328575299999994;0.05;True;0.04;False;0.05;True;ERR
66;0.01;True;0.01;True;ERR;ERR;0.55;True;0.392812552;0.06;True;0.11;False;0.03;True;ERR
67;0.0;True;0.01;False;0.01;False;0.88;False;0.0002284810000000581;0.06;False;0.04;False;0.03;False;ERR
68;0.01;True;0.01;True;ERR;ERR;ERR;ERR;ERR;0.05;True;0.12;False;0.03;True;ERR
69;ERR;ERR;1.09;False;ERR;ERR;ERR;ERR;ERR;0.25;False;0.08;False;1.99;False;ERR
70;0.01;True;0.01;False;0.01;False;0.08;False;6.530999999999898e-05;0.06;False;0.03;False;0.04;False;ERR
71;0.02;True;0.01;False;0.01;False;0.95;False;0.00024769999999996184;0.06;False;0.04;False;0.04;False;ERR
72;ERR;ERR;0.01;False;0.0;False;0.03;False;1.7819999999994784e-05;0.05;False;0.03;False;0.03;False;ERR
73;0.01;True;0.01;True;ERR;ERR;1.42;True;0.32435896399999997;0.04;True;0.04;False;0.03;True;ERR
74;0.01;True;0.01;True;ERR;ERR;1.07;True;0.28305031300000005;0.05;True;0.04;False;0.04;True;ERR
75;0.01;True;0.01;False;0.01;False;0.08;False;6.54300000000052e-05;0.07;False;0.03;False;0.03;False;ERR
76;ERR;ERR;0.02;True;ERR;ERR;ERR;ERR;ERR;0.06;True;0.05;False;0.03;True;ERR
77;0.01;True;0.01;True;ERR;ERR;1.21;True;0.285603226;0.06;True;0.04;False;0.04;True;ERR
78;ERR;ERR;0.0;True;ERR;ERR;ERR;ERR;ERR;0.05;True;0.06;False;0.04;True;ERR
79;ERR;ERR;0.01;False;ERR;ERR;ERR;ERR;ERR;0.06;False;0.05;False;0.04;False;ERR
80;0.01;True;0.01;True;ERR;ERR;0.15;True;0.117380247;0.05;True;0.05;False;0.03;True;ERR
81;0.01;True;0.01;True;ERR;ERR;1.42;True;0.28399028400000004;0.06;True;0.04;False;0.04;True;ERR
82;ERR;ERR;0.0;False;0.01;False;0.03;False;1.928000000000346e-05;0.04;False;0.04;False;0.03;False;ERR
83;0.0;True;0.01;False;0.01;False;0.1;False;0.00011632999999999782;0.05;False;0.04;False;0.04;False;ERR
84;0.01;True;0.01;False;0.01;False;0.95;False;0.000256380000000056;0.06;False;0.03;False;0.03;False;ERR
85;0.01;True;0.01;True;ERR;ERR;0.96;True;0.24124274099999998;0.05;True;0.03;False;0.04;True;ERR
86;0.01;True;0.01;True;ERR;ERR;0.06;False;0.034293175;0.06;True;0.05;False;0.03;True;ERR
87;0.01;True;0.01;True;ERR;ERR;1.06;True;0.25665662599999994;0.05;True;0.05;False;0.04;True;ERR
88;0.01;True;0.01;False;0.01;False;0.36;False;0.287123897;0.07;False;0.07;False;0.04;False;ERR
89;ERR;ERR;0.0;True;ERR;ERR;ERR;ERR;ERR;0.06;True;0.06;True;0.05;True;ERR
90;0.01;True;0.01;True;ERR;ERR;0.68;True;0.25283307299999996;0.06;True;0.04;False;0.04;True;ERR
91;0.02;True;0.01;False;0.02;False;0.97;False;0.0003006999999999316;0.06;False;0.03;False;0.03;False;ERR
92;0.02;True;0.0;True;ERR;ERR;1.08;True;0.2809406710000001;0.05;True;0.04;False;0.03;True;ERR
93;0.01;True;0.0;True;ERR;ERR;1.41;True;0.27115729099999986;0.04;True;0.05;False;0.03;True;ERR
94;0.02;True;0.0;False;0.01;False;0.23;False;0.154520754;0.07;False;0.05;False;0.04;False;ERR
95;0.0;True;0.0;True;ERR;ERR;1.34;True;0.279033239;0.05;True;0.03;False;0.04;True;ERR
96;0.01;True;0.01;False;0.01;False;0.93;False;0.00028229000000001836;0.07;False;0.05;False;0.03;False;ERR
97;0.01;True;0.01;True;ERR;ERR;0.22;False;0.183555064;0.06;True;0.11;False;0.04;True;ERR
98;0.01;True;0.03;False;0.02;False;ERR;ERR;ERR;0.07;False;0.1;False;0.06;False;ERR
99;0.02;True;0.0;True;ERR;ERR;1.25;True;0.2835326429999999;0.05;True;0.04;False;0.03;True;ERR
100;0.01;True;0.01;True;ERR;ERR;0.52;True;0.275477505;0.06;True;0.04;False;0.03;True;ERR
101;0.01;True;0.01;True;ERR;ERR;0.13;True;0.09167092200000002;0.06;True;0.04;False;0.04;True;ERR
102;0.01;True;0.01;False;0.01;False;0.2;False;0.152187753;0.06;False;0.07;False;0.04;False;ERR
103;0.01;True;0.01;True;ERR;ERR;1.26;True;0.2708829799999999;0.06;True;0.05;False;0.04;True;ERR
104;0.01;True;0.0;False;0.01;False;ERR;ERR;ERR;0.07;False;0.03;False;0.04;False;ERR
105;0.01;True;TO;TO;0.0;False;ERR;ERR;ERR;TO;TO;1.78;False;TO;TO;ERR
106;0.01;True;0.02;False;0.02;False;0.96;False;0.00025583099999992864;0.07;False;0.04;False;0.04;False;ERR
107;0.02;True;0.01;True;ERR;ERR;0.24;True;0.14013901;0.06;True;ERR;ERR;0.05;True;ERR
108;0.0;True;0.01;True;ERR;ERR;0.63;True;0.22222854300000006;0.05;True;0.04;False;0.03;True;ERR
109;0.0;True;0.0;True;ERR;ERR;0.99;True;0.28140677199999997;0.05;True;0.03;False;0.04;True;ERR
110;ERR;ERR;0.01;False;0.01;False;0.04;False;1.8950000000003686e-05;0.06;False;0.04;False;0.02;False;ERR
111;0.01;True;0.01;False;0.01;False;ERR;ERR;ERR;0.05;False;0.03;False;0.03;False;ERR
112;0.02;True;0.01;False;0.0;False;0.92;False;0.00025372999999995205;0.05;False;0.04;False;0.03;False;ERR
113;0.01;True;0.01;False;0.01;False;ERR;ERR;ERR;0.05;False;0.05;False;0.04;False;ERR
114;0.02;True;0.0;False;0.01;False;0.38;False;0.29944868;0.06;False;0.05;False;0.05;False;ERR
115;0.02;True;0.01;True;ERR;ERR;1.06;True;0.24824470799999998;0.06;True;0.06;False;0.03;True;ERR
116;0.01;True;6.59;False;0.01;False;1.78;False;0.19391322399999988;0.21;False;2.51;False;10.47;False;ERR
117;0.01;True;0.01;False;0.01;False;1.23;False;0.2553980549999999;0.06;False;0.03;False;0.04;False;ERR
118;0.01;True;0.02;False;0.01;False;0.23;False;0.172778813;0.05;False;0.07;False;0.04;False;ERR
119;ERR;ERR;0.01;False;ERR;ERR;ERR;ERR;ERR;0.06;False;0.05;False;0.06;False;ERR
120;0.01;True;0.01;False;0.01;False;0.58;False;0.511547491;0.06;False;0.05;False;0.04;False;ERR
121;0.01;True;0.01;False;0.01;False;ERR;ERR;ERR;0.07;False;0.03;False;0.05;False;ERR
122;0.01;True;0.01;True;ERR;ERR;0.43;True;0.351384351;0.06;True;0.12;False;0.03;True;ERR
123;0.01;True;0.01;True;ERR;ERR;ERR;ERR;ERR;0.06;True;0.11;False;0.03;True;ERR
124;ERR;ERR;0.01;True;ERR;ERR;ERR;ERR;ERR;0.07;False;0.04;True;0.05;True;ERR
125;0.01;True;0.01;False;0.01;False;0.21;False;0.170292471;0.07;False;0.07;False;0.03;False;ERR
126;0.01;True;0.0;True;ERR;ERR;1.37;True;0.298633358;0.05;True;0.05;False;0.04;True;ERR
127;0.01;True;0.0;True;ERR;ERR;0.15;True;0.099237089;0.05;True;0.05;False;0.02;True;ERR
128;0.02;True;0.01;True;ERR;ERR;0.23;False;0.19443965400000002;0.06;True;0.1;False;0.03;True;ERR
129;0.01;True;0.0;True;ERR;ERR;1.22;True;0.287213917;0.06;True;0.05;False;0.03;True;ERR
130;ERR;ERR;0.01;False;ERR;ERR;ERR;ERR;ERR;0.05;False;0.04;False;0.04;False;ERR
131;0.01;True;0.01;True;ERR;ERR;ERR;ERR;ERR;0.04;True;0.03;False;0.04;True;ERR
132;0.01;True;0.01;True;ERR;ERR;0.78;True;0.32113617099999997;0.06;True;0.02;False;0.04;True;ERR
133;0.01;True;0.01;False;0.01;False;0.09;False;6.77099999999986e-05;0.05;False;0.04;False;0.03;False;ERR
134;0.01;True;0.01;False;0.02;False;0.92;False;0.00036218099999996145;0.04;False;0.04;False;0.04;False;ERR
135;0.01;True;0.01;False;0.02;False;0.84;False;0.0002740210000000687;0.06;False;0.03;False;0.03;False;ERR
136;ERR;ERR;0.01;True;ERR;ERR;ERR;ERR;ERR;0.07;True;0.05;False;0.04;True;ERR
137;ERR;ERR;0.01;True;ERR;ERR;ERR;ERR;ERR;0.06;True;0.06;True;0.04;True;ERR
138;0.02;True;0.01;True;ERR;ERR;0.91;True;0.28618957599999995;0.06;True;0.04;False;0.04;True;ERR
139;0.01;True;0.01;True;0.0;True;ERR;ERR;ERR;ERR;ERR;0.06;False;0.03;True;ERR
140;0.01;True;0.01;True;ERR;ERR;1.49;True;0.373945913;0.05;True;0.04;False;0.03;True;ERR
141;0.0;True;0.0;True;0.02;True;ERR;ERR;ERR;ERR;ERR;0.07;False;0.03;True;ERR
142;ERR;ERR;0.0;False;0.02;False;0.04;False;1.7979999999993834e-05;0.05;False;0.03;False;0.04;False;ERR
143;0.01;True;0.01;True;ERR;ERR;1.07;True;0.25098360099999995;0.07;True;0.04;False;0.04;True;ERR
144;0.01;True;0.01;True;ERR;ERR;0.07;False;0.030535031000000004;0.05;True;0.04;False;0.04;True;ERR
145;0.02;True;0.01;False;0.01;False;ERR;ERR;ERR;0.05;False;0.03;False;0.03;False;ERR
146;ERR;ERR;0.02;False;ERR;ERR;ERR;ERR;ERR;0.05;False;0.05;False;0.05;False;ERR
147;0.01;True;0.01;False;0.01;False;ERR;ERR;ERR;0.06;False;0.02;False;0.04;False;ERR
148;ERR;ERR;0.02;True;ERR;ERR;ERR;ERR;ERR;0.05;True;0.06;False;0.05;True;ERR
149;ERR;ERR;0.01;True;ERR;ERR;ERR;ERR;ERR;0.06;True;0.03;True;0.04;True;ERR
150;0.01;True;0.0;True;ERR;ERR;1.41;True;0.2842653439999999;0.07;True;0.03;False;0.04;True;ERR
151;0.01;True;0.0;True;ERR;ERR;1.35;True;0.29313973299999996;0.04;True;0.05;False;0.04;True;ERR
152;0.01;True;0.01;False;0.01;False;ERR;ERR;ERR;0.07;False;0.03;False;0.05;False;ERR
153;0.01;True;0.01;True;ERR;ERR;0.15;True;0.102137222;0.05;True;0.04;False;0.04;True;ERR
154;0.01;True;0.0;True;ERR;ERR;0.06;False;0.03677384699999999;0.06;True;0.06;False;0.03;True;ERR
155;0.01;True;0.01;True;ERR;ERR;0.45;True;0.228865689;0.07;True;0.05;False;0.05;True;ERR
156;ERR;ERR;0.01;False;0.02;False;0.04;False;2.0159999999998235e-05;0.08;False;0.04;False;0.03;False;ERR
157;0.0;True;0.01;True;ERR;ERR;0.87;True;0.255543046;0.06;True;0.04;False;0.03;True;ERR
158;0.01;True;0.0;False;0.01;False;0.87;False;0.000215790000000049;0.06;False;0.03;False;0.04;False;ERR
159;ERR;ERR;0.02;True;ERR;ERR;ERR;ERR;ERR;0.3;False;0.04;True;0.04;True;ERR
160;0.01;True;0.01;True;ERR;ERR;0.45;True;0.22727855800000002;0.06;True;0.05;False;0.05;True;ERR
161;0.02;True;0.01;True;ERR;ERR;1.03;True;0.2838047739999999;0.05;True;0.04;False;0.04;True;ERR
162;0.01;True;0.01;True;ERR;ERR;0.14;True;0.09696673700000001;0.05;True;0.06;False;0.03;True;ERR
163;0.01;True;0.01;False;0.01;False;ERR;ERR;ERR;0.06;False;0.06;False;0.06;False;ERR
164;0.01;True;0.01;False;0.01;False;0.94;False;0.0003017109999999823;0.07;False;0.04;False;0.05;False;ERR
165;ERR;ERR;0.0;True;ERR;ERR;ERR;ERR;ERR;0.07;True;0.04;False;0.03;True;ERR
166;0.01;True;0.0;False;0.02;False;0.99;False;0.0002463809999999622;0.04;False;0.03;False;0.04;False;ERR
167;0.01;True;0.0;False;0.01;False;0.2;False;0.152936963;0.05;False;0.07;False;0.04;False;ERR
168;0.01;True;0.01;True;ERR;ERR;1.3;True;0.27960334899999995;0.05;True;0.04;False;0.04;True;ERR
169;ERR;ERR;0.01;False;ERR;ERR;ERR;ERR;ERR;0.04;False;0.05;False;0.04;False;ERR
170;ERR;ERR;0.01;True;ERR;ERR;ERR;ERR;ERR;0.05;True;0.06;False;0.04;True;ERR
171;0.01;True;0.0;True;ERR;ERR;0.5;True;0.252843852;0.06;True;0.04;False;0.05;True;ERR
172;0.01;True;0.01;False;0.0;False;0.09;False;7.497000000000753e-05;0.06;False;0.04;False;0.04;False;ERR
173;0.01;True;0.01;True;ERR;ERR;1.45;True;0.2774883869999999;0.07;True;0.04;False;0.05;True;ERR
174;0.01;True;0.01;True;ERR;ERR;1.12;True;0.270945981;0.07;True;0.05;False;0.03;True;ERR
175;0.02;True;0.01;True;0.01;True;ERR;ERR;ERR;ERR;ERR;0.06;False;0.04;True;ERR
176;0.02;True;TO;TO;0.01;False;TO;TO;TO;TO;TO;TO;TO;TO;TO;ERR
177;0.02;True;0.01;False;0.01;False;ERR;ERR;ERR;0.06;False;0.04;False;0.04;False;ERR
178;0.01;True;0.0;False;0.01;False;ERR;ERR;ERR;0.06;False;0.02;False;0.03;False;ERR
179;0.01;True;0.0;True;ERR;ERR;1.86;True;0.262313722;0.05;True;0.04;False;0.04;True;ERR
180;0.01;True;0.0;True;ERR;ERR;0.52;True;0.232390692;0.03;True;0.04;False;0.04;True;ERR
181;0.01;True;0.01;True;ERR;ERR;1.37;True;0.291963062;0.05;True;0.04;False;0.04;True;ERR
182;0.02;True;0.01;False;0.01;False;0.2;False;0.15030360999999998;0.06;False;0.07;False;0.04;False;ERR
183;0.01;True;0.01;False;0.01;False;ERR;ERR;ERR;0.06;False;0.04;False;0.02;False;ERR
184;0.02;True;0.01;True;ERR;ERR;0.14;True;0.102496253;0.06;True;0.03;False;0.04;True;ERR
185;0.01;True;0.01;True;ERR;ERR;ERR;ERR;ERR;0.06;True;0.04;False;0.04;True;ERR
186;0.01;True;0.01;False;0.0;False;0.4;False;0.312245123;0.06;False;0.05;False;0.04;False;ERR
187;0.01;True;0.01;True;ERR;ERR;0.67;True;0.29505917500000006;0.06;True;0.03;False;0.03;True;ERR
188;0.01;True;0.0;True;ERR;ERR;0.98;True;0.2736831839999999;0.06;True;0.04;False;0.02;True;ERR
189;ERR;ERR;0.01;False;ERR;ERR;ERR;ERR;ERR;0.06;False;0.04;False;0.04;False;ERR
190;ERR;ERR;0.01;True;ERR;ERR;ERR;ERR;ERR;0.04;True;0.06;False;0.04;True;ERR
191;0.01;True;0.01;True;ERR;ERR;0.94;True;0.23863801799999995;0.04;True;0.05;False;0.04;True;ERR
192;0.01;True;0.01;True;ERR;ERR;0.46;True;0.369017778;0.05;True;0.13;False;0.03;True;ERR
193;0.0;True;0.0;True;ERR;ERR;1.02;True;0.27092932000000003;0.05;True;0.04;False;0.05;True;ERR
194;0.01;True;0.01;True;ERR;ERR;1.36;True;0.296437956;0.06;True;0.04;False;0.03;True;ERR
195;0.01;True;0.0;True;ERR;ERR;0.16;False;0.08035458000000001;0.05;True;0.04;False;0.03;True;ERR
196;0.01;True;0.01;False;0.01;False;0.88;False;0.0002855200000000391;0.06;False;0.03;False;0.05;False;ERR
197;0.02;True;0.0;True;ERR;ERR;0.79;True;0.32239970200000007;0.06;True;0.05;False;0.03;True;ERR
198;0.01;True;0.01;False;0.01;False;0.84;False;0.2513052109999999;0.06;False;0.04;False;0.03;False;ERR
199;0.01;True;0.01;True;ERR;ERR;1.08;True;0.3045021849999999;0.06;True;0.05;False;0.04;True;ERR
200;0.01;True;0.01;False;0.0;False;0.08;False;7.343999999999407e-05;0.05;False;0.03;False;0.04;False;ERR
201;ERR;ERR;0.0;True;ERR;ERR;ERR;ERR;ERR;0.07;True;0.05;False;0.03;True;ERR
202;0.01;True;0.0;False;0.01;False;ERR;ERR;ERR;0.06;False;0.02;False;0.04;False;ERR
203;ERR;ERR;0.85;False;ERR;ERR;ERR;ERR;ERR;0.19;False;0.08;False;1.52;False;ERR
204;ERR;ERR;0.01;False;ERR;ERR;ERR;ERR;ERR;0.06;False;0.03;False;0.03;False;ERR
205;0.02;True;0.01;True;ERR;ERR;0.13;True;0.086584087;0.05;True;0.03;False;0.04;True;ERR
206;0.02;True;0.01;True;ERR;ERR;0.87;True;0.26474550399999996;0.07;True;0.03;False;0.05;True;ERR
207;0.01;True;TO;TO;0.01;False;ERR;ERR;ERR;TO;TO;2.24;False;TO;TO;ERR
208;0.01;True;0.01;True;ERR;ERR;1.44;True;0.29325871299999995;0.06;True;0.04;False;0.04;True;ERR
209;0.01;True;0.01;True;ERR;ERR;0.09;False;0.05115277100000001;0.06;True;0.02;False;0.04;True;ERR
210;0.01;True;TO;TO;0.01;False;0.22;False;0.12947987;TO;TO;0.38;False;TO;TO;ERR
211;ERR;ERR;0.0;True;ERR;ERR;ERR;ERR;ERR;0.06;True;ERR;ERR;0.04;True;ERR
212;0.01;True;0.01;True;ERR;ERR;0.65;True;0.378527778;0.05;True;0.11;False;0.04;True;ERR
213;0.01;True;0.01;False;0.01;False;0.99;False;0.13154486199999993;0.05;False;0.06;False;0.04;False;ERR
214;0.01;True;0.0;True;ERR;ERR;1.35;True;0.24652918599999996;0.06;True;0.03;False;0.04;True;ERR
215;0.01;True;0.01;False;0.01;False;0.95;False;0.00028190999999999633;0.06;False;0.03;False;0.04;False;ERR
216;0.01;True;0.01;False;0.01;False;0.21;False;0.16344995299999998;0.06;False;0.07;False;0.04;False;ERR
217;ERR;ERR;0.0;True;ERR;ERR;ERR;ERR;ERR;0.06;True;0.07;False;0.04;True;ERR
218;0.01;True;0.01;False;0.01;False;ERR;ERR;ERR;0.07;False;0.03;False;0.03;False;ERR
219;ERR;ERR;0.01;False;ERR;ERR;ERR;ERR;ERR;0.07;False;0.06;False;0.04;False;ERR
220;ERR;ERR;0.01;True;ERR;ERR;0.08;False;0.04014822;0.05;True;0.05;False;0.03;True;ERR
221;0.01;True;0.01;True;ERR;ERR;0.12;True;0.09377729400000001;0.05;True;0.04;False;0.03;True;ERR
222;0.01;True;0.01;True;ERR;ERR;0.18;False;0.160166751;0.05;True;0.09;False;0.03;True;ERR
223;0.01;True;0.01;True;ERR;ERR;1.04;True;0.27696182700000005;0.07;True;0.05;False;0.04;True;ERR
224;0.01;True;0.81;False;0.01;False;ERR;ERR;ERR;ERR;ERR;0.3;False;1.37;False;ERR
225;0.01;True;0.01;False;0.01;False;ERR;ERR;ERR;0.06;False;0.05;False;0.04;False;ERR
226;0.02;True;0.01;True;ERR;ERR;1.36;True;0.278142558;0.06;True;0.06;False;0.04;True;ERR
227;0.01;True;0.0;False;0.01;False;0.09;False;7.322100000001219e-05;0.06;False;0.03;False;0.03;False;ERR
228;0.01;True;0.01;True;ERR;ERR;1.25;True;0.2648692949999999;0.05;True;0.04;False;0.03;True;ERR
229;0.01;True;0.0;True;ERR;ERR;2.17;True;0.25496840500000006;0.06;True;0.05;False;0.04;True;ERR
230;0.01;True;0.01;True;ERR;ERR;0.07;False;0.041118880999999996;0.06;True;0.04;False;0.03;True;ERR
231;0.0;True;0.01;False;0.01;False;0.96;False;0.000290360000000045;0.06;False;0.03;False;0.03;False;ERR
232;0.01;True;0.0;True;ERR;ERR;1.13;True;0.29414669400000004;0.06;True;0.04;False;0.05;True;ERR
233;0.01;True;0.0;False;0.01;False;ERR;ERR;ERR;0.06;False;ERR;ERR;0.04;False;ERR
234;0.01;True;0.01;True;ERR;ERR;1.55;True;0.2868699859999999;0.07;True;0.04;False;0.02;True;ERR
235;0.01;True;0.01;True;ERR;ERR;0.15;True;0.115090305;0.07;True;0.03;False;0.04;True;ERR
236;ERR;ERR;0.01;True;ERR;ERR;ERR;ERR;ERR;0.06;True;0.06;False;0.06;True;ERR
237;ERR;ERR;0.01;True;ERR;ERR;ERR;ERR;ERR;0.06;True;0.06;False;0.04;True;ERR
238;0.01;True;0.01;False;0.01;False;1.1;False;0.343072053;0.06;False;0.04;False;0.04;False;ERR
239;0.01;True;0.01;True;ERR;ERR;1.34;True;0.2992354789999999;0.06;True;0.04;False;0.03;True;ERR
240;0.01;True;0.01;True;ERR;ERR;1.82;True;0.250687651;0.04;True;0.03;False;0.03;True;ERR
241;0.01;True;0.0;False;0.01;False;0.92;False;0.00029562100000002367;0.06;False;0.04;False;0.05;False;ERR
242;0.02;True;0.01;True;ERR;ERR;1.19;True;0.30544611499999985;0.06;True;0.04;False;0.02;True;ERR
243;0.01;True;0.0;True;ERR;ERR;1.07;True;0.4391170390000001;0.05;True;0.1;False;0.03;True;ERR
244;0.01;True;0.01;False;0.01;False;0.09;False;6.305000000000893e-05;0.05;False;0.03;False;0.04;False;ERR
245;ERR;ERR;1.35;False;ERR;ERR;ERR;ERR;ERR;0.31;False;0.05;False;2.22;False;ERR
246;0.02;True;0.01;True;ERR;ERR;0.12;False;0.06638835600000001;0.06;True;0.04;False;0.05;True;ERR
247;0.01;True;0.01;True;ERR;ERR;1.58;True;0.287388357;0.05;True;0.05;False;0.03;True;ERR
248;0.01;True;0.01;True;ERR;ERR;1.39;True;0.28031188000000007;0.07;True;0.03;False;0.04;True;ERR
249;0.01;True;0.01;True;ERR;ERR;1.41;True;0.2855272360000001;0.06;True;0.05;False;0.03;True;ERR
250;0.0;True;0.01;False;0.01;False;0.91;False;0.00026815999999996176;0.07;False;0.05;False;0.03;False;ERR
251;ERR;ERR;0.84;False;ERR;ERR;ERR;ERR;ERR;0.22;False;0.04;False;1.54;False;ERR
252;0.01;True;0.0;True;ERR;ERR;1.25;True;0.300662581;0.06;True;0.05;False;0.03;True;ERR
253;0.01;True;0.0;True;ERR;ERR;1.21;True;0.27156735200000004;0.07;True;0.04;False;0.05;True;ERR
254;0.01;True;0.01;True;ERR;ERR;0.15;True;0.09122828200000001;0.05;True;0.03;False;0.03;True;ERR
255;0.01;True;0.01;False;0.02;False;1.21;False;0.25122976099999994;0.06;False;0.05;False;0.02;False;ERR
256;0.01;True;0.01;False;0.01;False;0.09;False;6.797000000000053e-05;0.06;False;0.03;False;0.04;False;ERR
257;0.0;True;0.0;True;ERR;ERR;0.15;True;0.09460848499999999;0.06;True;0.04;False;0.04;True;ERR
258;0.01;True;0.01;True;ERR;ERR;0.65;True;0.23240415299999995;0.05;True;0.04;False;0.03;True;ERR
259;0.01;True;0.01;False;0.0;False;ERR;ERR;ERR;0.06;False;0.03;False;0.03;False;ERR
260;0.01;True;0.01;False;0.01;False;ERR;ERR;ERR;0.07;False;0.04;False;0.04;False;ERR
261;ERR;ERR;0.01;True;ERR;ERR;ERR;ERR;ERR;0.07;True;0.06;False;0.04;True;ERR
262;ERR;ERR;0.01;True;ERR;ERR;ERR;ERR;ERR;0.06;True;0.03;True;0.04;True;ERR
263;0.01;True;0.01;True;ERR;ERR;0.14;False;0.07009232;0.07;True;0.05;False;0.03;True;ERR
264;0.01;True;0.01;True;ERR;ERR;1.36;True;0.27239197299999995;0.05;True;0.03;False;0.04;True;ERR
265;0.01;True;0.01;True;ERR;ERR;0.18;False;0.079009809;0.05;True;0.04;False;0.04;True;ERR
266;ERR;ERR;0.01;False;0.0;False;0.04;False;2.4049999999997684e-05;0.06;False;0.04;False;0.03;False;ERR
267;0.01;True;0.01;True;ERR;ERR;1.44;True;0.29423313399999984;0.07;True;0.04;False;0.04;True;ERR
268;0.01;True;0.01;False;0.02;False;0.08;False;6.661100000000808e-05;0.06;False;0.02;False;0.04;False;ERR
269;0.01;True;0.0;False;0.01;False;ERR;ERR;ERR;0.05;False;0.03;False;0.03;False;ERR
270;ERR;ERR;1.07;False;ERR;ERR;ERR;ERR;ERR;0.23;False;0.06;False;2.04;False;ERR
271;ERR;ERR;0.01;False;ERR;ERR;ERR;ERR;ERR;0.05;False;0.04;False;0.04;False;ERR
272;ERR;ERR;0.0;True;ERR;ERR;ERR;ERR;ERR;0.06;True;0.04;False;0.04;True;ERR
273;0.01;True;0.0;False;0.01;False;0.91;False;0.0002670799999999751;0.06;False;0.05;False;0.03;False;ERR
274;0.01;True;0.01;False;0.01;False;ERR;ERR;ERR;0.06;False;0.07;False;0.03;False;ERR
275;ERR;ERR;0.01;True;ERR;ERR;ERR;ERR;ERR;0.06;False;0.08;False;0.04;True;ERR
276;0.0;True;0.01;True;ERR;ERR;0.08;False;0.03983010000000001;0.07;True;0.05;False;0.05;True;ERR
277;0.02;True;0.0;False;0.01;False;1.73;False;0.143792594;0.06;False;0.04;False;0.04;False;ERR
278;0.0;True;0.16;False;0.01;False;ERR;ERR;ERR;0.08;False;0.05;False;0.58;False;ERR
279;0.01;True;0.01;False;0.01;False;ERR;ERR;ERR;0.05;False;0.05;False;0.04;False;ERR
280;0.01;True;0.01;False;0.01;False;0.22;False;0.172028972;0.06;False;0.06;False;0.04;False;ERR
281;0.0;True;0.0;True;ERR;ERR;1.53;True;0.2568600270000001;0.07;True;0.02;False;0.05;True;ERR
282;0.01;True;0.0;False;0.0;False;ERR;ERR;ERR;0.06;False;0.06;False;0.03;False;ERR
283;0.01;True;0.0;False;0.01;False;0.9;False;0.0002616100000000232;0.06;False;0.03;False;0.03;False;ERR
284;0.01;True;0.01;True;ERR;ERR;1.46;True;0.300799261;0.06;True;0.04;False;0.04;True;ERR
285;0.01;True;0.01;True;ERR;ERR;1.51;True;0.416371936;0.06;True;0.03;False;0.04;True;ERR
286;0.01;True;0.0;True;ERR;ERR;1.28;True;0.2796850299999999;0.06;True;0.03;False;0.04;True;ERR
287;0.0;True;0.01;True;ERR;ERR;0.14;True;0.09718708699999999;0.06;True;0.03;False;0.03;True;ERR
288;0.01;True;0.01;True;ERR;ERR;ERR;ERR;ERR;0.07;True;0.04;False;0.03;True;ERR
289;0.01;True;0.01;True;ERR;ERR;1.19;True;0.287088667;0.07;True;0.05;False;0.04;True;ERR
290;0.01;True;0.01;True;ERR;ERR;0.14;True;0.10848211899999999;0.06;True;0.03;False;0.04;True;ERR
291;0.01;True;0.01;True;ERR;ERR;0.46;True;0.257543887;0.06;True;0.05;False;0.03;True;ERR
292;0.01;True;0.01;False;0.01;False;1.04;False;0.00027927999999999287;0.07;False;0.03;False;0.03;False;ERR
293;0.01;True;0.0;True;ERR;ERR;1.3;True;0.28101894100000013;0.07;True;0.03;False;0.03;True;ERR
294;ERR;ERR;0.0;False;0.01;False;0.03;False;1.857999999999721e-05;0.06;False;0.03;False;0.03;False;ERR
295;0.0;True;0.01;True;ERR;ERR;1.11;True;0.30974926999999997;0.07;True;0.04;False;0.04;True;ERR
296;0.0;True;0.01;True;ERR;ERR;0.97;True;0.264000114;0.05;True;0.05;False;0.03;True;ERR
297;0.01;True;0.01;True;ERR;ERR;1.41;True;0.27290331300000015;0.07;True;0.03;False;0.04;True;ERR
298;0.01;True;0.01;False;0.01;False;1.02;False;0.0002260099999999987;0.06;False;0.04;False;0.05;False;ERR
299;0.01;True;0.01;True;ERR;ERR;0.51;True;0.22964905000000002;0.05;True;0.03;False;0.02;True;ERR
300;0.01;True;0.01;True;ERR;ERR;0.13;True;0.09755808599999999;0.05;True;0.03;False;0.05;True;ERR
301;0.02;True;0.01;False;0.02;False;ERR;ERR;ERR;0.06;False;0.07;False;0.06;False;ERR
302;0.02;True;TO;TO;0.01;False;ERR;ERR;ERR;TO;TO;ERR;ERR;0.3;False;ERR
303;ERR;ERR;0.01;False;0.01;False;0.03;False;1.794000000000101e-05;0.05;False;0.04;False;0.03;False;ERR
304;0.01;True;0.01;True;ERR;ERR;0.71;True;0.262363922;0.05;True;0.04;False;0.04;True;ERR
305;0.01;True;0.0;True;ERR;ERR;0.76;True;0.32674604600000007;0.07;True;0.06;False;0.05;True;ERR
306;0.01;True;0.01;True;ERR;ERR;1.38;True;0.28050263;0.06;True;0.05;False;0.04;True;ERR
307;0.01;True;0.0;True;ERR;ERR;0.62;True;0.234850145;0.05;True;0.05;False;0.04;True;ERR
308;0.01;True;0.01;False;0.01;False;0.97;False;0.0002488599999999064;0.06;False;0.04;False;0.04;False;ERR
309;0.01;True;0.01;True;ERR;ERR;1.26;True;0.2704217310000001;0.07;True;0.05;False;0.04;True;ERR
310;0.01;True;0.01;True;ERR;ERR;1.33;True;0.2774063269999999;0.07;True;0.04;False;0.04;True;ERR
311;0.01;True;0.0;False;0.02;False;0.94;False;0.0003117910000000057;0.06;False;0.04;False;0.04;False;ERR
312;ERR;ERR;0.01;True;ERR;ERR;ERR;ERR;ERR;0.06;True;0.08;False;0.04;True;ERR
313;0.01;True;TO;TO;0.01;False;ERR;ERR;ERR;TO;TO;0.22;False;TO;TO;ERR
314;0.0;True;0.01;False;0.02;False;ERR;ERR;ERR;0.07;False;0.06;False;0.04;False;ERR
315;0.01;True;0.01;True;ERR;ERR;0.29;False;0.23654896599999997;0.08;True;0.1;False;0.05;True;ERR
316;0.02;True;0.01;True;ERR;ERR;1.46;True;0.30884506899999997;0.07;True;0.04;False;0.04;True;ERR
317;0.02;True;TO;TO;0.01;False;ERR;ERR;ERR;TO;TO;TO;TO;TO;TO;ERR
318;0.02;True;0.01;True;ERR;ERR;0.71;True;0.26490233500000004;0.07;True;0.05;False;0.04;True;ERR
319;0.01;True;0.01;False;0.01;False;0.93;False;0.0002670000000000172;0.06;False;0.04;False;0.04;False;ERR
320;ERR;ERR;0.01;False;0.01;False;ERR;ERR;ERR;0.06;False;0.04;False;0.04;False;ERR
321;0.01;True;0.01;True;ERR;ERR;0.99;True;0.27742854799999994;0.07;True;0.05;False;0.04;True;ERR
322;ERR;ERR;0.01;True;ERR;ERR;ERR;ERR;ERR;0.07;True;0.03;False;0.03;True;ERR
323;0.02;True;0.01;False;0.0;False;1.09;False;0.00025466099999993386;0.06;False;0.04;False;0.04;False;ERR
324;0.02;True;0.01;False;0.01;False;0.09;False;7.33499999999998e-05;0.06;False;0.03;False;0.04;False;ERR
325;0.01;True;0.0;True;ERR;ERR;1.26;True;0.29480372499999996;0.05;True;0.05;False;0.04;True;ERR
326;0.0;True;0.01;True;ERR;ERR;0.22;False;0.188381608;0.05;True;0.12;False;0.03;True;ERR
327;0.01;True;0.01;True;ERR;ERR;1.38;True;0.29067484099999996;0.07;True;0.04;False;0.04;True;ERR
328;ERR;ERR;0.01;False;ERR;ERR;ERR;ERR;ERR;0.07;False;0.04;False;0.05;False;ERR
329;ERR;ERR;0.01;False;0.01;False;0.04;False;2.251000000000336e-05;0.05;False;0.04;False;0.03;False;ERR
330;0.01;True;0.01;True;ERR;ERR;3.04;True;0.2602786899999998;0.06;True;0.05;False;0.05;True;ERR
331;0.01;True;0.01;False;0.01;False;ERR;ERR;ERR;0.06;False;0.03;False;0.05;False;ERR
332;0.01;True;0.01;False;0.02;False;0.87;False;0.0002199299999999793;0.07;False;0.04;False;0.05;False;ERR
333;0.01;True;0.0;False;0.01;False;0.86;False;0.0002444809999999631;0.06;False;0.02;False;0.04;False;ERR
334;0.01;True;0.0;True;ERR;ERR;1.06;True;0.287760727;0.08;True;0.04;False;0.04;True;ERR
335;0.01;True;0.01;False;0.01;False;0.09;False;8.046999999999915e-05;0.07;False;0.03;False;0.04;False;ERR
336;0.01;True;0.01;True;ERR;ERR;0.92;True;0.266477156;0.08;True;0.05;False;0.03;True;ERR
337;ERR;ERR;0.02;True;ERR;ERR;ERR;ERR;ERR;0.34;True;0.05;True;0.03;True;ERR
338;0.0;True;0.01;False;0.01;False;ERR;ERR;ERR;0.06;False;0.02;False;0.04;False;ERR
339;ERR;ERR;0.02;False;ERR;ERR;ERR;ERR;ERR;0.07;False;0.11;False;0.06;False;ERR
340;0.02;True;1.3;False;0.01;False;7.49;False;0.2238750429999996;0.27;False;0.05;False;3.89;False;ERR
341;0.01;True;0.01;False;0.03;False;0.41;False;0.32445098400000005;0.06;False;0.06;False;0.04;False;ERR
342;0.01;True;0.01;True;ERR;ERR;ERR;ERR;ERR;0.07;True;0.04;False;0.04;True;ERR
343;0.02;True;0.02;False;0.01;False;1.06;False;0.0002896900000000091;0.07;False;0.02;False;0.05;False;ERR
344;ERR;ERR;0.02;False;ERR;ERR;ERR;ERR;ERR;0.05;False;0.07;False;0.08;False;ERR
345;0.01;True;TO;TO;0.01;False;ERR;ERR;ERR;TO;TO;23.6;False;TO;TO;ERR
346;0.01;True;0.01;True;ERR;ERR;1.64;True;0.29198267200000005;0.06;True;0.04;False;0.03;True;ERR
347;0.01;True;0.01;False;0.01;False;1.0;False;0.00033009999999999984;0.06;False;0.03;False;0.04;False;ERR
348;ERR;ERR;0.01;False;ERR;ERR;ERR;ERR;ERR;0.06;False;0.05;False;0.04;False;ERR
349;0.01;True;0.01;True;ERR;ERR;0.35;True;0.278134718;0.06;True;0.08;False;0.02;True;ERR
350;0.01;True;0.01;True;ERR;ERR;1.27;True;0.24585627600000004;0.07;True;0.05;False;0.03;True;ERR
351;0.01;True;0.01;True;ERR;ERR;0.11;False;0.06638976499999999;0.06;True;0.06;False;0.05;True;ERR
352;ERR;ERR;3.18;False;ERR;ERR;1.28;False;0.151768542;0.69;False;0.08;False;6.43;False;ERR
353;0.02;True;0.01;False;0.0;False;0.49;False;0.394500374;0.06;False;0.07;False;0.05;False;ERR
354;0.02;True;0.0;True;ERR;ERR;0.25;False;0.205841566;0.07;True;0.11;False;0.04;True;ERR
355;ERR;ERR;0.01;False;0.01;False;0.03;False;2.6890000000001635e-05;0.08;False;0.04;False;0.03;False;ERR
356;0.01;True;0.02;True;ERR;ERR;1.01;True;0.2538213939999999;0.06;True;0.06;False;0.03;True;ERR
357;0.01;True;0.01;False;0.01;False;1.03;False;0.000342371000000008;0.04;False;0.04;False;0.04;False;ERR
358;0.01;True;0.01;True;ERR;ERR;0.32;True;0.201590192;0.06;True;0.06;False;0.05;True;ERR
359;0.01;True;0.01;False;0.01;False;0.39;False;0.32669526699999996;0.06;False;0.07;False;0.06;False;ERR
360;0.02;True;0.02;False;0.01;False;1.04;False;0.0002856800000000659;0.06;False;0.04;False;0.03;False;ERR
361;ERR;ERR;0.01;False;ERR;ERR;ERR;ERR;ERR;0.06;False;0.05;False;0.05;False;ERR
362;0.01;True;0.0;False;0.01;False;ERR;ERR;ERR;0.07;False;0.04;False;0.03;False;ERR
363;0.01;True;0.0;True;ERR;ERR;1.62;True;0.3059937460000002;0.06;True;0.04;False;0.03;True;ERR
364;ERR;ERR;0.01;True;ERR;ERR;ERR;ERR;ERR;0.07;True;0.06;False;0.04;True;ERR
365;0.01;True;0.02;False;0.02;False;0.1;False;7.501000000000035e-05;0.06;False;0.05;False;0.03;False;ERR
366;0.01;True;0.0;True;ERR;ERR;0.52;True;0.274305244;0.06;True;0.04;False;0.04;True;ERR
367;0.01;True;0.01;True;ERR;ERR;ERR;ERR;ERR;0.08;True;0.09;False;0.05;True;ERR
368;0.01;True;0.01;False;0.01;False;0.09;False;0.00012341999999999909;0.06;False;0.04;False;0.04;False;ERR
369;0.01;True;0.01;True;ERR;ERR;1.46;True;0.281660802;0.06;True;0.05;False;0.04;True;ERR
370;0.01;True;0.01;True;ERR;ERR;1.1;True;0.28602008600000006;0.06;True;0.05;False;0.04;True;ERR
371;ERR;ERR;1.64;False;ERR;ERR;ERR;ERR;ERR;0.32;False;0.07;False;2.79;False;ERR
372;0.0;True;0.02;True;ERR;ERR;1.48;True;0.318602418;0.08;True;0.05;False;0.03;True;ERR
373;ERR;ERR;0.01;False;ERR;ERR;ERR;ERR;ERR;0.07;False;0.06;False;0.06;False;ERR
374;ERR;ERR;0.0;True;ERR;ERR;ERR;ERR;ERR;0.06;True;0.05;True;0.05;True;ERR
375;0.01;True;0.0;True;ERR;ERR;1.41;True;0.27880675900000007;0.06;True;0.03;False;0.04;True;ERR
376;0.01;True;0.02;False;0.01;False;0.22;False;0.172142612;0.06;False;0.07;False;0.04;False;ERR
377;0.02;True;0.0;True;ERR;ERR;1.35;True;0.31607211600000007;0.06;True;ERR;ERR;0.04;True;ERR
378;0.02;True;0.01;False;0.01;False;0.1;False;7.835999999999954e-05;0.06;False;0.04;False;0.04;False;ERR
379;0.01;True;0.01;True;ERR;ERR;0.64;True;0.258911669;0.06;True;0.04;False;0.03;True;ERR
380;ERR;ERR;0.96;False;ERR;ERR;ERR;ERR;ERR;0.26;False;0.08;False;1.67;False;ERR
381;0.02;True;0.0;True;ERR;ERR;1.58;True;0.296359716;0.07;True;0.05;False;0.04;True;ERR
382;0.02;True;0.0;False;0.02;False;0.41;False;0.316695906;0.06;False;0.07;False;0.05;False;ERR
383;0.01;True;0.01;True;ERR;ERR;0.08;False;0.04948152;0.06;True;0.04;False;0.06;True;ERR
384;ERR;ERR;0.01;True;ERR;ERR;ERR;ERR;ERR;0.07;True;0.06;True;0.04;True;ERR
385;0.01;True;0.01;False;0.01;False;1.0;False;0.00029911999999998606;0.05;False;0.04;False;0.04;False;ERR
386;0.02;True;0.0;False;0.02;False;1.08;False;0.00030767999999992135;0.07;False;0.04;False;0.04;False;ERR
387;0.01;True;0.01;False;0.01;False;ERR;ERR;ERR;0.07;False;0.07;False;0.05;False;ERR
388;0.01;True;0.01;False;0.01;False;0.95;False;0.0002897900000000675;0.06;False;0.04;False;0.01;False;ERR
389;0.01;True;0.01;True;ERR;ERR;1.06;True;0.27472998400000004;0.05;True;0.05;False;0.03;True;ERR
390;ERR;ERR;0.01;False;ERR;ERR;ERR;ERR;ERR;0.07;False;0.05;False;0.04;False;ERR
391;0.01;True;0.01;False;0.01;False;ERR;ERR;ERR;0.04;False;0.06;False;0.04;False;ERR
392;0.01;True;0.0;False;0.01;False;1.02;False;0.00032236100000004875;0.06;False;0.05;False;0.05;False;ERR
393;0.01;True;0.02;False;0.01;False;1.09;False;0.00026266000000008116;0.05;False;0.03;False;0.05;False;ERR
394;0.01;True;0.01;True;ERR;ERR;1.09;True;0.291658651;0.07;True;0.05;False;0.05;True;ERR
395;0.0;True;0.0;False;0.0;False;0.99;False;0.0003054799999999691;0.07;False;0.03;False;0.03;False;ERR
396;0.02;True;0.02;False;0.01;False;ERR;ERR;ERR;0.06;False;0.05;False;0.04;False;ERR
397;0.02;True;0.01;True;ERR;ERR;0.12;False;0.069021259;0.05;True;0.04;False;0.03;True;ERR
398;0.02;True;0.01;False;0.01;False;ERR;ERR;ERR;0.06;False;0.03;False;0.05;False;ERR
399;0.01;True;0.02;False;0.02;False;0.43;False;0.333311113;0.06;False;0.08;False;0.05;False;ERR
400;0.01;True;TO;TO;0.01;False;ERR;ERR;ERR;TO;TO;0.24;False;TO;TO;ERR
401;ERR;ERR;0.02;False;0.01;False;0.03;False;4.4830000000002646e-05;0.07;False;0.05;False;0.04;False;ERR
402;0.01;True;0.01;True;ERR;ERR;0.65;True;0.244964625;0.07;True;0.04;False;0.04;True;ERR
403;ERR;ERR;0.01;False;ERR;ERR;ERR;ERR;ERR;0.07;False;0.08;False;0.06;False;ERR
404;0.01;True;0.02;True;ERR;ERR;1.43;True;0.292191022;0.06;True;0.03;False;0.03;True;ERR
405;0.01;True;0.01;True;ERR;ERR;1.21;True;0.263117413;0.07;True;0.06;False;0.04;True;ERR
406;0.01;True;0.0;False;0.02;False;0.09;False;7.23499999999988e-05;0.05;False;0.04;False;0.03;False;ERR
407;0.02;True;0.01;True;ERR;ERR;0.34;True;0.277366097;0.06;True;0.09;False;0.08;True;ERR
408;0.01;True;0.01;True;ERR;ERR;0.94;True;0.22546723599999996;0.06;True;0.04;False;0.03;True;ERR
409;0.01;True;7.51;False;15.51;False;ERR;ERR;ERR;0.89;False;0.1;False;19.22;False;ERR
410;0.02;True;0.01;True;ERR;ERR;0.14;True;0.093442943;0.08;True;0.05;False;0.05;True;ERR
411;0.02;True;0.01;True;ERR;ERR;1.46;True;0.308184229;0.07;True;0.04;False;0.04;True;ERR
412;0.01;True;0.01;True;ERR;ERR;1.11;True;0.28723693699999997;0.07;True;0.03;False;0.05;True;ERR
413;0.01;True;0.02;False;0.01;False;0.45;False;0.32594307499999997;0.05;False;0.06;False;0.04;False;ERR
414;0.01;True;0.0;True;ERR;ERR;0.64;True;0.38238822299999997;0.07;True;0.12;False;0.06;True;ERR
415;0.01;True;0.01;False;0.01;False;0.59;False;0.512590212;0.06;False;0.07;False;0.03;False;ERR
416;0.02;True;0.02;False;0.01;False;ERR;ERR;ERR;0.06;False;0.05;False;0.03;False;ERR
417;0.02;True;0.01;True;ERR;ERR;0.75;True;0.23343161300000004;0.07;True;0.04;False;0.05;True;ERR
418;0.02;True;0.02;False;0.01;False;0.08;False;7.600000000000662e-05;0.06;False;0.04;False;0.04;False;ERR
419;0.01;True;0.02;True;ERR;ERR;1.06;True;0.277275807;0.07;True;0.06;False;0.05;True;ERR
420;0.01;True;0.02;True;ERR;ERR;0.15;True;0.121738782;0.08;True;0.03;False;ERR;ERR;ERR
421;0.02;True;0.01;True;ERR;ERR;0.13;True;0.089291499;0.05;True;0.04;False;0.03;True;ERR
422;0.02;True;0.01;False;0.01;False;ERR;ERR;ERR;0.06;False;ERR;ERR;0.04;False;ERR
423;0.01;True;0.01;True;ERR;ERR;0.19;True;0.1201524;0.08;True;0.05;False;0.03;True;ERR
424;0.02;True;0.01;False;0.01;False;1.25;False;0.24821522799999995;0.06;False;0.05;False;0.03;False;ERR
425;0.01;True;0.02;True;ERR;ERR;1.38;True;0.294189504;0.08;True;0.04;False;0.04;True;ERR
426;0.02;True;0.01;True;ERR;ERR;5.8;True;0.5158076149999999;0.05;True;0.07;False;0.04;True;ERR
427;ERR;ERR;0.01;True;ERR;ERR;ERR;ERR;ERR;0.06;True;0.08;True;0.03;True;ERR
428;0.01;True;0.02;False;0.01;False;0.41;False;0.315528946;0.07;False;0.07;False;0.04;False;ERR
429;0.01;True;0.01;False;0.01;False;ERR;ERR;ERR;0.07;False;0.04;False;0.05;False;ERR
430;0.01;True;0.01;True;ERR;ERR;0.33;True;0.263808653;0.06;True;0.06;False;0.04;True;ERR
431;0.01;True;0.01;True;ERR;ERR;0.52;True;0.254237135;0.06;True;0.03;False;0.03;True;ERR
432;ERR;ERR;0.0;False;ERR;ERR;ERR;ERR;ERR;0.06;False;0.04;False;ERR;ERR;ERR
433;ERR;ERR;0.01;False;0.0;False;0.04;False;1.8090000000005324e-05;0.07;False;0.04;False;0.03;False;ERR
434;0.01;True;0.0;True;ERR;ERR;1.39;True;0.27696500599999985;0.07;True;0.06;False;0.03;True;ERR
435;0.01;True;0.01;False;0.01;False;0.09;False;7.445100000000315e-05;0.07;False;0.05;False;0.04;False;ERR
436;0.0;True;0.02;False;0.02;False;0.42;False;0.327916157;0.06;False;0.07;False;0.05;False;ERR
437;0.01;True;0.01;True;ERR;ERR;0.15;True;0.107409177;0.06;True;0.04;False;0.04;True;ERR
438;0.01;True;TO;TO;0.01;False;ERR;ERR;ERR;ERR;ERR;0.96;False;TO;TO;ERR
439;ERR;ERR;0.01;False;0.02;False;0.03;False;1.8360000000001986e-05;0.07;False;0.06;False;0.04;False;ERR
440;0.02;True;TO;TO;0.02;False;TO;TO;TO;TO;TO;TO;TO;TO;TO;ERR
441;0.01;True;0.01;False;0.01;False;0.36;False;0.284703284;0.06;False;0.08;False;0.05;False;ERR
442;0.01;True;0.01;True;ERR;ERR;1.4;True;0.29127410100000006;0.05;True;0.04;False;0.03;True;ERR
443;0.01;True;0.0;True;ERR;ERR;1.44;True;0.307554588;0.07;True;0.05;False;0.04;True;ERR
444;0.01;True;0.01;True;ERR;ERR;0.15;True;0.103829093;0.06;True;0.04;False;0.05;True;ERR
445;0.02;True;0.01;True;ERR;ERR;0.12;True;0.093079073;0.06;True;0.04;False;0.05;True;ERR
446;ERR;ERR;0.01;True;0.01;True;ERR;ERR;ERR;ERR;ERR;0.06;False;0.03;True;ERR
447;ERR;ERR;TO;TO;0.34;False;ERR;ERR;ERR;ERR;ERR;0.77;False;0.51;False;ERR
448;0.01;True;0.01;True;ERR;ERR;1.09;True;0.29901678900000006;0.06;True;0.04;False;0.03;True;ERR
449;0.0;True;TO;TO;0.02;False;0.64;False;0.526162946;TO;TO;TO;TO;TO;TO;ERR
450;0.02;True;0.02;False;0.01;False;ERR;ERR;ERR;0.07;False;0.07;False;0.04;False;ERR
451;0.01;True;0.0;False;0.02;False;ERR;ERR;ERR;0.06;False;0.04;False;0.04;False;ERR
452;0.01;True;0.0;True;ERR;ERR;0.96;True;0.26125373099999993;0.06;True;0.04;False;0.04;True;ERR
453;0.02;True;0.01;False;0.0;False;0.98;False;0.0002620309999999959;0.06;False;0.04;False;0.04;False;ERR
454;0.02;True;0.0;False;0.01;False;1.0;False;0.0002982499999999444;0.05;False;0.04;False;0.05;False;ERR
455;0.01;True;0.01;False;0.01;False;1.18;False;0.00039730000000004484;0.07;False;0.03;False;0.04;False;ERR
456;0.01;True;0.0;False;0.01;False;1.02;False;0.00030542100000008343;0.07;False;0.03;False;0.03;False;ERR
457;0.01;True;0.01;True;ERR;ERR;1.07;True;0.2635458439999999;0.07;True;0.05;False;0.02;True;ERR
458;ERR;ERR;0.01;False;ERR;ERR;ERR;ERR;ERR;0.07;False;0.06;False;0.04;False;ERR
459;0.01;True;0.01;True;ERR;ERR;1.39;True;0.281153431;0.06;True;0.04;False;0.04;True;ERR
460;0.0;True;0.01;False;0.01;False;0.1;False;6.88200000000111e-05;0.07;False;0.03;False;0.04;False;ERR
461;0.02;True;0.01;True;ERR;ERR;1.36;True;0.2809236909999999;0.06;True;0.03;False;0.05;True;ERR
462;ERR;ERR;0.0;True;ERR;ERR;0.16;True;0.111495792;0.06;True;0.05;False;0.05;True;ERR
463;0.01;True;0.01;False;0.01;False;ERR;ERR;ERR;0.08;False;0.05;False;0.04;False;ERR
464;ERR;ERR;0.02;False;ERR;ERR;ERR;ERR;ERR;0.06;False;0.08;False;0.05;False;ERR
465;0.02;True;0.02;False;0.01;False;0.96;False;0.0002784599999999804;0.06;False;0.04;False;0.04;False;ERR
466;0.02;True;TO;TO;0.01;False;ERR;ERR;ERR;TO;TO;ERR;ERR;4.13;False;ERR
467;0.01;True;0.0;True;ERR;ERR;1.12;True;0.26366204400000004;0.06;True;0.06;False;0.04;True;ERR
468;ERR;ERR;0.01;False;ERR;ERR;ERR;ERR;ERR;0.06;False;0.06;False;0.05;False;ERR
469;0.01;True;0.01;True;ERR;ERR;0.07;False;0.03675869699999999;0.06;True;0.04;False;0.03;True;ERR
470;ERR;ERR;0.01;True;ERR;ERR;ERR;ERR;ERR;0.07;True;0.06;True;0.06;True;ERR
471;0.0;True;0.01;True;ERR;ERR;1.27;True;0.2736829740000001;0.06;True;0.05;False;0.04;True;ERR
472;0.02;True;0.01;True;ERR;ERR;1.11;True;0.26219991200000003;0.06;True;0.06;False;0.04;True;ERR
473;ERR;ERR;0.01;False;ERR;ERR;ERR;ERR;ERR;0.07;False;0.05;False;0.06;False;ERR
474;0.01;True;0.02;True;ERR;ERR;0.76;True;0.27395402399999996;0.06;True;0.03;False;0.04;True;ERR
475;0.01;True;0.01;True;ERR;ERR;1.29;True;0.29966707000000015;0.06;True;0.03;False;0.04;True;ERR
476;ERR;ERR;0.02;False;ERR;ERR;ERR;ERR;ERR;0.06;False;0.05;False;0.04;False;ERR
477;ERR;ERR;0.0;False;ERR;ERR;ERR;ERR;ERR;0.07;False;0.07;False;0.05;False;ERR
478;ERR;ERR;0.0;False;ERR;ERR;ERR;ERR;ERR;0.07;False;0.03;False;0.04;False;ERR
479;0.01;True;0.01;True;ERR;ERR;0.53;True;0.227932297;0.06;True;0.04;False;0.03;True;ERR
480;0.01;True;0.01;True;ERR;ERR;0.16;True;0.113996674;0.06;True;0.05;False;0.04;True;ERR
481;0.01;True;0.01;False;0.01;False;1.1;False;0.00030343100000007617;0.07;False;0.04;False;0.06;False;ERR
482;0.01;True;0.01;True;ERR;ERR;0.92;True;0.27918820899999996;0.07;True;0.07;False;0.05;True;ERR
483;0.0;True;0.01;True;ERR;ERR;0.06;False;0.039194459;0.06;True;0.04;False;0.05;True;ERR
484;0.01;True;TO;TO;TO;TO;0.22;False;0.17059393099999998;TO;TO;TO;TO;TO;TO;ERR
485;0.01;True;0.0;False;0.01;False;0.97;False;0.00029117000000000726;0.06;False;0.04;False;0.04;False;ERR
486;0.0;True;0.0;True;ERR;ERR;1.38;True;0.2920574819999999;0.07;True;0.05;False;0.04;True;ERR
487;0.02;True;0.01;True;ERR;ERR;0.16;True;0.127139067;0.06;True;0.03;False;0.05;True;ERR
488;0.01;True;0.01;False;0.01;False;0.21;False;0.167862087;0.05;False;0.08;False;0.05;False;ERR
489;0.02;True;0.01;True;ERR;ERR;1.67;True;0.29327604399999996;0.06;True;0.05;False;0.03;True;ERR
490;0.01;True;0.01;True;ERR;ERR;0.54;True;0.254377424;0.05;True;0.05;False;0.03;True;ERR
491;0.01;True;0.01;True;ERR;ERR;0.07;False;0.039622229;0.06;True;0.03;False;0.04;True;ERR
492;0.02;True;0.0;True;ERR;ERR;0.08;False;0.03909592900000001;0.06;True;0.05;False;0.05;True;ERR
493;0.01;True;0.01;False;0.02;False;ERR;ERR;ERR;0.06;False;0.05;False;0.06;False;ERR
494;0.01;True;0.01;False;0.02;False;ERR;ERR;ERR;0.07;False;0.03;False;0.03;False;ERR
495;0.01;True;0.01;True;ERR;ERR;0.09;False;0.047732937999999996;0.06;True;0.03;False;0.04;True;ERR
496;ERR;ERR;0.01;True;ERR;ERR;ERR;ERR;ERR;0.06;True;0.05;False;0.04;True;ERR
497;ERR;ERR;0.01;False;0.01;False;0.1;False;0.07046331;0.06;False;0.05;False;0.03;False;ERR
498;0.01;True;0.38;False;0.02;False;ERR;ERR;ERR;0.08;False;0.09;False;1.23;False;ERR
499;ERR;ERR;0.01;True;ERR;ERR;ERR;ERR;ERR;0.05;True;0.05;True;0.04;True;ERR
500;0.01;True;0.01;False;0.01;False;1.18;False;0.24449872399999995;0.07;False;0.05;False;0.05;False;ERR
501;0.02;True;0.01;True;ERR;ERR;1.29;True;0.2854825149999999;0.05;True;0.04;False;0.03;True;ERR
502;0.01;True;0.01;True;ERR;ERR;0.36;True;0.294167214;0.06;True;0.12;False;0.04;True;ERR
503;0.01;True;0.0;False;0.01;False;ERR;ERR;ERR;0.06;False;0.02;False;0.02;False;ERR
504;0.01;True;0.0;True;ERR;ERR;0.62;True;0.28735512799999996;0.07;True;0.04;False;0.02;True;ERR
505;0.02;True;0.01;True;ERR;ERR;0.07;False;0.038627908;0.06;True;0.05;False;0.04;True;ERR
506;0.02;True;0.0;True;ERR;ERR;1.01;True;0.278452418;0.06;True;0.05;False;0.04;True;ERR
507;ERR;ERR;0.01;False;0.0;False;0.04;False;1.8789999999997697e-05;0.05;False;0.03;False;0.03;False;ERR
508;0.01;True;0.01;True;ERR;ERR;1.23;True;0.25719051699999995;0.05;True;0.03;False;0.03;True;ERR
509;0.01;True;0.01;True;ERR;ERR;ERR;ERR;ERR;0.06;True;0.04;False;0.04;True;ERR
510;ERR;ERR;0.01;False;ERR;ERR;ERR;ERR;ERR;0.06;False;0.06;False;0.06;False;ERR
511;0.01;True;0.01;False;0.01;False;0.24;False;0.18985244899999998;0.05;False;0.05;False;0.04;False;ERR
512;0.01;True;0.0;False;0.0;False;0.85;False;0.0002651500000000473;0.05;False;0.04;False;0.02;False;ERR
513;0.01;True;44.22;False;0.02;False;ERR;ERR;ERR;2.26;False;4.16;False;6.75;False;ERR
514;0.02;True;0.01;False;0.01;False;ERR;ERR;ERR;0.07;False;0.07;False;0.04;False;ERR
515;0.01;True;0.01;True;ERR;ERR;1.42;True;0.34686810700000004;0.07;True;0.04;False;0.02;True;ERR
516;0.01;True;0.01;True;ERR;ERR;1.32;True;0.2868553770000001;0.06;True;0.04;False;0.03;True;ERR
517;0.01;True;0.49;False;0.01;False;ERR;ERR;ERR;0.1;False;0.08;False;1.48;False;ERR
518;0.01;True;0.01;True;ERR;ERR;0.14;True;0.096451347;0.07;True;0.03;False;0.04;True;ERR
519;0.01;True;0.01;True;ERR;ERR;1.28;True;0.259301519;0.06;True;0.08;False;0.04;True;ERR
520;ERR;ERR;0.01;True;ERR;ERR;ERR;ERR;ERR;0.29;False;0.03;True;0.04;True;ERR
521;0.01;True;0.01;True;ERR;ERR;1.48;True;0.28969291900000005;0.05;True;0.04;False;0.03;True;ERR
522;0.02;True;0.01;True;ERR;ERR;0.93;True;0.27289315299999994;0.06;True;0.06;False;0.04;True;ERR
523;ERR;ERR;0.01;False;ERR;ERR;ERR;ERR;ERR;0.07;False;0.04;False;0.04;False;ERR
524;ERR;ERR;0.01;False;0.0;False;ERR;ERR;ERR;0.05;False;0.06;False;0.06;False;ERR
525;ERR;ERR;0.01;False;0.02;False;ERR;ERR;ERR;0.06;False;0.06;False;0.05;False;ERR
526;0.01;True;0.04;False;0.01;False;10.34;False;0.2749899849999995;ERR;ERR;ERR;ERR;ERR;ERR;ERR
527;0.01;True;0.01;True;0.02;True;ERR;ERR;ERR;0.06;True;0.04;False;0.04;True;ERR
528;0.0;True;0.0;True;0.02;True;ERR;ERR;ERR;0.06;True;0.03;False;0.03;True;ERR
529;ERR;ERR;0.01;True;0.01;True;ERR;ERR;ERR;0.04;True;0.05;True;0.04;True;ERR
530;0.01;True;0.01;True;0.01;True;ERR;ERR;ERR;0.06;True;0.07;False;0.05;True;ERR
531;0.0;True;0.01;True;0.01;True;ERR;ERR;ERR;0.06;True;0.03;False;0.03;True;ERR
532;0.01;True;0.01;True;0.01;True;ERR;ERR;ERR;0.07;True;0.06;False;0.04;True;ERR
533;0.01;True;0.01;True;0.01;True;ERR;ERR;ERR;0.06;True;0.05;False;0.04;True;ERR
534;ERR;ERR;1.18;False;1.65;False;ERR;ERR;ERR;0.23;False;0.05;False;2.35;False;ERR
535;ERR;ERR;0.01;False;0.0;False;ERR;ERR;ERR;0.06;False;0.06;False;0.04;False;ERR
536;ERR;ERR;0.0;False;0.02;False;ERR;ERR;ERR;0.04;False;0.06;False;0.05;False;ERR
537;ERR;ERR;0.01;False;0.01;False;ERR;ERR;ERR;0.06;False;0.06;False;0.04;False;ERR
538;ERR;ERR;0.01;True;0.0;True;ERR;ERR;ERR;ERR;ERR;ERR;ERR;ERR;ERR;ERR
539;ERR;ERR;0.01;False;0.02;False;ERR;ERR;ERR;0.07;False;0.08;False;0.07;False;ERR
540;0.01;True;0.01;True;0.01;True;0.06;False;0.02960141;ERR;ERR;ERR;ERR;ERR;ERR;ERR
541;ERR;ERR;0.01;False;0.01;False;ERR;ERR;ERR;0.06;False;0.04;False;0.04;False;ERR
542;0.01;True;0.01;True;0.01;True;ERR;ERR;ERR;0.07;True;0.07;False;0.04;True;ERR
543;ERR;ERR;0.01;True;0.01;True;ERR;ERR;ERR;ERR;ERR;ERR;ERR;ERR;ERR;ERR
544;ERR;ERR;0.01;False;0.01;False;ERR;ERR;ERR;0.05;False;0.08;False;0.06;False;ERR
545;ERR;ERR;0.0;False;0.01;False;ERR;ERR;ERR;0.07;False;0.04;False;0.03;False;ERR
546;ERR;ERR;0.01;False;0.0;False;ERR;ERR;ERR;0.07;False;0.08;False;0.05;False;ERR
547;0.02;True;0.01;True;0.01;True;ERR;ERR;ERR;0.06;True;0.05;False;0.03;True;ERR
548;ERR;ERR;0.83;False;1.1;False;ERR;ERR;ERR;0.16;False;0.07;False;1.6;False;ERR
549;0.02;True;0.01;True;0.02;True;ERR;ERR;ERR;0.06;True;0.03;False;0.04;True;ERR
550;0.02;True;0.01;True;0.01;True;ERR;ERR;ERR;0.05;True;0.04;False;0.04;True;ERR
551;ERR;ERR;1.35;False;1.76;False;ERR;ERR;ERR;0.23;False;0.05;False;2.82;False;ERR
552;ERR;ERR;0.01;False;0.01;False;ERR;ERR;ERR;0.07;False;0.06;False;0.04;False;ERR
553;ERR;ERR;0.0;False;0.01;False;ERR;ERR;ERR;0.07;False;0.05;False;0.05;False;ERR
554;ERR;ERR;1.21;False;2.61;False;ERR;ERR;ERR;0.23;False;0.04;False;2.78;False;ERR
555;ERR;ERR;0.0;False;0.01;False;ERR;ERR;ERR;0.05;False;0.07;False;0.05;False;ERR
556;0.01;True;0.01;True;0.0;True;ERR;ERR;ERR;0.05;True;0.05;False;0.03;True;ERR
557;ERR;ERR;0.01;False;0.01;False;ERR;ERR;ERR;0.06;False;0.04;False;0.04;False;ERR
558;ERR;ERR;0.01;False;0.01;False;ERR;ERR;ERR;ERR;ERR;ERR;ERR;ERR;ERR;ERR
559;0.01;True;0.01;True;0.02;True;ERR;ERR;ERR;0.06;True;ERR;ERR;0.02;True;ERR
560;ERR;ERR;0.02;False;0.01;False;ERR;ERR;ERR;0.06;False;0.06;False;0.04;False;ERR
561;0.01;True;0.01;True;0.01;True;ERR;ERR;ERR;0.07;True;0.04;False;0.04;True;ERR
562;0.01;True;0.01;True;0.01;True;ERR;ERR;ERR;0.05;True;0.05;False;0.04;True;ERR
563;ERR;ERR;0.01;False;0.02;False;ERR;ERR;ERR;0.06;False;0.06;False;0.06;False;ERR
564;ERR;ERR;0.0;False;0.02;False;ERR;ERR;ERR;0.07;False;0.05;False;0.04;False;ERR
565;ERR;ERR;1.33;False;1.76;False;ERR;ERR;ERR;0.22;False;0.05;False;2.77;False;ERR
566;ERR;ERR;0.0;False;0.01;False;ERR;ERR;ERR;0.06;False;0.06;False;0.04;False;ERR
567;0.01;True;0.01;True;0.01;True;ERR;ERR;ERR;0.06;True;0.04;False;0.02;True;ERR
568;ERR;ERR;0.01;False;0.01;False;ERR;ERR;ERR;0.07;False;0.05;False;0.04;False;ERR
569;0.01;True;0.01;True;0.01;True;ERR;ERR;ERR;0.06;True;0.06;False;0.03;True;ERR
570;0.02;True;0.0;True;0.01;True;ERR;ERR;ERR;0.06;True;0.05;False;0.03;True;ERR
571;ERR;ERR;0.02;False;0.01;False;ERR;ERR;ERR;0.06;False;0.06;False;0.05;False;ERR
572;0.01;True;0.01;True;0.01;True;ERR;ERR;ERR;0.05;True;0.06;False;0.04;True;ERR
573;ERR;ERR;0.01;False;0.01;False;ERR;ERR;ERR;0.07;False;0.05;False;0.04;False;ERR
574;0.01;True;1.39;False;0.0;False;ERR;ERR;ERR;0.36;False;0.07;False;4.68;False;ERR
575;ERR;ERR;0.01;False;0.01;False;ERR;ERR;ERR;0.05;False;0.06;False;0.05;False;ERR
576;ERR;ERR;0.0;False;0.01;False;ERR;ERR;ERR;0.06;False;0.06;False;0.05;False;ERR
577;0.01;True;0.01;True;0.01;True;ERR;ERR;ERR;0.05;True;0.11;False;0.04;True;ERR
578;ERR;ERR;0.02;False;0.0;False;ERR;ERR;ERR;0.07;False;0.07;False;0.05;False;ERR
579;ERR;ERR;0.01;False;0.01;False;ERR;ERR;ERR;0.07;False;0.1;False;0.08;False;ERR
580;0.02;True;0.01;True;0.01;True;ERR;ERR;ERR;0.07;True;0.05;False;0.04;True;ERR
581;0.01;True;0.0;True;0.02;True;ERR;ERR;ERR;0.06;True;0.07;False;0.03;True;ERR
582;ERR;ERR;0.01;False;0.01;False;ERR;ERR;ERR;0.05;False;0.07;False;0.05;False;ERR
583;ERR;ERR;0.01;False;0.01;False;ERR;ERR;ERR;0.06;False;0.05;False;0.04;False;ERR
584;ERR;ERR;0.01;False;0.01;False;ERR;ERR;ERR;0.05;False;0.06;False;0.04;False;ERR
585;0.02;True;0.0;True;0.01;True;ERR;ERR;ERR;0.08;True;0.11;False;0.04;True;ERR
586;ERR;ERR;0.02;False;0.01;False;ERR;ERR;ERR;0.06;False;0.07;False;0.06;False;ERR
587;ERR;ERR;0.01;False;0.01;False;ERR;ERR;ERR;0.08;False;0.06;False;0.04;False;ERR
588;0.02;True;1.07;False;0.02;False;7.43;False;0.17402154400000036;ERR;ERR;ERR;ERR;ERR;ERR;ERR
589;ERR;ERR;0.01;False;0.02;False;ERR;ERR;ERR;0.05;False;0.06;False;0.05;False;ERR
590;0.01;True;0.01;True;0.01;True;ERR;ERR;ERR;0.07;True;0.03;False;0.04;True;ERR
591;ERR;ERR;0.02;False;0.02;False;ERR;ERR;ERR;0.09;False;0.04;False;0.05;False;ERR
592;0.01;True;0.01;True;0.01;True;ERR;ERR;ERR;0.08;True;0.05;False;0.05;True;ERR
593;0.01;True;0.01;True;0.02;True;ERR;ERR;ERR;0.07;True;0.06;False;0.04;True;ERR
594;0.02;True;0.0;True;0.01;True;ERR;ERR;ERR;0.07;True;0.05;False;0.04;True;ERR
595;ERR;ERR;TO;TO;0.01;False;ERR;ERR;ERR;TO;TO;2.4;False;TO;TO;ERR
596;ERR;ERR;0.91;False;1.46;False;ERR;ERR;ERR;0.2;False;0.09;False;2.08;False;ERR
597;0.02;True;0.01;True;0.02;True;ERR;ERR;ERR;0.07;True;0.07;False;0.04;True;ERR
598;0.01;True;0.01;True;0.01;True;ERR;ERR;ERR;0.06;True;0.12;False;0.05;True;ERR
599;ERR;ERR;3.3;False;4.49;False;ERR;ERR;ERR;ERR;ERR;ERR;ERR;ERR;ERR;ERR
600;ERR;ERR;0.01;True;0.01;True;ERR;ERR;ERR;ERR;ERR;ERR;ERR;ERR;ERR;ERR
601;ERR;ERR;1.81;False;0.01;False;ERR;ERR;ERR;0.41;False;0.06;False;3.52;False;ERR
602;ERR;ERR;0.01;True;0.01;True;ERR;ERR;ERR;0.06;True;0.04;True;0.03;True;ERR
603;0.01;True;0.01;True;0.0;True;ERR;ERR;ERR;0.05;True;0.03;False;0.04;True;ERR
604;ERR;ERR;0.0;False;0.01;False;ERR;ERR;ERR;0.06;False;0.06;False;0.04;False;ERR
605;0.0;True;0.0;True;0.01;True;ERR;ERR;ERR;0.05;True;0.05;False;0.04;True;ERR
606;0.01;True;0.0;True;0.01;True;ERR;ERR;ERR;0.07;True;0.05;False;0.04;True;ERR
607;0.01;True;0.01;True;0.01;True;ERR;ERR;ERR;0.05;True;0.05;False;0.03;True;ERR
608;ERR;ERR;1.19;False;2.61;False;ERR;ERR;ERR;0.22;False;0.07;False;2.85;False;ERR
609;ERR;ERR;0.01;False;0.01;False;ERR;ERR;ERR;0.07;False;0.06;False;0.03;False;ERR
610;ERR;ERR;0.0;False;0.01;False;ERR;ERR;ERR;0.05;False;0.06;False;0.05;False;ERR
611;0.01;True;0.01;True;0.0;True;ERR;ERR;ERR;0.05;True;0.07;False;0.03;True;ERR
612;ERR;ERR;0.01;False;0.01;False;ERR;ERR;ERR;0.05;False;0.06;False;0.06;False;ERR
613;ERR;ERR;0.0;False;0.01;False;ERR;ERR;ERR;0.05;False;0.05;False;0.05;False;ERR
614;0.01;True;0.01;True;0.01;True;ERR;ERR;ERR;0.07;True;0.03;False;0.03;True;ERR
615;0.01;True;0.01;True;0.0;True;ERR;ERR;ERR;ERR;ERR;ERR;ERR;ERR;ERR;ERR
616;ERR;ERR;1.27;False;2.96;False;ERR;ERR;ERR;0.23;False;0.04;False;2.79;False;ERR
617;0.02;True;0.09;False;0.01;False;ERR;ERR;ERR;0.16;False;0.19;False;1.04;False;ERR
618;ERR;ERR;0.01;False;0.01;False;ERR;ERR;ERR;0.06;False;0.04;False;0.04;False;ERR
619;ERR;ERR;0.01;False;0.01;False;ERR;ERR;ERR;0.07;False;0.06;False;0.05;False;ERR
620;ERR;ERR;0.02;False;0.01;False;ERR;ERR;ERR;0.05;False;0.07;False;0.05;False;ERR
621;0.01;True;0.01;True;0.01;True;ERR;ERR;ERR;0.06;True;0.09;False;0.03;True;ERR
622;0.01;True;0.01;True;0.01;True;ERR;ERR;ERR;0.06;True;0.08;False;0.05;True;ERR
623;ERR;ERR;0.01;False;0.01;False;ERR;ERR;ERR;0.07;False;0.06;False;0.04;False;ERR
624;0.0;True;0.01;True;0.01;True;ERR;ERR;ERR;0.06;True;0.09;False;0.05;True;ERR
625;0.01;True;0.01;True;0.01;True;ERR;ERR;ERR;0.06;True;0.04;False;0.04;True;ERR
626;0.01;True;TO;TO;0.01;False;ERR;ERR;ERR;TO;TO;2.68;False;TO;TO;ERR
627;ERR;ERR;0.01;False;0.01;False;ERR;ERR;ERR;0.07;False;0.1;False;0.05;False;ERR
628;ERR;ERR;0.01;False;0.02;False;ERR;ERR;ERR;0.06;False;0.08;False;0.06;False;ERR
629;0.01;True;0.0;True;0.01;True;ERR;ERR;ERR;0.05;True;0.05;False;0.04;True;ERR
630;0.01;True;0.01;True;0.01;True;ERR;ERR;ERR;0.06;True;0.06;False;0.04;True;ERR
631;0.02;True;0.0;True;0.01;True;ERR;ERR;ERR;0.06;True;0.04;False;0.04;True;ERR
632;ERR;ERR;0.01;False;0.01;False;ERR;ERR;ERR;0.05;False;0.06;False;0.05;False;ERR
633;0.01;True;0.01;True;0.01;True;ERR;ERR;ERR;0.05;True;0.04;False;0.05;True;ERR
634;ERR;ERR;0.01;False;0.01;False;ERR;ERR;ERR;0.06;False;0.05;False;0.04;False;ERR
635;0.01;True;0.07;False;0.01;False;7.9;False;0.2905065999999996;ERR;ERR;ERR;ERR;ERR;ERR;ERR
636;ERR;ERR;0.01;False;0.01;False;ERR;ERR;ERR;0.06;False;0.05;False;0.04;False;ERR
637;ERR;ERR;0.01;False;0.02;False;ERR;ERR;ERR;0.07;False;0.06;False;0.06;False;ERR
638;ERR;ERR;0.01;True;0.02;True;ERR;ERR;ERR;0.06;True;0.07;True;0.04;True;ERR
639;ERR;ERR;0.02;False;0.01;False;ERR;ERR;ERR;0.06;False;0.09;False;0.06;False;ERR
640;ERR;ERR;1.33;False;2.66;False;ERR;ERR;ERR;0.21;False;0.04;False;2.79;False;ERR
641;ERR;ERR;0.01;True;0.01;True;ERR;ERR;ERR;0.06;True;0.05;False;0.04;True;ERR
642;0.01;True;0.01;True;0.01;True;ERR;ERR;ERR;0.07;True;ERR;ERR;0.03;True;ERR
643;ERR;ERR;0.01;False;0.01;False;ERR;ERR;ERR;0.07;False;0.04;False;0.04;False;ERR
644;0.0;True;0.0;True;0.01;True;ERR;ERR;ERR;0.07;True;0.06;False;0.04;True;ERR
645;ERR;ERR;1.33;False;2.65;False;ERR;ERR;ERR;0.24;False;0.05;False;2.84;False;ERR
646;ERR;ERR;0.01;False;0.01;False;ERR;ERR;ERR;ERR;ERR;ERR;ERR;ERR;ERR;ERR
647;ERR;ERR;1.32;False;2.65;False;ERR;ERR;ERR;0.23;False;0.05;False;2.79;False;ERR
648;0.02;True;0.01;True;0.01;True;ERR;ERR;ERR;0.06;True;0.06;False;0.04;True;ERR
649;ERR;ERR;0.01;True;0.01;True;ERR;ERR;ERR;0.06;True;0.06;False;0.04;True;ERR
650;ERR;ERR;0.01;False;0.01;False;ERR;ERR;ERR;0.05;False;0.07;False;0.04;False;ERR
651;ERR;ERR;0.01;False;0.01;False;ERR;ERR;ERR;0.07;False;0.04;False;0.05;False;ERR
652;0.01;True;0.01;True;0.01;True;ERR;ERR;ERR;0.07;True;0.04;False;0.05;True;ERR
653;0.01;True;0.01;True;0.01;True;ERR;ERR;ERR;0.07;True;0.04;False;0.04;True;ERR
654;0.02;True;0.01;True;0.01;True;ERR;ERR;ERR;0.06;True;0.05;False;0.03;True;ERR
655;ERR;ERR;0.02;False;0.01;False;ERR;ERR;ERR;0.06;False;0.07;False;0.03;False;ERR
656;ERR;ERR;0.0;False;0.01;False;ERR;ERR;ERR;0.07;False;0.04;False;0.03;False;ERR
657;ERR;ERR;0.01;False;0.01;False;ERR;ERR;ERR;0.06;False;0.05;False;0.05;False;ERR
658;0.01;True;0.0;True;0.02;True;ERR;ERR;ERR;0.06;True;0.04;False;0.04;True;ERR
659;ERR;ERR;0.01;False;0.02;False;ERR;ERR;ERR;0.06;False;0.04;False;0.04;False;ERR
660;ERR;ERR;0.01;False;0.0;False;ERR;ERR;ERR;0.07;False;0.05;False;0.04;False;ERR
661;ERR;ERR;0.01;False;0.02;False;ERR;ERR;ERR;0.07;False;0.04;False;0.05;False;ERR
662;0.01;True;0.06;False;0.0;False;16.84;False;0.2822073920000001;ERR;ERR;ERR;ERR;ERR;ERR;ERR
663;0.01;True;0.0;True;0.01;True;ERR;ERR;ERR;0.05;True;0.03;False;0.03;True;ERR
664;ERR;ERR;0.01;False;0.02;False;ERR;ERR;ERR;0.06;False;0.04;False;0.04;False;ERR
665;ERR;ERR;0.01;False;0.01;False;ERR;ERR;ERR;0.05;False;0.08;False;0.04;False;ERR
666;0.01;True;0.0;True;0.01;True;ERR;ERR;ERR;0.06;True;0.04;False;0.04;True;ERR
667;ERR;ERR;0.01;False;0.01;False;ERR;ERR;ERR;0.06;False;0.07;False;0.05;False;ERR
668;0.01;True;0.01;True;0.01;True;ERR;ERR;ERR;0.05;True;0.05;False;0.03;True;ERR
669;ERR;ERR;0.01;True;0.02;True;ERR;ERR;ERR;0.06;True;0.07;False;0.05;True;ERR
670;0.0;True;0.0;True;0.01;True;ERR;ERR;ERR;0.07;True;0.03;False;0.04;True;ERR
671;ERR;ERR;0.01;False;0.01;False;ERR;ERR;ERR;0.06;False;0.07;False;0.03;False;ERR
672;0.01;True;0.01;True;0.01;True;ERR;ERR;ERR;0.06;True;0.06;False;0.05;True;ERR
673;ERR;ERR;1.28;False;2.62;False;ERR;ERR;ERR;0.24;False;0.04;False;2.9;False;ERR
674;ERR;ERR;0.01;False;0.01;False;ERR;ERR;ERR;0.04;False;0.07;False;0.04;False;ERR
675;ERR;ERR;0.0;True;0.01;True;ERR;ERR;ERR;0.06;True;0.04;False;0.04;True;ERR
676;0.01;True;0.01;True;0.01;True;ERR;ERR;ERR;0.06;True;0.06;False;0.05;True;ERR
677;0.02;True;0.17;False;0.01;False;ERR;ERR;ERR;ERR;ERR;ERR;ERR;ERR;ERR;ERR
678;0.01;True;0.0;True;0.01;True;ERR;ERR;ERR;0.05;True;0.03;False;0.05;True;ERR
679;0.01;True;0.01;True;0.01;True;ERR;ERR;ERR;0.04;True;0.04;False;0.04;True;ERR
680;ERR;ERR;0.01;False;0.01;False;ERR;ERR;ERR;0.06;False;0.07;False;0.06;False;ERR
681;ERR;ERR;0.01;False;0.01;False;ERR;ERR;ERR;0.06;False;0.05;False;0.04;False;ERR
682;ERR;ERR;0.01;False;0.0;False;ERR;ERR;ERR;0.06;False;0.04;False;0.04;False;ERR
683;ERR;ERR;0.0;True;0.01;True;ERR;ERR;ERR;ERR;ERR;ERR;ERR;ERR;ERR;ERR
684;ERR;ERR;0.01;False;0.01;False;ERR;ERR;ERR;0.07;False;0.07;False;0.05;False;ERR
685;0.02;True;0.01;True;0.02;True;ERR;ERR;ERR;0.06;True;0.03;False;0.04;True;ERR
686;ERR;ERR;0.01;False;0.01;False;ERR;ERR;ERR;0.06;False;0.05;False;0.05;False;ERR
687;ERR;ERR;0.01;False;0.01;False;ERR;ERR;ERR;0.05;False;0.09;False;0.04;False;ERR
688;ERR;ERR;0.01;False;0.01;False;ERR;ERR;ERR;0.06;False;0.06;False;0.05;False;ERR
689;0.01;True;0.0;True;0.01;True;ERR;ERR;ERR;0.06;True;0.04;False;0.04;True;ERR
690;0.01;True;0.0;True;0.01;True;ERR;ERR;ERR;0.06;True;0.07;False;0.04;True;ERR
691;ERR;ERR;1.34;False;1.74;False;ERR;ERR;ERR;0.26;False;0.05;False;2.8;False;ERR
692;ERR;ERR;0.01;False;0.01;False;ERR;ERR;ERR;0.05;False;0.08;False;0.06;False;ERR
693;ERR;ERR;0.01;False;0.03;False;ERR;ERR;ERR;0.07;False;0.07;False;0.03;False;ERR
694;ERR;ERR;0.8;False;1.16;False;ERR;ERR;ERR;0.15;False;0.09;False;1.66;False;ERR
695;ERR;ERR;0.02;False;0.01;False;ERR;ERR;ERR;0.06;False;0.07;False;0.05;False;ERR
696;0.02;True;0.01;True;0.01;True;ERR;ERR;ERR;0.07;True;ERR;ERR;0.03;True;ERR
697;ERR;ERR;0.01;False;0.01;False;ERR;ERR;ERR;0.06;False;0.04;False;0.05;False;ERR
698;ERR;ERR;0.01;False;0.02;False;ERR;ERR;ERR;0.06;False;0.06;False;0.04;False;ERR
699;ERR;ERR;0.02;False;0.01;False;ERR;ERR;ERR;0.06;False;0.05;False;0.03;False;ERR
700;ERR;ERR;0.01;False;0.01;False;ERR;ERR;ERR;0.06;False;0.07;False;0.05;False;ERR
701;ERR;ERR;0.01;True;0.02;True;ERR;ERR;ERR;0.07;True;0.05;True;0.04;True;ERR
702;ERR;ERR;0.01;False;0.01;False;ERR;ERR;ERR;0.07;False;0.08;False;0.03;False;ERR
703;0.02;True;0.01;True;0.0;True;ERR;ERR;ERR;0.07;True;0.07;False;0.03;True;ERR
704;ERR;ERR;0.01;False;0.02;False;ERR;ERR;ERR;0.08;False;0.13;False;0.03;False;ERR
705;0.01;True;0.01;True;0.0;True;ERR;ERR;ERR;0.07;True;0.06;False;0.05;True;ERR
706;ERR;ERR;0.01;False;0.02;False;ERR;ERR;ERR;0.08;False;0.05;False;0.05;False;ERR
707;0.01;True;0.01;True;0.0;True;ERR;ERR;ERR;0.07;True;0.06;False;0.05;True;ERR
708;0.02;True;0.01;True;0.0;True;ERR;ERR;ERR;0.08;True;0.07;False;0.03;True;ERR
709;0.01;True;0.0;False;0.01;False;0.19;False;0.13039574;ERR;ERR;ERR;ERR;ERR;ERR;ERR
710;ERR;ERR;0.01;False;0.01;False;ERR;ERR;ERR;0.07;False;0.08;False;0.05;False;ERR
711;0.01;True;0.01;True;0.02;True;ERR;ERR;ERR;0.07;True;0.06;False;0.04;True;ERR
712;0.02;True;0.01;True;0.01;True;ERR;ERR;ERR;0.06;True;0.05;False;0.05;True;ERR
713;0.01;True;TO;TO;0.02;False;ERR;ERR;ERR;ERR;ERR;ERR;ERR;ERR;ERR;ERR
714;ERR;ERR;0.0;False;0.01;False;ERR;ERR;ERR;0.07;False;0.06;False;0.05;False;ERR
715;0.01;True;0.01;True;0.02;True;ERR;ERR;ERR;0.06;True;0.05;False;0.05;True;ERR
716;0.02;True;0.01;True;0.01;True;ERR;ERR;ERR;0.07;True;0.06;False;0.04;True;ERR
717;0.0;True;0.56;False;1.19;False;0.43;False;0.11713694699999999;ERR;ERR;ERR;ERR;ERR;ERR;ERR
718;0.01;True;0.01;True;0.01;True;ERR;ERR;ERR;0.07;True;0.05;False;0.05;True;ERR
719;ERR;ERR;0.02;False;0.02;False;ERR;ERR;ERR;0.04;False;0.07;False;0.03;False;ERR
720;ERR;ERR;0.01;False;0.01;False;ERR;ERR;ERR;0.06;False;0.07;False;0.04;False;ERR
721;0.02;True;2.16;False;0.01;False;6.26;False;0.1603287499999997;0.56;False;0.13;False;8.1;False;ERR
722;ERR;ERR;0.01;True;0.01;True;ERR;ERR;ERR;0.07;True;0.07;False;0.04;True;ERR
723;ERR;ERR;0.02;False;0.01;False;ERR;ERR;ERR;ERR;ERR;ERR;ERR;ERR;ERR;ERR
724;ERR;ERR;0.01;False;0.01;False;ERR;ERR;ERR;0.05;False;0.08;False;0.05;False;ERR
725;0.02;True;0.01;True;0.01;True;ERR;ERR;ERR;0.07;True;0.07;False;0.04;True;ERR
726;0.01;True;0.01;True;0.01;True;ERR;ERR;ERR;0.05;True;0.06;False;0.04;True;ERR
727;ERR;ERR;TO;TO;0.02;False;TO;TO;TO;TO;TO;1.22;False;TO;TO;ERR
728;ERR;ERR;0.01;False;0.02;False;ERR;ERR;ERR;0.07;False;0.07;False;0.04;False;ERR
729;0.01;True;TO;TO;0.0;False;5.13;False;0.3871645670000001;TO;TO;17.46;False;TO;TO;ERR
730;0.02;True;1.66;False;0.01;False;1.01;False;0.12283849300000005;ERR;ERR;ERR;ERR;ERR;ERR;ERR
731;0.02;True;0.01;True;0.01;True;ERR;ERR;ERR;0.06;True;0.04;False;0.04;True;ERR
732;ERR;ERR;0.01;False;0.01;False;ERR;ERR;ERR;0.07;False;0.07;False;0.05;False;ERR
733;ERR;ERR;0.01;False;0.01;False;ERR;ERR;ERR;0.06;False;0.07;False;0.06;False;ERR
734;0.01;True;0.01;True;0.01;True;ERR;ERR;ERR;0.05;True;0.07;False;0.04;True;ERR
735;0.02;True;0.01;True;0.01;True;ERR;ERR;ERR;0.07;True;0.08;False;0.04;True;ERR
736;ERR;ERR;0.02;False;0.02;False;ERR;ERR;ERR;0.06;False;0.07;False;0.05;False;ERR
737;ERR;ERR;0.01;False;0.01;False;ERR;ERR;ERR;0.06;False;0.07;False;0.05;False;ERR
738;0.01;True;0.02;True;0.0;True;ERR;ERR;ERR;0.08;True;0.07;False;0.04;True;ERR
739;ERR;ERR;0.01;False;0.01;False;ERR;ERR;ERR;0.06;False;0.04;False;0.05;False;ERR
740;ERR;ERR;0.01;False;0.01;False;ERR;ERR;ERR;ERR;ERR;ERR;ERR;ERR;ERR;ERR
741;ERR;ERR;0.0;False;0.01;False;ERR;ERR;ERR;0.05;False;0.05;False;0.04;False;ERR
742;ERR;ERR;0.02;False;0.03;False;ERR;ERR;ERR;0.06;False;0.08;False;0.06;False;ERR
743;ERR;ERR;0.01;False;0.01;False;ERR;ERR;ERR;0.06;False;0.07;False;0.04;False;ERR
744;ERR;ERR;1.25;True;2.63;True;ERR;ERR;ERR;0.25;True;0.05;False;2.83;True;ERR
745;0.01;True;TO;TO;0.01;False;ERR;ERR;ERR;TO;TO;0.17;False;TO;TO;ERR
746;0.02;True;0.01;True;0.01;True;ERR;ERR;ERR;0.06;True;0.05;False;0.03;True;ERR
747;ERR;ERR;0.0;True;0.01;True;ERR;ERR;ERR;0.07;True;0.04;False;0.04;True;ERR
748;0.03;True;0.01;True;0.0;True;ERR;ERR;ERR;0.07;True;0.06;False;0.05;True;ERR
749;0.01;True;0.01;True;0.01;True;ERR;ERR;ERR;0.06;True;0.07;False;0.03;True;ERR
750;ERR;ERR;0.01;False;0.01;False;ERR;ERR;ERR;0.06;False;0.05;False;0.05;False;ERR
751;ERR;ERR;0.01;True;0.01;True;ERR;ERR;ERR;0.06;True;0.11;False;0.04;True;ERR
752;ERR;ERR;0.01;False;0.01;False;ERR;ERR;ERR;0.06;False;0.06;False;0.05;False;ERR
753;ERR;ERR;0.01;False;0.01;False;ERR;ERR;ERR;0.07;False;0.06;False;0.04;False;ERR
754;ERR;ERR;0.01;True;0.01;True;ERR;ERR;ERR;0.06;True;0.05;True;0.04;True;ERR
755;0.02;True;0.01;True;0.01;True;ERR;ERR;ERR;ERR;ERR;ERR;ERR;ERR;ERR;ERR
756;ERR;ERR;0.01;False;0.01;False;ERR;ERR;ERR;0.05;False;0.06;False;0.04;False;ERR
757;ERR;ERR;0.01;False;0.02;False;ERR;ERR;ERR;0.06;False;0.07;False;0.05;False;ERR
758;ERR;ERR;0.0;False;0.0;False;ERR;ERR;ERR;0.06;False;0.05;False;0.05;False;ERR
759;ERR;ERR;0.01;True;0.01;True;ERR;ERR;ERR;0.06;True;0.09;False;0.04;True;ERR
760;ERR;ERR;0.01;False;0.0;False;ERR;ERR;ERR;0.05;False;0.06;False;0.06;False;ERR
761;ERR;ERR;0.01;False;0.02;False;ERR;ERR;ERR;0.06;False;0.06;False;0.05;False;ERR
762;ERR;ERR;0.01;False;0.01;False;ERR;ERR;ERR;0.07;False;0.05;False;0.04;False;ERR
763;0.01;True;0.01;True;0.01;True;ERR;ERR;ERR;0.07;True;0.04;False;0.03;True;ERR
764;ERR;ERR;0.01;False;0.01;False;ERR;ERR;ERR;0.06;False;0.05;False;0.05;False;ERR
765;ERR;ERR;0.01;False;0.01;False;ERR;ERR;ERR;0.06;False;0.08;False;0.04;False;ERR
766;ERR;ERR;0.01;False;0.01;False;ERR;ERR;ERR;0.07;False;0.08;False;0.05;False;ERR
767;ERR;ERR;0.01;False;0.01;False;ERR;ERR;ERR;0.07;False;0.07;False;0.05;False;ERR
768;ERR;ERR;0.01;True;0.01;True;ERR;ERR;ERR;0.05;True;0.05;False;0.05;True;ERR
769;ERR;ERR;0.02;False;0.01;False;ERR;ERR;ERR;0.06;False;0.06;False;0.04;False;ERR
770;ERR;ERR;1.21;True;2.64;True;ERR;ERR;ERR;0.23;True;0.04;False;2.81;True;ERR
771;0.01;True;0.0;True;0.02;True;ERR;ERR;ERR;0.07;True;0.04;False;0.05;True;ERR
772;0.01;True;0.01;True;0.0;True;ERR;ERR;ERR;ERR;ERR;ERR;ERR;ERR;ERR;ERR
773;ERR;ERR;3.52;False;4.61;False;ERR;ERR;ERR;ERR;ERR;ERR;ERR;ERR;ERR;ERR
774;ERR;ERR;0.01;False;0.0;False;ERR;ERR;ERR;ERR;ERR;ERR;ERR;ERR;ERR;ERR
775;0.01;True;0.01;True;0.01;True;ERR;ERR;ERR;0.06;True;0.06;False;0.04;True;ERR
776;ERR;ERR;0.01;True;0.01;True;ERR;ERR;ERR;0.05;True;0.04;True;0.04;True;ERR
777;0.01;True;16.2;False;0.01;False;1.39;False;0.135553555;ERR;ERR;ERR;ERR;ERR;ERR;ERR
778;0.01;True;0.01;True;0.01;True;ERR;ERR;ERR;0.05;True;0.04;False;0.04;True;ERR
779;0.02;True;0.01;True;0.02;True;ERR;ERR;ERR;0.07;True;0.04;False;0.04;True;ERR
780;ERR;ERR;1.28;False;2.66;False;ERR;ERR;ERR;0.25;False;0.03;False;2.82;False;ERR
781;0.01;True;25.99;False;0.01;False;ERR;ERR;ERR;ERR;ERR;0.24;False;60.52;False;ERR
782;ERR;ERR;0.01;True;0.01;True;ERR;ERR;ERR;ERR;ERR;ERR;ERR;ERR;ERR;ERR
783;ERR;ERR;1.21;False;2.66;False;ERR;ERR;ERR;0.24;False;0.04;False;2.78;False;ERR
784;ERR;ERR;0.01;False;0.01;False;ERR;ERR;ERR;0.05;False;0.06;False;0.04;False;ERR
785;ERR;ERR;0.01;False;0.02;False;ERR;ERR;ERR;0.05;False;0.08;False;0.05;False;ERR
786;ERR;ERR;1.28;False;1.82;False;ERR;ERR;ERR;0.26;False;0.07;False;2.83;False;ERR
787;0.02;True;0.01;False;0.01;False;ERR;ERR;ERR;ERR;ERR;ERR;ERR;ERR;ERR;ERR
788;ERR;ERR;0.01;False;0.01;False;ERR;ERR;ERR;0.06;False;0.05;False;0.03;False;ERR
789;ERR;ERR;0.01;False;0.01;False;ERR;ERR;ERR;0.07;False;0.05;False;0.05;False;ERR
790;ERR;ERR;2.11;False;2.42;False;ERR;ERR;ERR;ERR;ERR;ERR;ERR;ERR;ERR;ERR
791;0.01;True;0.01;True;0.01;True;ERR;ERR;ERR;0.07;True;0.06;False;0.04;True;ERR
792;ERR;ERR;0.01;True;0.01;True;ERR;ERR;ERR;0.07;True;0.04;True;0.04;True;ERR
793;0.01;True;0.01;True;0.01;True;ERR;ERR;ERR;0.08;True;0.05;False;0.04;True;ERR
794;0.01;True;0.01;True;0.01;True;ERR;ERR;ERR;0.06;True;0.1;False;0.04;True;ERR
795;ERR;ERR;0.01;False;0.01;False;ERR;ERR;ERR;ERR;ERR;ERR;ERR;ERR;ERR;ERR
796;ERR;ERR;0.02;False;0.01;False;ERR;ERR;ERR;0.07;False;0.05;False;0.05;False;ERR
797;ERR;ERR;0.01;False;0.01;False;ERR;ERR;ERR;0.07;False;0.06;False;0.03;False;ERR
798;ERR;ERR;0.01;False;0.01;False;ERR;ERR;ERR;0.06;False;0.05;False;0.06;False;ERR
799;0.01;True;0.02;True;0.01;True;ERR;ERR;ERR;0.07;True;0.05;False;0.05;True;ERR
800;ERR;ERR;1.29;False;2.64;False;ERR;ERR;ERR;0.24;False;0.06;False;3.94;False;ERR
801;0.02;True;TO;TO;0.0;False;ERR;ERR;ERR;ERR;ERR;ERR;ERR;ERR;ERR;ERR
802;ERR;ERR;0.02;True;0.01;True;ERR;ERR;ERR;ERR;ERR;ERR;ERR;ERR;ERR;ERR
803;0.01;True;0.01;False;0.01;False;12.93;False;0.28312116300000056;ERR;ERR;ERR;ERR;ERR;ERR;ERR
804;0.01;True;0.0;True;0.01;True;ERR;ERR;ERR;0.07;True;0.05;False;0.03;True;ERR
805;ERR;ERR;0.02;False;0.01;False;ERR;ERR;ERR;0.07;False;0.07;False;0.05;False;ERR
806;ERR;ERR;0.01;False;0.01;False;ERR;ERR;ERR;ERR;ERR;ERR;ERR;ERR;ERR;ERR
807;ERR;ERR;0.01;False;0.0;False;ERR;ERR;ERR;0.07;False;0.04;False;0.04;False;ERR
808;ERR;ERR;0.01;False;0.02;False;ERR;ERR;ERR;0.05;False;0.06;False;0.04;False;ERR
809;0.01;True;0.0;True;0.01;True;ERR;ERR;ERR;0.06;True;0.05;False;0.03;True;ERR
810;ERR;ERR;0.01;False;0.02;False;ERR;ERR;ERR;ERR;ERR;ERR;ERR;ERR;ERR;ERR
811;0.02;True;0.0;True;0.02;True;ERR;ERR;ERR;0.06;True;0.04;False;0.04;True;ERR
812;ERR;ERR;1.24;False;1.68;False;ERR;ERR;ERR;0.26;False;0.08;False;2.35;False;ERR
813;ERR;ERR;0.02;False;0.01;False;ERR;ERR;ERR;0.06;False;0.04;False;0.06;False;ERR
814;0.01;True;0.0;True;0.01;True;ERR;ERR;ERR;0.05;True;0.06;False;0.04;True;ERR
815;ERR;ERR;0.02;False;0.02;False;ERR;ERR;ERR;0.07;False;0.07;False;0.04;False;ERR
816;0.01;True;0.0;True;0.01;True;ERR;ERR;ERR;0.07;True;0.05;False;0.04;True;ERR
817;0.01;True;0.0;True;0.01;True;ERR;ERR;ERR;0.06;True;0.06;False;0.03;True;ERR
818;ERR;ERR;0.0;True;0.01;True;ERR;ERR;ERR;ERR;ERR;ERR;ERR;ERR;ERR;ERR
819;ERR;ERR;0.01;False;0.01;False;ERR;ERR;ERR;0.07;False;0.06;False;0.06;False;ERR
820;ERR;ERR;0.01;False;0.01;False;ERR;ERR;ERR;ERR;ERR;ERR;ERR;ERR;ERR;ERR
821;ERR;ERR;1.09;False;1.54;False;ERR;ERR;ERR;0.22;False;0.06;False;2.33;False;ERR
822;ERR;ERR;0.01;True;0.01;True;ERR;ERR;ERR;ERR;ERR;ERR;ERR;ERR;ERR;ERR
823;ERR;ERR;0.01;False;0.01;False;ERR;ERR;ERR;0.05;False;0.04;False;0.04;False;ERR
824;ERR;ERR;0.01;False;0.01;False;ERR;ERR;ERR;0.06;False;0.05;False;0.04;False;ERR
825;ERR;ERR;0.01;True;0.01;True;ERR;ERR;ERR;0.06;True;0.06;True;0.05;True;ERR
826;ERR;ERR;0.02;False;0.01;False;ERR;ERR;ERR;0.06;False;0.06;False;0.04;False;ERR
827;ERR;ERR;0.0;False;0.0;False;ERR;ERR;ERR;0.06;False;0.04;False;0.04;False;ERR
828;0.01;True;0.01;True;0.01;True;ERR;ERR;ERR;0.05;True;0.05;False;0.04;True;ERR
829;0.01;True;0.01;True;0.01;True;ERR;ERR;ERR;0.07;True;0.05;False;0.04;True;ERR
830;0.02;True;0.0;True;0.01;True;ERR;ERR;ERR;0.06;True;0.05;False;0.04;True;ERR
831;ERR;ERR;0.01;False;0.01;False;ERR;ERR;ERR;0.07;False;0.05;False;0.05;False;ERR
832;0.02;True;0.01;True;0.01;True;ERR;ERR;ERR;0.06;True;0.05;False;0.05;True;ERR
833;0.01;True;0.01;True;0.01;True;ERR;ERR;ERR;0.06;True;0.05;False;0.05;True;ERR
834;0.01;True;0.02;True;0.01;True;ERR;ERR;ERR;0.06;True;0.05;False;0.04;True;ERR
835;ERR;ERR;0.01;False;0.01;False;ERR;ERR;ERR;0.06;False;0.04;False;0.04;False;ERR
836;ERR;ERR;0.02;False;0.01;False;ERR;ERR;ERR;ERR;ERR;ERR;ERR;ERR;ERR;ERR
837;ERR;ERR;0.01;False;0.02;False;ERR;ERR;ERR;0.05;False;0.06;False;0.05;False;ERR
838;0.0;True;0.01;True;0.02;True;ERR;ERR;ERR;0.07;True;0.04;False;0.03;True;ERR
839;ERR;ERR;0.01;False;0.02;False;ERR;ERR;ERR;0.06;False;0.09;False;0.06;False;ERR
840;0.01;True;0.01;True;0.01;True;ERR;ERR;ERR;0.05;True;0.06;False;0.05;True;ERR
841;0.01;True;0.01;True;0.01;True;ERR;ERR;ERR;0.06;True;0.04;False;0.05;True;ERR
842;0.01;True;0.01;True;0.01;True;ERR;ERR;ERR;0.06;True;0.06;False;0.05;True;ERR
843;0.01;True;0.01;True;0.01;True;ERR;ERR;ERR;0.07;True;0.06;False;0.04;True;ERR
844;ERR;ERR;0.02;False;0.01;False;ERR;ERR;ERR;0.07;False;0.06;False;0.06;False;ERR
845;0.02;True;6.51;False;0.01;False;10.48;False;0.16096057100000039;ERR;ERR;ERR;ERR;ERR;ERR;ERR
846;ERR;ERR;0.0;False;0.02;False;ERR;ERR;ERR;0.07;False;0.07;False;0.04;False;ERR
847;ERR;ERR;0.01;True;0.01;True;ERR;ERR;ERR;0.07;True;0.06;True;0.05;True;ERR
848;ERR;ERR;0.01;False;0.02;False;ERR;ERR;ERR;0.07;False;0.09;False;0.06;False;ERR
849;0.01;True;0.02;True;0.0;True;ERR;ERR;ERR;ERR;ERR;ERR;ERR;ERR;ERR;ERR
850;ERR;ERR;0.01;False;0.0;False;ERR;ERR;ERR;0.07;False;0.05;False;0.04;False;ERR
851;0.01;True;0.01;True;0.01;True;ERR;ERR;ERR;0.07;True;0.07;False;0.04;True;ERR
852;0.0;True;0.01;True;0.01;True;ERR;ERR;ERR;0.07;True;0.05;False;0.04;True;ERR
853;0.02;True;0.01;True;0.01;True;ERR;ERR;ERR;0.07;True;0.06;False;0.04;True;ERR
854;ERR;ERR;0.01;False;0.01;False;ERR;ERR;ERR;0.07;False;0.06;False;0.04;False;ERR
855;ERR;ERR;0.01;False;0.01;False;ERR;ERR;ERR;0.06;False;0.05;False;0.05;False;ERR
856;0.0;True;0.01;True;0.01;True;ERR;ERR;ERR;0.07;True;0.03;False;0.04;True;ERR
857;ERR;ERR;0.02;False;0.01;False;ERR;ERR;ERR;0.07;False;0.04;False;0.05;False;ERR
858;0.01;True;TO;TO;0.01;False;92.49;False;0.27029411099999834;TO;TO;12.72;False;TO;TO;ERR
859;ERR;ERR;1.28;False;1.76;False;ERR;ERR;ERR;0.24;False;0.04;False;2.83;False;ERR
860;0.01;True;0.01;True;0.01;True;ERR;ERR;ERR;0.06;True;0.07;False;0.03;True;ERR
861;ERR;ERR;0.0;False;0.01;False;ERR;ERR;ERR;0.05;False;0.06;False;0.04;False;ERR
862;ERR;ERR;0.01;True;0.01;True;ERR;ERR;ERR;0.06;True;0.07;True;0.04;True;ERR
863;ERR;ERR;0.0;True;0.01;True;ERR;ERR;ERR;ERR;ERR;ERR;ERR;ERR;ERR;ERR
864;ERR;ERR;1.32;False;2.63;False;ERR;ERR;ERR;0.23;False;0.05;False;2.82;False;ERR
865;ERR;ERR;0.02;False;0.01;False;ERR;ERR;ERR;0.05;False;0.07;False;0.04;False;ERR
866;ERR;ERR;0.01;False;0.02;False;ERR;ERR;ERR;0.05;False;0.08;False;0.04;False;ERR
867;ERR;ERR;0.01;False;0.01;False;ERR;ERR;ERR;0.07;False;0.08;False;0.04;False;ERR
868;0.01;True;0.01;True;0.01;True;ERR;ERR;ERR;0.06;True;0.11;False;0.04;True;ERR
869;ERR;ERR;0.0;False;0.01;False;ERR;ERR;ERR;0.06;False;0.06;False;0.05;False;ERR
870;ERR;ERR;0.01;False;0.01;False;ERR;ERR;ERR;ERR;ERR;ERR;ERR;ERR;ERR;ERR
871;ERR;ERR;0.0;False;0.01;False;ERR;ERR;ERR;0.06;False;0.05;False;0.05;False;ERR
872;0.01;True;0.0;True;0.01;True;ERR;ERR;ERR;0.06;True;0.05;False;0.05;True;ERR
873;ERR;ERR;1.26;False;2.65;False;ERR;ERR;ERR;0.25;False;0.05;False;2.79;False;ERR
874;ERR;ERR;0.01;False;0.01;False;ERR;ERR;ERR;0.07;False;0.06;False;0.04;False;ERR
875;ERR;ERR;0.01;False;0.01;False;ERR;ERR;ERR;0.06;False;0.07;False;0.05;False;ERR
876;ERR;ERR;0.01;False;0.01;False;ERR;ERR;ERR;0.06;False;0.08;False;0.06;False;ERR
877;0.01;True;0.02;False;0.0;False;2.4;False;0.07951962899999976;ERR;ERR;ERR;ERR;ERR;ERR;ERR
878;ERR;ERR;0.02;False;0.01;False;ERR;ERR;ERR;0.07;False;0.06;False;0.04;False;ERR
879;ERR;ERR;0.01;False;0.01;False;ERR;ERR;ERR;0.05;False;0.08;False;0.05;False;ERR
880;ERR;ERR;0.0;False;0.01;False;ERR;ERR;ERR;0.07;False;0.06;False;0.04;False;ERR
881;ERR;ERR;0.02;False;0.02;False;ERR;ERR;ERR;0.07;False;0.1;False;0.07;False;ERR
882;0.01;True;0.01;True;0.01;True;ERR;ERR;ERR;0.07;True;0.05;False;0.06;True;ERR
883;0.02;True;0.01;True;0.01;True;ERR;ERR;ERR;0.07;True;0.05;False;0.05;True;ERR
884;0.02;True;0.01;True;0.01;True;ERR;ERR;ERR;0.06;True;0.06;False;0.04;True;ERR
885;0.01;True;0.0;True;0.01;True;ERR;ERR;ERR;0.07;True;0.04;False;0.03;True;ERR
886;ERR;ERR;0.02;False;0.0;False;ERR;ERR;ERR;0.07;False;0.06;False;0.04;False;ERR
887;ERR;ERR;0.0;True;0.01;True;ERR;ERR;ERR;ERR;ERR;ERR;ERR;ERR;ERR;ERR
888;0.01;True;0.01;True;0.01;True;ERR;ERR;ERR;0.05;True;0.06;False;0.04;True;ERR
889;ERR;ERR;0.01;False;0.01;False;ERR;ERR;ERR;0.04;False;0.06;False;0.02;False;ERR
890;ERR;ERR;0.01;False;0.0;False;ERR;ERR;ERR;0.07;False;0.06;False;0.05;False;ERR
891;ERR;ERR;0.02;False;0.01;False;ERR;ERR;ERR;0.06;False;0.09;False;0.06;False;ERR
892;ERR;ERR;0.75;False;1.09;False;ERR;ERR;ERR;0.15;False;0.07;False;1.55;False;ERR
893;0.01;True;0.0;True;0.01;True;ERR;ERR;ERR;0.07;True;0.05;False;0.04;True;ERR
894;ERR;ERR;0.47;False;0.06;False;ERR;ERR;ERR;ERR;ERR;ERR;ERR;ERR;ERR;ERR
895;ERR;ERR;0.01;False;0.01;False;ERR;ERR;ERR;0.06;False;0.07;False;0.06;False;ERR
896;0.02;True;0.0;True;0.01;True;ERR;ERR;ERR;0.06;True;0.04;False;0.03;True;ERR
897;ERR;ERR;0.01;False;0.01;False;ERR;ERR;ERR;0.05;False;0.06;False;0.04;False;ERR
898;ERR;ERR;0.02;False;0.03;False;ERR;ERR;ERR;0.06;False;0.06;False;0.05;False;ERR
899;ERR;ERR;0.02;False;0.02;False;ERR;ERR;ERR;0.07;False;0.05;False;0.05;False;ERR
900;ERR;ERR;0.01;False;0.01;False;ERR;ERR;ERR;ERR;ERR;ERR;ERR;ERR;ERR;ERR
901;0.01;True;0.01;True;0.01;True;ERR;ERR;ERR;ERR;ERR;ERR;ERR;ERR;ERR;ERR
902;ERR;ERR;0.01;False;0.01;False;ERR;ERR;ERR;0.06;False;0.07;False;0.05;False;ERR
903;ERR;ERR;0.02;False;0.01;False;ERR;ERR;ERR;0.06;False;0.03;False;0.04;False;ERR
904;ERR;ERR;0.01;False;0.02;False;ERR;ERR;ERR;0.06;False;0.07;False;0.04;False;ERR
905;0.02;True;0.01;True;0.01;True;ERR;ERR;ERR;0.06;True;0.06;False;0.04;True;ERR
906;ERR;ERR;0.01;False;0.01;False;ERR;ERR;ERR;0.08;False;0.06;False;0.04;False;ERR
907;0.01;True;0.01;True;0.01;True;ERR;ERR;ERR;0.07;True;0.06;False;0.05;True;ERR
908;0.01;True;0.01;True;0.02;True;ERR;ERR;ERR;0.06;True;0.06;False;0.04;True;ERR
909;ERR;ERR;1.35;False;1.76;False;ERR;ERR;ERR;0.25;False;0.05;False;2.8;False;ERR
910;ERR;ERR;0.01;False;0.01;False;ERR;ERR;ERR;0.06;False;0.05;False;0.05;False;ERR
911;0.02;True;0.0;True;0.01;True;ERR;ERR;ERR;0.05;True;0.05;False;0.04;True;ERR
912;ERR;ERR;0.01;True;0.01;True;ERR;ERR;ERR;0.05;True;0.04;True;0.04;True;ERR
913;ERR;ERR;1.24;False;2.65;False;ERR;ERR;ERR;0.23;False;0.04;False;2.8;False;ERR
914;0.01;True;0.01;True;0.01;True;ERR;ERR;ERR;0.06;True;0.05;False;0.05;True;ERR
915;ERR;ERR;0.01;False;0.01;False;ERR;ERR;ERR;0.07;False;0.05;False;0.05;False;ERR
916;ERR;ERR;3.06;False;4.03;False;ERR;ERR;ERR;ERR;ERR;ERR;ERR;ERR;ERR;ERR
917;0.01;True;0.0;True;0.01;True;ERR;ERR;ERR;0.06;True;0.05;False;0.03;True;ERR
918;ERR;ERR;0.01;False;0.01;False;ERR;ERR;ERR;0.07;False;0.05;False;ERR;ERR;ERR
919;ERR;ERR;1.19;False;1.62;False;ERR;ERR;ERR;0.25;False;0.06;False;2.35;False;ERR
920;0.0;True;0.0;True;0.01;True;ERR;ERR;ERR;0.07;True;0.09;False;0.04;True;ERR
921;ERR;ERR;0.0;False;0.01;False;ERR;ERR;ERR;0.06;False;0.05;False;0.04;False;ERR
922;0.01;True;0.01;True;0.01;True;ERR;ERR;ERR;0.05;True;0.05;False;0.04;True;ERR
923;ERR;ERR;0.01;False;0.01;False;ERR;ERR;ERR;0.07;False;0.07;False;0.05;False;ERR
924;ERR;ERR;0.01;False;0.02;False;ERR;ERR;ERR;0.07;False;0.06;False;0.04;False;ERR
925;ERR;ERR;0.02;False;0.02;False;ERR;ERR;ERR;0.07;False;0.07;False;0.04;False;ERR
926;ERR;ERR;0.0;False;0.01;False;ERR;ERR;ERR;0.05;False;0.05;False;0.05;False;ERR
927;ERR;ERR;0.02;False;0.01;False;ERR;ERR;ERR;0.07;False;0.04;False;0.05;False;ERR
928;ERR;ERR;0.01;True;0.02;True;ERR;ERR;ERR;ERR;ERR;ERR;ERR;ERR;ERR;ERR
929;ERR;ERR;0.01;False;0.01;False;ERR;ERR;ERR;0.07;False;0.07;False;0.04;False;ERR
930;ERR;ERR;0.01;False;0.02;False;ERR;ERR;ERR;0.07;False;0.06;False;0.05;False;ERR
931;ERR;ERR;0.02;False;0.02;False;ERR;ERR;ERR;0.07;False;0.06;False;0.05;False;ERR
932;ERR;ERR;0.01;False;0.02;False;ERR;ERR;ERR;0.06;False;0.08;False;0.07;False;ERR
933;ERR;ERR;1.34;False;0.01;False;ERR;ERR;ERR;0.23;False;0.04;False;3.61;False;ERR
934;ERR;ERR;0.01;False;0.01;False;ERR;ERR;ERR;ERR;ERR;ERR;ERR;ERR;ERR;ERR
935;ERR;ERR;0.02;False;0.0;False;ERR;ERR;ERR;0.06;False;0.06;False;0.05;False;ERR
936;0.01;True;0.01;True;0.01;True;ERR;ERR;ERR;0.05;True;0.06;False;0.04;True;ERR
937;ERR;ERR;0.01;False;0.02;False;ERR;ERR;ERR;0.05;False;0.09;False;0.04;False;ERR
938;0.01;True;0.01;True;0.01;True;ERR;ERR;ERR;0.06;True;0.05;False;0.05;True;ERR
939;0.02;True;0.01;True;0.01;True;ERR;ERR;ERR;0.06;True;0.04;False;0.03;True;ERR
940;ERR;ERR;0.01;False;0.02;False;ERR;ERR;ERR;ERR;ERR;ERR;ERR;ERR;ERR;ERR
941;0.02;True;0.05;False;0.01;False;6.53;False;0.2550674150000001;ERR;ERR;ERR;ERR;ERR;ERR;ERR
942;0.01;True;0.0;True;0.01;True;ERR;ERR;ERR;0.07;True;0.04;False;0.04;True;ERR
943;0.01;True;0.01;True;0.01;True;ERR;ERR;ERR;0.07;True;0.03;False;0.04;True;ERR
944;ERR;ERR;0.01;False;0.01;False;ERR;ERR;ERR;0.06;False;0.07;False;0.05;False;ERR
945;ERR;ERR;0.0;True;0.01;True;ERR;ERR;ERR;0.07;True;0.06;True;0.04;True;ERR
946;ERR;ERR;0.01;False;0.01;False;ERR;ERR;ERR;0.06;False;0.04;False;0.04;False;ERR
947;ERR;ERR;0.01;False;0.02;False;ERR;ERR;ERR;0.06;False;0.05;False;0.06;False;ERR
948;0.01;True;0.0;True;0.01;True;ERR;ERR;ERR;0.06;True;0.08;False;0.03;True;ERR
949;ERR;ERR;0.02;False;0.01;False;ERR;ERR;ERR;0.05;False;0.06;False;0.04;False;ERR
950;ERR;ERR;0.01;False;0.02;False;ERR;ERR;ERR;0.06;False;0.06;False;0.05;False;ERR
951;ERR;ERR;0.0;False;0.01;False;ERR;ERR;ERR;0.07;False;0.05;False;0.05;False;ERR
952;0.01;True;0.01;True;0.0;True;ERR;ERR;ERR;0.06;True;0.05;False;0.03;True;ERR
953;0.01;True;0.01;True;0.02;True;ERR;ERR;ERR;0.05;True;0.05;False;0.05;True;ERR
954;0.0;True;0.0;False;0.01;False;ERR;ERR;ERR;ERR;ERR;ERR;ERR;ERR;ERR;ERR
955;0.02;True;0.01;True;0.01;True;ERR;ERR;ERR;0.08;True;0.11;False;0.05;True;ERR
956;0.01;True;0.01;True;0.0;True;ERR;ERR;ERR;0.06;True;0.04;False;0.03;True;ERR
957;0.01;True;0.01;True;0.01;True;ERR;ERR;ERR;0.06;True;0.04;False;0.03;True;ERR
958;0.01;True;0.01;True;0.0;True;ERR;ERR;ERR;0.06;True;0.06;False;0.04;True;ERR
959;ERR;ERR;0.01;False;0.01;False;ERR;ERR;ERR;0.06;False;0.06;False;0.06;False;ERR
960;ERR;ERR;0.01;False;0.01;False;ERR;ERR;ERR;0.07;False;0.08;False;0.05;False;ERR
961;0.02;True;0.0;True;0.01;True;ERR;ERR;ERR;0.06;True;0.03;False;0.05;True;ERR
962;0.01;True;0.01;True;0.01;True;ERR;ERR;ERR;0.06;True;0.05;False;0.04;True;ERR
963;ERR;ERR;0.0;True;0.01;True;ERR;ERR;ERR;0.07;True;0.04;True;0.04;True;ERR
964;0.01;True;0.21;False;0.48;False;0.14;False;0.103708414;ERR;ERR;ERR;ERR;ERR;ERR;ERR
965;0.02;True;0.01;True;0.01;True;ERR;ERR;ERR;0.07;True;0.06;False;0.03;True;ERR
966;ERR;ERR;0.01;False;0.01;False;ERR;ERR;ERR;0.07;False;0.07;False;0.05;False;ERR
967;ERR;ERR;0.01;False;0.01;False;ERR;ERR;ERR;0.07;False;0.06;False;0.04;False;ERR
968;ERR;ERR;0.01;False;0.01;False;ERR;ERR;ERR;0.05;False;0.05;False;0.05;False;ERR
969;ERR;ERR;0.01;False;0.01;False;ERR;ERR;ERR;0.07;False;0.06;False;0.04;False;ERR
970;ERR;ERR;0.02;False;0.01;False;ERR;ERR;ERR;0.07;False;0.09;False;0.04;False;ERR
971;0.02;True;0.01;True;0.01;True;ERR;ERR;ERR;0.06;True;0.05;False;0.04;True;ERR
972;ERR;ERR;0.01;False;0.0;False;ERR;ERR;ERR;0.06;False;0.05;False;0.04;False;ERR
973;0.01;True;0.01;True;0.01;True;ERR;ERR;ERR;0.04;True;0.04;False;0.04;True;ERR
974;ERR;ERR;0.01;True;0.01;True;ERR;ERR;ERR;0.07;True;0.06;False;0.04;True;ERR
975;ERR;ERR;0.01;False;0.01;False;ERR;ERR;ERR;0.05;False;0.06;False;0.06;False;ERR
976;0.01;True;0.01;True;0.01;True;ERR;ERR;ERR;0.05;True;0.06;False;0.04;True;ERR
977;0.02;True;0.01;True;0.0;True;ERR;ERR;ERR;0.07;True;0.04;False;0.05;True;ERR
978;ERR;ERR;0.01;False;0.01;False;ERR;ERR;ERR;0.07;False;0.05;False;0.03;False;ERR
979;ERR;ERR;0.01;False;0.01;False;ERR;ERR;ERR;0.05;False;0.06;False;0.04;False;ERR
980;ERR;ERR;0.0;False;0.01;False;ERR;ERR;ERR;0.08;False;0.05;False;0.04;False;ERR
981;0.0;True;0.01;True;0.01;True;ERR;ERR;ERR;0.06;True;0.05;False;0.03;True;ERR
982;ERR;ERR;0.74;False;0.01;False;ERR;ERR;ERR;0.18;False;0.08;False;2.93;False;ERR
983;ERR;ERR;0.01;False;0.01;False;ERR;ERR;ERR;0.07;False;0.06;False;0.05;False;ERR
984;ERR;ERR;0.0;False;0.01;False;ERR;ERR;ERR;0.07;False;0.07;False;0.04;False;ERR
985;ERR;ERR;0.01;False;0.02;False;ERR;ERR;ERR;0.05;False;0.06;False;0.03;False;ERR
986;ERR;ERR;0.01;True;0.01;True;ERR;ERR;ERR;0.06;True;0.03;False;0.04;True;ERR
987;ERR;ERR;0.01;True;0.02;True;ERR;ERR;ERR;0.05;True;0.08;True;0.03;True;ERR
988;ERR;ERR;0.01;False;0.01;False;ERR;ERR;ERR;0.06;False;0.04;False;0.05;False;ERR
989;0.02;True;0.01;True;0.01;True;ERR;ERR;ERR;0.06;True;0.05;False;0.05;True;ERR
990;ERR;ERR;0.83;False;1.12;False;ERR;ERR;ERR;0.17;False;ERR;ERR;1.72;False;ERR
991;0.01;True;0.01;True;0.01;True;ERR;ERR;ERR;0.08;True;0.06;False;0.05;True;ERR
992;ERR;ERR;0.01;False;0.01;False;ERR;ERR;ERR;0.06;False;0.08;False;0.04;False;ERR
993;ERR;ERR;0.02;False;0.01;False;ERR;ERR;ERR;0.08;False;0.06;False;0.05;False;ERR
994;ERR;ERR;0.02;False;0.01;False;ERR;ERR;ERR;0.06;False;0.07;False;0.04;False;ERR
995;ERR;ERR;0.02;False;0.01;False;ERR;ERR;ERR;0.06;False;0.1;False;0.05;False;ERR
996;0.02;True;0.01;False;0.02;False;ERR;ERR;ERR;ERR;ERR;ERR;ERR;ERR;ERR;ERR
997;0.01;True;0.0;True;0.01;True;ERR;ERR;ERR;0.07;True;0.09;False;0.05;True;ERR
998;0.02;True;0.01;True;0.01;True;ERR;ERR;ERR;0.06;True;0.07;False;0.03;True;ERR
999;ERR;ERR;0.01;False;0.01;False;ERR;ERR;ERR;0.09;False;0.06;False;0.05;False;ERR
1000;ERR;ERR;1.43;False;1.75;False;ERR;ERR;ERR;0.25;False;0.06;False;2.79;False;ERR
1001;0.01;True;0.01;True;0.0;True;ERR;ERR;ERR;0.06;True;0.06;False;0.04;True;ERR
1002;0.01;True;0.01;True;0.01;True;ERR;ERR;ERR;0.06;True;0.09;False;0.03;True;ERR
1003;ERR;ERR;3.27;False;4.49;False;ERR;ERR;ERR;ERR;ERR;ERR;ERR;ERR;ERR;ERR
1004;0.01;True;2.13;False;3.51;False;ERR;ERR;ERR;0.11;False;1.64;False;6.45;False;ERR
1005;ERR;ERR;0.02;False;0.02;False;ERR;ERR;ERR;0.05;False;0.06;False;0.04;False;ERR
1006;0.01;True;0.01;True;0.01;True;ERR;ERR;ERR;0.06;True;0.04;False;0.05;True;ERR
1007;ERR;ERR;0.01;False;0.01;False;ERR;ERR;ERR;ERR;ERR;ERR;ERR;ERR;ERR;ERR
1008;ERR;ERR;0.01;False;0.02;False;ERR;ERR;ERR;0.07;False;0.08;False;0.05;False;ERR
1009;ERR;ERR;0.01;True;0.01;True;ERR;ERR;ERR;0.07;True;0.04;False;0.04;True;ERR
1010;ERR;ERR;0.01;False;0.01;False;ERR;ERR;ERR;0.07;False;0.07;False;0.07;False;ERR
1011;0.01;True;0.02;True;0.02;True;ERR;ERR;ERR;0.07;True;0.05;False;0.04;True;ERR
1012;ERR;ERR;0.01;False;0.0;False;ERR;ERR;ERR;0.07;False;0.05;False;0.06;False;ERR
1013;ERR;ERR;0.0;False;0.01;False;ERR;ERR;ERR;0.07;False;0.05;False;0.05;False;ERR
1014;ERR;ERR;0.01;False;0.01;False;ERR;ERR;ERR;0.06;False;0.06;False;0.06;False;ERR
1015;0.01;True;0.02;True;0.01;True;ERR;ERR;ERR;0.07;True;0.06;False;0.05;True;ERR
1016;ERR;ERR;0.01;False;0.01;False;ERR;ERR;ERR;0.06;False;0.04;False;0.04;False;ERR
1017;ERR;ERR;0.01;False;0.01;False;ERR;ERR;ERR;0.06;False;0.06;False;0.06;False;ERR
1018;0.01;True;0.05;False;0.01;False;8.12;False;0.3222449919999999;ERR;ERR;ERR;ERR;ERR;ERR;ERR
1019;ERR;ERR;0.0;False;0.01;False;ERR;ERR;ERR;0.06;False;0.04;False;0.05;False;ERR
1020;0.0;True;0.0;True;0.01;True;ERR;ERR;ERR;0.06;True;0.06;False;0.03;True;ERR
1021;ERR;ERR;0.01;False;0.01;False;ERR;ERR;ERR;0.07;False;0.06;False;0.04;False;ERR
1022;0.01;True;0.0;True;0.01;True;ERR;ERR;ERR;0.06;True;0.05;False;0.04;True;ERR
1023;ERR;ERR;0.01;False;0.01;False;ERR;ERR;ERR;0.07;False;0.07;False;0.06;False;ERR
1024;ERR;ERR;0.01;False;0.02;False;ERR;ERR;ERR;0.07;False;0.07;False;0.04;False;ERR
1025;ERR;ERR;0.01;False;0.01;False;ERR;ERR;ERR;0.06;False;0.05;False;0.05;False;ERR
1026;0.02;True;1.48;False;0.01;False;5.93;False;0.15783627800000044;ERR;ERR;ERR;ERR;ERR;ERR;ERR
1027;ERR;ERR;0.02;False;0.01;False;ERR;ERR;ERR;0.07;False;0.06;False;0.05;False;ERR
1028;0.01;True;0.01;True;0.0;True;ERR;ERR;ERR;0.05;True;0.08;False;0.05;True;ERR
1029;ERR;ERR;0.0;False;0.01;False;ERR;ERR;ERR;0.06;False;0.06;False;0.05;False;ERR
1030;ERR;ERR;0.01;True;0.01;True;ERR;ERR;ERR;0.06;True;0.05;True;0.04;True;ERR
1031;0.01;True;0.02;True;0.01;True;ERR;ERR;ERR;ERR;ERR;ERR;ERR;ERR;ERR;ERR
1032;0.02;True;0.01;True;0.01;True;ERR;ERR;ERR;0.05;True;0.04;False;0.04;True;ERR
1033;ERR;ERR;0.01;False;0.01;False;ERR;ERR;ERR;0.07;False;0.07;False;0.04;False;ERR
1034;ERR;ERR;0.01;False;0.01;False;ERR;ERR;ERR;0.08;False;0.06;False;0.04;False;ERR
1035;ERR;ERR;0.02;False;0.02;False;ERR;ERR;ERR;0.07;False;0.07;False;0.04;False;ERR
1036;ERR;ERR;0.02;False;0.01;False;ERR;ERR;ERR;0.06;False;0.05;False;0.05;False;ERR
1037;ERR;ERR;0.01;False;0.02;False;ERR;ERR;ERR;0.07;False;0.07;False;0.05;False;ERR
1038;ERR;ERR;0.01;False;0.0;False;ERR;ERR;ERR;0.04;False;0.07;False;0.03;False;ERR
1039;ERR;ERR;0.01;False;0.01;False;ERR;ERR;ERR;0.07;False;0.09;False;0.06;False;ERR
1040;0.0;True;0.01;True;0.02;True;ERR;ERR;ERR;0.08;True;0.06;False;0.04;True;ERR
1041;ERR;ERR;0.0;False;0.0;False;ERR;ERR;ERR;0.05;False;0.06;False;0.04;False;ERR
1042;0.01;True;0.0;True;0.02;True;ERR;ERR;ERR;0.06;True;0.04;False;0.04;True;ERR
1043;0.01;True;0.0;True;0.01;True;ERR;ERR;ERR;0.07;True;0.05;False;0.05;True;ERR
1044;ERR;ERR;0.02;False;0.0;False;ERR;ERR;ERR;0.06;False;0.04;False;0.05;False;ERR
1045;ERR;ERR;0.01;False;0.01;False;ERR;ERR;ERR;0.04;False;0.08;False;0.06;False;ERR
1046;ERR;ERR;0.01;True;0.01;True;ERR;ERR;ERR;ERR;ERR;ERR;ERR;ERR;ERR;ERR
1047;ERR;ERR;1.24;False;1.67;False;ERR;ERR;ERR;0.22;False;0.06;False;2.33;False;ERR
1048;ERR;ERR;3.12;False;6.85;False;0.85;False;0.16595238599999995;0.8;False;ERR;ERR;11.51;False;ERR
1049;0.0;True;0.0;True;0.01;True;ERR;ERR;ERR;0.04;True;0.06;False;0.05;True;ERR
1050;0.01;True;0.01;False;0.02;False;ERR;ERR;ERR;0.06;False;0.05;False;0.06;False;ERR
1051;ERR;ERR;0.01;False;0.0;False;ERR;ERR;ERR;0.06;False;0.05;False;0.05;False;ERR
1052;ERR;ERR;0.0;False;0.01;False;ERR;ERR;ERR;0.05;False;0.04;False;0.04;False;ERR
1053;0.01;True;0.01;True;0.0;True;ERR;ERR;ERR;0.07;True;0.07;False;0.04;True;ERR
1054;ERR;ERR;0.01;False;0.01;False;ERR;ERR;ERR;0.06;False;0.06;False;0.05;False;ERR
1055;ERR;ERR;0.01;False;0.01;False;ERR;ERR;ERR;0.06;False;0.07;False;0.05;False;ERR
1056;ERR;ERR;0.0;True;0.01;True;ERR;ERR;ERR;0.05;True;0.05;True;0.04;True;ERR
1057;ERR;ERR;0.01;False;0.01;False;ERR;ERR;ERR;0.06;False;0.07;False;0.04;False;ERR
1058;0.01;True;0.1;False;0.06;False;ERR;ERR;ERR;ERR;ERR;ERR;ERR;ERR;ERR;ERR
1059;0.01;True;0.0;True;0.01;True;ERR;ERR;ERR;0.06;True;0.06;False;0.04;True;ERR
1060;0.02;True;0.02;True;0.01;True;ERR;ERR;ERR;0.05;True;0.04;False;0.03;True;ERR
1061;0.0;True;1.13;False;2.68;False;ERR;ERR;ERR;ERR;ERR;ERR;ERR;ERR;ERR;ERR
1062;ERR;ERR;0.02;True;0.01;True;ERR;ERR;ERR;ERR;ERR;ERR;ERR;ERR;ERR;ERR
1063;ERR;ERR;0.76;False;0.0;False;ERR;ERR;ERR;0.16;False;0.1;False;1.58;False;ERR
1064;ERR;ERR;0.02;False;0.0;False;ERR;ERR;ERR;0.06;False;0.05;False;0.05;False;ERR
1065;ERR;ERR;0.01;False;0.02;False;ERR;ERR;ERR;0.03;False;0.08;False;0.07;False;ERR
1066;ERR;ERR;0.01;False;0.01;False;ERR;ERR;ERR;0.06;False;0.05;False;0.05;False;ERR
1067;ERR;ERR;0.0;False;0.01;False;ERR;ERR;ERR;0.05;False;0.05;False;0.05;False;ERR
1068;ERR;ERR;0.01;True;0.01;True;ERR;ERR;ERR;0.06;True;0.04;True;0.04;True;ERR
1069;ERR;ERR;0.01;False;0.01;False;ERR;ERR;ERR;0.08;False;0.05;False;0.04;False;ERR
1070;ERR;ERR;0.01;True;0.02;True;ERR;ERR;ERR;0.05;True;0.1;False;0.05;True;ERR
1071;ERR;ERR;0.02;False;0.01;False;ERR;ERR;ERR;0.06;False;0.07;False;0.04;False;ERR
1072;0.01;True;0.01;True;0.01;True;ERR;ERR;ERR;0.07;True;0.04;False;0.05;True;ERR
1073;0.01;True;0.0;True;0.01;True;ERR;ERR;ERR;0.08;True;0.09;False;0.04;True;ERR
1074;ERR;ERR;0.01;False;0.01;False;ERR;ERR;ERR;0.05;False;0.04;False;0.06;False;ERR
1075;ERR;ERR;0.0;False;0.01;False;ERR;ERR;ERR;0.08;False;0.06;False;0.05;False;ERR
1076;0.01;True;0.01;True;0.02;True;ERR;ERR;ERR;0.06;True;0.07;False;0.04;True;ERR
1077;ERR;ERR;0.01;False;0.02;False;ERR;ERR;ERR;0.05;False;0.05;False;0.04;False;ERR
1078;0.02;True;0.0;True;0.01;True;ERR;ERR;ERR;0.06;True;0.06;False;0.04;True;ERR
1079;ERR;ERR;0.01;False;0.0;False;ERR;ERR;ERR;0.07;False;0.06;False;0.04;False;ERR
1080;0.0;True;0.01;False;0.01;False;0.34;False;0.30374998400000003;ERR;ERR;ERR;ERR;ERR;ERR;ERR
1081;ERR;ERR;0.01;True;0.01;True;ERR;ERR;ERR;0.07;True;0.06;False;0.05;True;ERR
1082;0.02;True;0.01;True;0.0;True;ERR;ERR;ERR;0.06;True;0.04;False;0.04;True;ERR
1083;ERR;ERR;1.39;False;1.76;False;ERR;ERR;ERR;0.25;False;0.06;False;2.82;False;ERR
1084;ERR;ERR;0.01;False;0.01;False;ERR;ERR;ERR;ERR;ERR;ERR;ERR;ERR;ERR;ERR
1085;ERR;ERR;0.01;False;0.01;False;ERR;ERR;ERR;0.06;False;0.06;False;0.05;False;ERR
1086;ERR;ERR;0.01;False;0.01;False;ERR;ERR;ERR;0.05;False;0.07;False;0.03;False;ERR
1087;ERR;ERR;0.01;False;0.01;False;ERR;ERR;ERR;0.06;False;0.07;False;0.04;False;ERR
1088;0.01;True;0.01;True;0.0;True;ERR;ERR;ERR;0.06;True;0.05;False;0.03;True;ERR
1089;ERR;ERR;0.01;False;0.01;False;ERR;ERR;ERR;0.06;False;0.07;False;0.04;False;ERR
1090;0.01;True;0.01;True;0.01;True;ERR;ERR;ERR;0.07;True;0.04;False;0.03;True;ERR
1091;ERR;ERR;0.01;True;0.01;True;ERR;ERR;ERR;ERR;ERR;ERR;ERR;ERR;ERR;ERR
1092;ERR;ERR;0.01;False;0.01;False;ERR;ERR;ERR;0.06;False;0.07;False;0.05;False;ERR
1093;0.01;True;0.01;True;0.01;True;ERR;ERR;ERR;0.07;True;0.04;False;0.03;True;ERR
1094;0.01;True;0.01;True;0.01;True;ERR;ERR;ERR;0.05;True;0.04;False;0.04;True;ERR
1095;ERR;ERR;0.02;False;0.01;False;ERR;ERR;ERR;0.07;False;0.06;False;0.05;False;ERR
1096;ERR;ERR;1.27;False;1.74;False;ERR;ERR;ERR;0.24;False;0.05;False;2.81;False;ERR
1097;0.01;True;8.9;False;0.0;False;3.6;False;0.26618522600000016;1.79;False;0.06;False;5.3;False;ERR
1098;ERR;ERR;0.01;True;0.01;True;ERR;ERR;ERR;ERR;ERR;ERR;ERR;ERR;ERR;ERR
1099;0.01;True;0.0;True;0.02;True;ERR;ERR;ERR;0.06;True;0.05;False;0.03;True;ERR
1100;ERR;ERR;0.01;True;0.01;True;ERR;ERR;ERR;0.06;True;0.03;True;0.04;True;ERR
1101;ERR;ERR;0.01;False;0.02;False;ERR;ERR;ERR;ERR;ERR;ERR;ERR;ERR;ERR;ERR
1102;0.01;True;0.01;True;0.01;True;ERR;ERR;ERR;0.07;True;0.06;False;0.04;True;ERR
1103;ERR;ERR;0.01;False;0.0;False;ERR;ERR;ERR;0.06;False;0.05;False;0.03;False;ERR
1104;ERR;ERR;0.01;False;0.01;False;ERR;ERR;ERR;ERR;ERR;ERR;ERR;ERR;ERR;ERR
1105;ERR;ERR;0.02;False;0.01;False;ERR;ERR;ERR;0.06;False;0.06;False;0.05;False;ERR
1106;0.01;True;0.0;True;0.01;True;ERR;ERR;ERR;0.05;True;0.05;False;0.04;True;ERR
1107;ERR;ERR;0.01;False;0.01;False;ERR;ERR;ERR;0.06;False;0.07;False;0.04;False;ERR
1108;ERR;ERR;0.01;False;0.02;False;ERR;ERR;ERR;0.06;False;0.05;False;0.05;False;ERR
1109;ERR;ERR;0.01;False;0.0;False;ERR;ERR;ERR;0.06;False;0.05;False;0.04;False;ERR
1110;0.01;True;0.01;True;0.01;True;ERR;ERR;ERR;0.05;True;0.06;False;0.04;True;ERR
1111;0.02;True;0.01;True;0.01;True;ERR;ERR;ERR;0.06;True;0.05;False;0.04;True;ERR
1112;ERR;ERR;0.01;False;0.01;False;ERR;ERR;ERR;0.06;False;0.05;False;0.04;False;ERR
1113;0.01;True;0.0;True;0.0;True;ERR;ERR;ERR;0.06;True;0.05;False;0.03;True;ERR
1114;ERR;ERR;0.01;True;0.01;True;ERR;ERR;ERR;0.06;True;0.04;True;0.03;True;ERR
1115;0.01;True;0.01;False;0.01;False;ERR;ERR;ERR;ERR;ERR;ERR;ERR;ERR;ERR;ERR
1116;0.01;True;0.01;True;0.01;True;ERR;ERR;ERR;0.07;True;0.03;False;0.03;True;ERR
1117;0.01;True;11.62;False;0.01;False;TO;TO;TO;ERR;ERR;ERR;ERR;ERR;ERR;ERR
1118;0.01;True;0.01;True;0.01;True;ERR;ERR;ERR;0.07;True;0.03;False;0.04;True;ERR
1119;0.01;True;0.01;True;0.01;True;ERR;ERR;ERR;0.06;True;0.04;False;0.05;True;ERR
1120;ERR;ERR;0.01;False;0.01;False;ERR;ERR;ERR;0.06;False;0.05;False;0.05;False;ERR
1121;0.02;True;0.02;False;0.02;False;ERR;ERR;ERR;ERR;ERR;ERR;ERR;ERR;ERR;ERR
1122;ERR;ERR;0.0;True;0.0;True;ERR;ERR;ERR;0.06;True;0.03;True;0.03;True;ERR
1123;ERR;ERR;0.01;False;0.01;False;ERR;ERR;ERR;0.06;False;0.07;False;0.04;False;ERR
1124;ERR;ERR;0.01;False;0.01;False;ERR;ERR;ERR;0.07;False;0.06;False;0.05;False;ERR
1125;0.02;True;1.3;False;0.01;False;ERR;ERR;ERR;0.27;False;0.04;False;3.68;False;ERR
1126;ERR;ERR;0.0;False;0.01;False;ERR;ERR;ERR;0.06;False;0.05;False;0.05;False;ERR
1127;0.01;True;0.01;True;0.01;True;ERR;ERR;ERR;0.07;True;0.06;False;0.04;True;ERR
1128;ERR;ERR;0.01;False;0.01;False;ERR;ERR;ERR;0.06;False;0.06;False;0.03;False;ERR
1129;ERR;ERR;1.39;False;1.75;False;ERR;ERR;ERR;0.25;False;0.05;False;3.01;False;ERR
1130;ERR;ERR;0.01;False;0.02;False;ERR;ERR;ERR;0.06;False;0.09;False;0.05;False;ERR
1131;0.02;True;0.0;True;0.01;True;ERR;ERR;ERR;0.06;True;0.09;False;0.04;True;ERR
1132;0.02;True;0.0;True;0.01;True;ERR;ERR;ERR;0.07;True;0.04;False;0.04;True;ERR
1133;0.01;True;0.01;True;0.0;True;ERR;ERR;ERR;0.05;True;0.05;False;0.04;True;ERR
1134;0.01;True;0.01;False;0.02;False;0.2;False;0.151283671;ERR;ERR;ERR;ERR;ERR;ERR;ERR
1135;ERR;ERR;0.01;False;0.02;False;ERR;ERR;ERR;0.06;False;0.06;False;0.04;False;ERR
1136;ERR;ERR;0.01;False;0.0;False;ERR;ERR;ERR;0.05;False;0.05;False;0.04;False;ERR
1137;0.01;True;0.01;True;0.01;True;ERR;ERR;ERR;0.08;True;0.08;False;0.04;True;ERR
1138;ERR;ERR;0.01;False;0.01;False;ERR;ERR;ERR;0.07;False;0.05;False;0.04;False;ERR
1139;ERR;ERR;0.02;False;0.02;False;ERR;ERR;ERR;0.06;False;0.06;False;0.05;False;ERR
1140;ERR;ERR;0.01;True;0.01;True;ERR;ERR;ERR;0.08;False;0.09;True;0.04;True;ERR
1141;0.01;True;0.11;False;0.06;False;ERR;ERR;ERR;ERR;ERR;ERR;ERR;ERR;ERR;ERR
1142;ERR;ERR;1.3;False;2.67;False;ERR;ERR;ERR;0.24;False;0.03;False;2.82;False;ERR
1143;ERR;ERR;0.01;False;0.02;False;ERR;ERR;ERR;0.06;False;0.06;False;0.05;False;ERR
1144;ERR;ERR;0.01;True;0.01;True;ERR;ERR;ERR;0.05;True;0.04;True;0.04;True;ERR
1145;0.0;True;0.01;True;0.01;True;ERR;ERR;ERR;0.05;True;0.05;False;0.03;True;ERR
1146;0.01;True;0.01;True;0.0;True;ERR;ERR;ERR;0.06;True;0.11;False;0.04;True;ERR
1147;ERR;ERR;0.01;False;0.01;False;ERR;ERR;ERR;ERR;ERR;ERR;ERR;ERR;ERR;ERR
1148;ERR;ERR;0.0;True;0.01;True;ERR;ERR;ERR;0.06;True;0.03;True;0.03;True;ERR
1149;ERR;ERR;0.01;True;0.02;True;ERR;ERR;ERR;ERR;ERR;ERR;ERR;ERR;ERR;ERR
1150;ERR;ERR;0.01;False;0.01;False;ERR;ERR;ERR;0.07;False;0.05;False;0.06;False;ERR
1151;ERR;ERR;0.01;True;0.01;True;ERR;ERR;ERR;0.06;True;0.06;True;0.05;True;ERR
1152;ERR;ERR;0.01;False;0.01;False;ERR;ERR;ERR;0.05;False;0.06;False;0.05;False;ERR
1153;ERR;ERR;0.01;False;0.02;False;ERR;ERR;ERR;0.06;False;0.07;False;0.05;False;ERR
1154;0.02;True;15.61;False;0.01;False;ERR;ERR;ERR;ERR;ERR;ERR;ERR;ERR;ERR;ERR
1155;0.01;True;0.01;True;0.01;True;ERR;ERR;ERR;0.06;True;0.05;False;0.04;True;ERR
1156;0.02;True;0.01;True;0.02;True;ERR;ERR;ERR;0.06;True;0.05;False;0.03;True;ERR
1157;0.01;True;0.01;True;0.01;True;ERR;ERR;ERR;0.06;True;0.05;False;0.04;True;ERR
1158;ERR;ERR;0.02;False;0.01;False;ERR;ERR;ERR;0.06;False;0.05;False;0.05;False;ERR
1159;0.01;True;0.01;True;0.0;True;ERR;ERR;ERR;0.06;True;0.08;False;0.03;True;ERR
1160;0.02;True;1.27;False;0.01;False;1.57;False;0.12573034500000002;ERR;ERR;ERR;ERR;ERR;ERR;ERR
1161;0.01;True;0.0;True;0.0;True;ERR;ERR;ERR;0.06;True;0.04;False;0.05;True;ERR
1162;ERR;ERR;0.01;False;0.01;False;ERR;ERR;ERR;0.06;False;0.07;False;0.04;False;ERR
1163;ERR;ERR;0.01;False;0.01;False;ERR;ERR;ERR;0.08;False;0.07;False;0.06;False;ERR
1164;ERR;ERR;0.01;False;0.01;False;ERR;ERR;ERR;0.1;False;0.03;False;0.04;False;ERR
1165;ERR;ERR;0.01;False;0.02;False;ERR;ERR;ERR;0.05;False;0.09;False;0.06;False;ERR
1166;ERR;ERR;0.01;False;0.01;False;ERR;ERR;ERR;0.08;False;0.04;False;0.04;False;ERR
1167;0.01;True;1.22;False;0.02;False;6.46;False;0.15073541100000032;ERR;ERR;ERR;ERR;ERR;ERR;ERR
1168;0.02;True;0.0;True;0.01;True;ERR;ERR;ERR;0.05;True;0.06;False;0.05;True;ERR
1169;0.01;True;0.02;True;0.01;True;ERR;ERR;ERR;0.07;True;0.04;False;0.04;True;ERR
1170;ERR;ERR;0.01;False;0.01;False;ERR;ERR;ERR;0.06;False;0.05;False;0.06;False;ERR
1171;0.01;True;0.01;True;0.01;True;ERR;ERR;ERR;ERR;ERR;ERR;ERR;ERR;ERR;ERR
1172;ERR;ERR;0.01;False;0.01;False;ERR;ERR;ERR;0.06;False;0.04;False;0.05;False;ERR
1173;ERR;ERR;0.01;False;0.01;False;ERR;ERR;ERR;0.07;False;0.08;False;0.05;False;ERR
1174;0.01;True;0.01;True;0.01;True;ERR;ERR;ERR;0.04;True;0.04;False;0.05;True;ERR
1175;ERR;ERR;0.2;False;0.28;False;ERR;ERR;ERR;0.1;False;ERR;ERR;0.53;False;ERR
1176;0.01;True;0.01;True;0.01;True;ERR;ERR;ERR;0.07;True;0.07;False;0.04;True;ERR
1177;ERR;ERR;0.01;False;0.01;False;ERR;ERR;ERR;0.07;False;0.05;False;0.04;False;ERR
1178;ERR;ERR;0.01;True;0.0;True;ERR;ERR;ERR;0.06;True;0.04;True;0.03;True;ERR
1179;0.01;True;0.0;True;0.01;True;ERR;ERR;ERR;0.06;True;0.07;False;0.05;True;ERR
1180;ERR;ERR;0.01;False;0.01;False;ERR;ERR;ERR;0.07;False;0.06;False;0.04;False;ERR
1181;ERR;ERR;0.01;False;0.01;False;ERR;ERR;ERR;0.07;False;0.04;False;0.05;False;ERR
1182;0.01;True;0.01;False;0.01;False;TO;TO;TO;ERR;ERR;ERR;ERR;ERR;ERR;ERR
1183;ERR;ERR;0.01;False;0.01;False;ERR;ERR;ERR;0.06;False;0.08;False;0.04;False;ERR
1184;ERR;ERR;0.0;False;0.01;False;ERR;ERR;ERR;0.04;False;0.07;False;0.05;False;ERR
1185;ERR;ERR;0.01;False;0.01;False;ERR;ERR;ERR;0.06;False;0.06;False;0.04;False;ERR
1186;0.01;True;0.01;True;0.01;True;ERR;ERR;ERR;0.05;True;0.05;False;0.03;True;ERR
1187;ERR;ERR;0.0;True;0.01;True;ERR;ERR;ERR;ERR;ERR;ERR;ERR;ERR;ERR;ERR
1188;ERR;ERR;0.02;False;0.01;False;ERR;ERR;ERR;0.07;False;0.05;False;0.04;False;ERR
1189;ERR;ERR;0.01;False;0.02;False;ERR;ERR;ERR;0.07;False;0.04;False;0.04;False;ERR
1190;ERR;ERR;0.01;False;0.01;False;ERR;ERR;ERR;0.06;False;0.05;False;0.03;False;ERR
1191;0.01;True;0.01;True;0.01;True;ERR;ERR;ERR;0.05;True;0.04;False;0.05;True;ERR
1192;ERR;ERR;0.01;False;0.03;False;ERR;ERR;ERR;0.06;False;0.07;False;0.06;False;ERR
1193;ERR;ERR;0.0;False;0.01;False;ERR;ERR;ERR;0.06;False;ERR;ERR;0.06;False;ERR
1194;ERR;ERR;0.01;False;0.01;False;ERR;ERR;ERR;0.07;False;0.08;False;0.06;False;ERR
1195;ERR;ERR;0.01;False;0.01;False;ERR;ERR;ERR;0.06;False;0.06;False;0.05;False;ERR
1196;ERR;ERR;1.27;False;2.66;False;ERR;ERR;ERR;0.24;False;0.04;False;2.8;False;ERR
1197;ERR;ERR;1.32;False;2.65;False;ERR;ERR;ERR;0.24;False;0.04;False;2.82;False;ERR
1198;0.01;True;0.01;True;0.01;True;ERR;ERR;ERR;0.05;True;0.06;False;0.04;True;ERR
1199;ERR;ERR;0.01;False;0.0;False;ERR;ERR;ERR;0.06;False;0.04;False;0.04;False;ERR
1200;0.01;True;0.0;True;0.01;True;ERR;ERR;ERR;0.07;True;0.05;False;0.03;True;ERR
1201;0.01;True;TO;TO;0.01;False;ERR;ERR;ERR;TO;TO;12.37;False;TO;TO;ERR
1202;0.01;True;0.01;True;0.01;True;ERR;ERR;ERR;0.06;True;ERR;ERR;0.03;True;ERR
1203;0.02;True;0.1;False;0.01;False;0.76;False;0.09566080600000004;0.2;False;0.35;False;0.05;False;ERR
1204;ERR;ERR;0.01;False;0.01;False;ERR;ERR;ERR;0.06;False;0.07;False;0.03;False;ERR
1205;ERR;ERR;0.01;False;0.01;False;ERR;ERR;ERR;0.06;False;0.05;False;0.03;False;ERR
1206;0.01;True;TO;TO;0.01;False;TO;TO;TO;TO;TO;5.89;False;TO;TO;ERR
1207;ERR;ERR;0.01;False;0.01;False;ERR;ERR;ERR;0.05;False;0.06;False;0.03;False;ERR
1208;ERR;ERR;0.01;False;0.01;False;ERR;ERR;ERR;0.04;False;0.05;False;0.04;False;ERR
1209;ERR;ERR;1.28;False;2.61;False;ERR;ERR;ERR;0.24;False;0.04;False;2.77;False;ERR
1210;0.01;True;0.01;True;0.02;True;ERR;ERR;ERR;0.06;True;0.06;False;0.04;True;ERR
1211;0.0;True;0.01;True;0.01;True;ERR;ERR;ERR;0.06;True;0.05;False;0.06;True;ERR
1212;ERR;ERR;0.01;False;0.02;False;ERR;ERR;ERR;0.06;False;0.05;False;0.04;False;ERR
1213;0.01;True;0.0;True;0.0;True;ERR;ERR;ERR;0.06;True;0.05;False;0.04;True;ERR
1214;0.01;True;5.43;False;0.01;False;0.14;False;0.081445321;0.57;False;0.06;False;10.26;False;ERR
1215;ERR;ERR;0.01;False;0.01;False;ERR;ERR;ERR;0.05;False;0.06;False;0.05;False;ERR
1216;ERR;ERR;0.01;False;0.01;False;ERR;ERR;ERR;0.08;False;0.06;False;0.04;False;ERR
1217;ERR;ERR;0.01;False;0.01;False;ERR;ERR;ERR;0.06;False;0.07;False;0.03;False;ERR
1218;0.01;True;0.01;True;0.01;True;ERR;ERR;ERR;0.07;True;0.05;True;0.04;True;ERR
1219;0.01;True;0.0;True;0.02;True;ERR;ERR;ERR;0.06;True;0.07;False;0.04;True;ERR
1220;ERR;ERR;0.01;True;0.01;True;ERR;ERR;ERR;0.05;True;0.04;True;0.04;True;ERR
1221;0.02;True;0.04;False;0.01;False;42.86;False;0.28981970000000246;ERR;ERR;ERR;ERR;ERR;ERR;ERR
1222;0.01;True;0.01;True;0.01;True;ERR;ERR;ERR;0.05;True;0.04;False;0.04;True;ERR
1223;0.01;True;0.0;True;0.01;True;ERR;ERR;ERR;0.08;True;0.04;False;0.04;True;ERR
1224;ERR;ERR;0.01;False;0.01;False;ERR;ERR;ERR;0.06;False;0.08;False;0.05;False;ERR
1225;ERR;ERR;0.01;False;0.01;False;ERR;ERR;ERR;0.07;False;0.06;False;0.05;False;ERR
1226;ERR;ERR;0.01;True;0.0;True;ERR;ERR;ERR;ERR;ERR;ERR;ERR;ERR;ERR;ERR
1227;0.02;True;0.01;True;0.01;True;ERR;ERR;ERR;0.06;True;0.04;False;0.05;True;ERR
1228;ERR;ERR;0.01;False;0.0;False;ERR;ERR;ERR;0.07;False;0.05;False;0.03;False;ERR
1229;0.01;True;0.01;True;0.01;True;ERR;ERR;ERR;0.06;True;0.07;False;0.05;True;ERR
1230;ERR;ERR;0.01;False;0.01;False;ERR;ERR;ERR;0.07;False;0.06;False;0.04;False;ERR
1231;0.01;True;0.0;True;0.02;True;ERR;ERR;ERR;0.06;True;0.03;False;0.02;True;ERR
1232;ERR;ERR;0.01;False;0.01;False;ERR;ERR;ERR;0.07;False;0.07;False;0.05;False;ERR
1233;ERR;ERR;0.01;True;0.01;True;ERR;ERR;ERR;0.07;True;0.08;False;0.05;True;ERR
1234;ERR;ERR;0.01;False;0.0;False;ERR;ERR;ERR;0.07;False;0.07;False;0.05;False;ERR
1235;ERR;ERR;0.01;False;0.0;False;ERR;ERR;ERR;0.07;False;0.05;False;0.04;False;ERR
1236;ERR;ERR;0.01;False;0.02;False;ERR;ERR;ERR;0.07;False;0.08;False;0.06;False;ERR
1237;0.01;True;TO;TO;0.02;False;1.15;False;0.18168242099999998;ERR;ERR;ERR;ERR;ERR;ERR;ERR
1238;0.02;True;0.01;True;0.0;True;ERR;ERR;ERR;0.07;True;0.05;False;0.04;True;ERR
1239;ERR;ERR;0.01;False;0.02;False;ERR;ERR;ERR;0.06;False;0.06;False;0.05;False;ERR
1240;0.01;True;0.0;True;0.0;True;ERR;ERR;ERR;0.07;True;0.04;False;0.03;True;ERR
1241;ERR;ERR;0.02;True;0.01;True;ERR;ERR;ERR;0.06;True;0.04;False;0.04;True;ERR
1242;0.01;True;0.01;True;0.01;True;ERR;ERR;ERR;0.07;True;ERR;ERR;0.03;True;ERR
1243;ERR;ERR;0.01;False;0.02;False;ERR;ERR;ERR;0.06;False;0.06;False;0.04;False;ERR
1244;ERR;ERR;0.01;False;0.02;False;ERR;ERR;ERR;0.05;False;0.1;False;0.07;False;ERR
1245;ERR;ERR;1.29;True;2.64;True;ERR;ERR;ERR;0.23;True;0.06;False;2.85;True;ERR
1246;0.0;True;0.02;True;0.01;True;ERR;ERR;ERR;0.06;True;0.05;False;0.04;True;ERR
1247;ERR;ERR;0.01;False;0.01;False;ERR;ERR;ERR;0.07;False;0.07;False;0.05;False;ERR
1248;ERR;ERR;0.0;True;0.02;True;ERR;ERR;ERR;ERR;ERR;ERR;ERR;ERR;ERR;ERR
1249;0.01;True;0.01;True;0.02;True;ERR;ERR;ERR;0.06;True;0.04;False;0.04;True;ERR
1250;0.02;True;0.01;True;0.02;True;ERR;ERR;ERR;0.06;True;0.03;False;0.04;True;ERR
1251;0.01;True;0.01;True;0.01;True;ERR;ERR;ERR;0.05;True;0.04;False;0.05;True;ERR
1252;0.01;True;0.04;False;0.01;False;12.21;False;0.33206386200000004;ERR;ERR;ERR;ERR;ERR;ERR;ERR
1253;ERR;ERR;0.01;False;0.01;False;ERR;ERR;ERR;0.05;False;0.08;False;0.05;False;ERR
1254;ERR;ERR;0.0;False;0.01;False;ERR;ERR;ERR;0.05;False;0.06;False;0.04;False;ERR
1255;ERR;ERR;0.0;True;0.02;True;ERR;ERR;ERR;0.06;True;0.05;True;0.05;True;ERR
1256;0.02;True;0.0;True;0.01;True;ERR;ERR;ERR;0.05;True;0.04;False;0.03;True;ERR
1257;ERR;ERR;0.01;False;0.01;False;ERR;ERR;ERR;0.07;False;0.05;False;0.04;False;ERR
1258;ERR;ERR;0.01;True;0.01;True;ERR;ERR;ERR;0.06;True;0.09;False;0.04;True;ERR
1259;0.01;True;0.01;True;0.01;True;ERR;ERR;ERR;0.06;True;0.05;False;0.05;True;ERR
1260;ERR;ERR;0.01;False;0.0;False;ERR;ERR;ERR;0.06;False;0.06;False;0.05;False;ERR
1261;ERR;ERR;0.0;False;0.0;False;ERR;ERR;ERR;0.06;False;0.06;False;0.05;False;ERR
1262;0.01;True;0.0;True;0.01;True;ERR;ERR;ERR;0.07;True;0.03;False;0.05;True;ERR
1263;ERR;ERR;0.0;False;0.0;False;ERR;ERR;ERR;0.07;False;0.06;False;0.05;False;ERR
1264;ERR;ERR;0.01;False;0.01;False;ERR;ERR;ERR;0.07;False;0.05;False;0.04;False;ERR
1265;ERR;ERR;0.0;False;0.01;False;ERR;ERR;ERR;0.06;False;0.05;False;0.05;False;ERR
1266;0.02;True;0.64;False;0.02;False;ERR;ERR;ERR;0.29;False;0.23;False;0.39;False;ERR
1267;ERR;ERR;0.01;False;0.01;False;ERR;ERR;ERR;0.06;False;0.08;False;0.05;False;ERR
1268;ERR;ERR;0.01;False;0.0;False;ERR;ERR;ERR;0.05;False;0.05;False;0.04;False;ERR
1269;ERR;ERR;0.22;False;0.34;False;ERR;ERR;ERR;0.11;False;0.04;False;0.62;False;ERR
1270;0.02;True;0.0;True;0.0;True;ERR;ERR;ERR;0.06;True;0.09;False;0.05;True;ERR
1271;0.0;True;0.01;True;0.01;True;ERR;ERR;ERR;0.06;True;0.06;False;0.03;True;ERR
1272;ERR;ERR;0.01;False;0.01;False;ERR;ERR;ERR;0.04;False;0.11;False;0.05;False;ERR
1273;ERR;ERR;0.01;False;0.02;False;ERR;ERR;ERR;0.07;False;0.08;False;0.05;False;ERR
1274;0.01;True;0.05;False;0.01;False;7.29;False;0.24649802599999937;ERR;ERR;ERR;ERR;ERR;ERR;ERR
1275;0.01;True;0.01;False;0.01;False;ERR;ERR;ERR;ERR;ERR;ERR;ERR;ERR;ERR;ERR
1276;ERR;ERR;0.01;True;0.01;True;ERR;ERR;ERR;0.07;True;0.08;False;0.05;True;ERR
1277;0.01;True;0.0;True;0.02;True;ERR;ERR;ERR;0.06;True;0.07;False;0.03;True;ERR
1278;0.0;True;0.0;True;0.01;True;ERR;ERR;ERR;0.05;True;0.05;False;0.04;True;ERR
1279;0.02;True;1.29;False;0.01;False;0.65;False;0.164894445;0.86;False;0.06;False;0.04;False;ERR
1280;ERR;ERR;0.0;True;0.02;True;ERR;ERR;ERR;ERR;ERR;ERR;ERR;ERR;ERR;ERR
1281;0.01;True;0.01;True;0.01;True;ERR;ERR;ERR;0.06;True;0.05;False;0.03;True;ERR
1282;ERR;ERR;0.02;False;0.0;False;ERR;ERR;ERR;0.05;False;0.07;False;0.04;False;ERR
1283;0.01;True;0.0;True;0.01;True;ERR;ERR;ERR;0.04;True;0.07;False;0.04;True;ERR
1284;ERR;ERR;0.9;False;1.24;False;ERR;ERR;ERR;0.19;False;0.07;False;1.85;False;ERR
1285;ERR;ERR;0.0;False;0.01;False;ERR;ERR;ERR;0.06;False;0.05;False;0.05;False;ERR
1286;ERR;ERR;0.01;True;0.01;True;ERR;ERR;ERR;ERR;ERR;ERR;ERR;ERR;ERR;ERR
1287;ERR;ERR;0.01;False;0.02;False;ERR;ERR;ERR;ERR;ERR;ERR;ERR;ERR;ERR;ERR
1288;ERR;ERR;0.01;False;0.01;False;ERR;ERR;ERR;ERR;ERR;ERR;ERR;ERR;ERR;ERR
1289;0.02;True;0.13;False;0.0;False;1.83;False;0.17468082399999996;ERR;ERR;ERR;ERR;ERR;ERR;ERR
1290;ERR;ERR;0.01;False;0.01;False;ERR;ERR;ERR;0.06;False;0.06;False;0.06;False;ERR
1291;ERR;ERR;0.01;False;0.01;False;ERR;ERR;ERR;0.05;False;0.05;False;0.04;False;ERR
1292;ERR;ERR;0.01;False;0.02;False;ERR;ERR;ERR;0.06;False;0.07;False;0.05;False;ERR
1293;0.01;True;0.01;True;0.01;True;ERR;ERR;ERR;0.07;True;0.09;False;0.03;True;ERR
1294;ERR;ERR;0.01;False;0.02;False;ERR;ERR;ERR;0.06;False;0.08;False;0.06;False;ERR
1295;ERR;ERR;0.01;False;0.02;False;ERR;ERR;ERR;0.07;False;0.06;False;0.05;False;ERR
1296;0.01;True;0.0;True;0.01;True;ERR;ERR;ERR;0.05;True;0.06;False;0.04;True;ERR
1297;ERR;ERR;0.0;False;0.01;False;ERR;ERR;ERR;0.06;False;0.06;False;0.04;False;ERR
1298;0.0;True;0.01;True;0.02;True;ERR;ERR;ERR;0.07;True;0.04;False;0.03;True;ERR
1299;ERR;ERR;0.0;False;0.02;False;ERR;ERR;ERR;0.06;False;0.04;False;0.05;False;ERR
1300;0.01;True;0.02;True;0.01;True;ERR;ERR;ERR;0.07;True;0.11;False;0.05;True;ERR
1301;0.01;True;0.62;False;0.01;False;TO;TO;TO;ERR;ERR;ERR;ERR;ERR;ERR;ERR
1302;ERR;ERR;0.02;False;0.01;False;ERR;ERR;ERR;0.05;False;0.1;False;0.05;False;ERR
1303;ERR;ERR;0.01;False;0.01;False;ERR;ERR;ERR;0.06;False;0.04;False;0.04;False;ERR
1304;ERR;ERR;0.0;False;0.01;False;ERR;ERR;ERR;0.06;False;0.06;False;0.04;False;ERR
1305;ERR;ERR;0.01;True;0.0;True;ERR;ERR;ERR;0.06;True;0.04;True;0.05;True;ERR
1306;ERR;ERR;0.01;False;0.0;False;ERR;ERR;ERR;0.06;False;0.06;False;0.05;False;ERR
1307;0.02;True;0.01;True;0.0;True;ERR;ERR;ERR;0.04;True;0.04;False;0.04;True;ERR
1308;ERR;ERR;0.01;False;0.01;False;ERR;ERR;ERR;0.06;False;0.05;False;0.05;False;ERR
1309;ERR;ERR;0.01;False;0.01;False;ERR;ERR;ERR;0.06;False;0.05;False;0.04;False;ERR
1310;ERR;ERR;0.72;False;1.11;False;ERR;ERR;ERR;0.17;False;0.06;False;1.56;False;ERR
1311;ERR;ERR;0.01;False;0.02;False;ERR;ERR;ERR;0.07;False;0.06;False;0.05;False;ERR
1312;0.01;True;0.01;True;0.01;True;ERR;ERR;ERR;ERR;ERR;ERR;ERR;ERR;ERR;ERR
1313;ERR;ERR;0.01;False;0.01;False;ERR;ERR;ERR;0.06;False;0.06;False;0.04;False;ERR
1314;ERR;ERR;3.19;False;4.32;False;ERR;ERR;ERR;0.79;False;0.06;False;6.4;False;ERR
1315;0.01;True;0.01;True;0.01;True;ERR;ERR;ERR;ERR;ERR;ERR;ERR;ERR;ERR;ERR
1316;ERR;ERR;0.01;False;0.01;False;ERR;ERR;ERR;0.08;False;0.06;False;0.04;False;ERR
1317;ERR;ERR;0.01;False;0.0;False;ERR;ERR;ERR;0.07;False;0.05;False;0.05;False;ERR
1318;ERR;ERR;0.01;False;0.02;False;ERR;ERR;ERR;0.07;False;0.06;False;0.05;False;ERR
1319;0.01;True;TO;TO;0.0;False;77.86;False;0.3348804750000056;ERR;ERR;ERR;ERR;ERR;ERR;ERR
1320;ERR;ERR;0.01;False;0.0;False;ERR;ERR;ERR;0.04;False;0.07;False;0.04;False;ERR
1321;ERR;ERR;0.01;False;0.01;False;ERR;ERR;ERR;0.06;False;0.04;False;0.04;False;ERR
1322;0.01;True;0.01;True;0.02;True;ERR;ERR;ERR;0.06;True;0.08;False;0.05;True;ERR
1323;0.0;True;0.01;True;0.0;True;ERR;ERR;ERR;0.06;True;0.08;False;0.04;True;ERR
1324;ERR;ERR;0.01;False;0.01;False;ERR;ERR;ERR;0.06;False;0.06;False;0.05;False;ERR
1325;ERR;ERR;0.01;True;0.01;True;ERR;ERR;ERR;0.08;True;0.07;False;0.03;True;ERR
1326;ERR;ERR;0.01;False;0.01;False;ERR;ERR;ERR;0.06;False;0.06;False;0.04;False;ERR
1327;ERR;ERR;0.01;False;0.01;False;ERR;ERR;ERR;0.06;False;0.07;False;0.06;False;ERR
1328;ERR;ERR;0.0;False;0.01;False;ERR;ERR;ERR;0.07;False;0.06;False;0.05;False;ERR
1329;0.01;True;0.01;True;0.01;True;ERR;ERR;ERR;0.07;True;0.06;False;0.03;True;ERR
1330;0.01;True;0.01;False;0.01;False;ERR;ERR;ERR;0.05;False;0.06;False;0.03;False;ERR
1331;ERR;ERR;0.02;False;0.01;False;ERR;ERR;ERR;0.08;False;0.07;False;0.06;False;ERR
1332;ERR;ERR;0.01;False;0.01;False;ERR;ERR;ERR;0.07;False;0.1;False;0.06;False;ERR
1333;0.01;True;0.01;True;0.01;True;ERR;ERR;ERR;0.07;True;0.06;False;0.04;True;ERR
1334;0.01;True;0.01;True;0.02;True;ERR;ERR;ERR;ERR;ERR;ERR;ERR;ERR;ERR;ERR
1335;ERR;ERR;0.02;False;0.02;False;ERR;ERR;ERR;0.06;False;0.07;False;0.05;False;ERR
1336;ERR;ERR;0.01;False;0.01;False;ERR;ERR;ERR;0.06;False;0.07;False;0.04;False;ERR
1337;ERR;ERR;0.01;False;0.01;False;ERR;ERR;ERR;0.07;False;0.06;False;0.05;False;ERR
1338;0.01;True;0.01;True;0.01;True;ERR;ERR;ERR;0.06;True;0.04;False;0.05;True;ERR
1339;ERR;ERR;0.01;False;0.01;False;ERR;ERR;ERR;0.06;False;0.08;False;0.05;False;ERR
1340;ERR;ERR;0.02;False;0.01;False;ERR;ERR;ERR;0.07;False;0.05;False;0.04;False;ERR
1341;ERR;ERR;0.01;False;0.01;False;ERR;ERR;ERR;0.07;False;0.05;False;0.04;False;ERR
1342;ERR;ERR;1.08;False;1.57;False;ERR;ERR;ERR;0.23;False;0.07;False;2.35;False;ERR
1343;ERR;ERR;1.31;False;1.77;False;ERR;ERR;ERR;0.24;False;0.06;False;2.84;False;ERR
1344;ERR;ERR;0.01;False;0.01;False;ERR;ERR;ERR;0.09;False;0.07;False;0.06;False;ERR
1345;0.01;True;0.02;True;0.01;True;ERR;ERR;ERR;0.07;True;0.06;False;0.04;True;ERR
1346;ERR;ERR;1.2;False;2.63;False;ERR;ERR;ERR;0.23;False;0.04;False;2.79;False;ERR
1347;0.02;True;0.01;True;0.01;True;ERR;ERR;ERR;0.07;True;0.06;False;0.04;True;ERR
1348;ERR;ERR;0.02;True;0.01;True;ERR;ERR;ERR;0.06;True;0.05;True;0.05;True;ERR
1349;ERR;ERR;0.0;False;0.0;False;ERR;ERR;ERR;0.06;False;0.08;False;0.05;False;ERR
1350;0.01;True;0.01;False;0.02;False;11.21;False;0.21617695599999998;ERR;ERR;ERR;ERR;ERR;ERR;ERR
1351;ERR;ERR;0.79;False;1.04;False;ERR;ERR;ERR;0.18;False;0.08;False;1.65;False;ERR
1352;0.02;True;0.01;True;0.01;True;ERR;ERR;ERR;0.07;True;0.06;False;0.03;True;ERR
1353;0.01;True;0.02;True;0.01;True;ERR;ERR;ERR;0.09;True;0.13;False;0.03;True;ERR
1354;0.02;True;0.0;True;0.01;True;ERR;ERR;ERR;0.08;True;0.05;False;0.05;True;ERR
1355;0.02;True;0.01;True;0.01;True;ERR;ERR;ERR;0.06;True;0.05;False;0.04;True;ERR
1356;0.01;True;0.01;True;0.0;True;ERR;ERR;ERR;0.07;True;0.06;False;0.04;True;ERR
1357;0.02;True;0.02;True;0.01;True;ERR;ERR;ERR;0.06;True;0.06;False;0.06;True;ERR
1358;ERR;ERR;3.35;False;4.42;False;ERR;ERR;ERR;ERR;ERR;ERR;ERR;ERR;ERR;ERR
1359;ERR;ERR;0.02;False;0.02;False;ERR;ERR;ERR;0.07;False;0.05;False;0.03;False;ERR
1360;ERR;ERR;1.28;True;2.65;True;ERR;ERR;ERR;0.26;True;0.06;False;2.81;True;ERR
1361;ERR;ERR;1.16;False;1.64;False;ERR;ERR;ERR;0.23;False;0.06;False;2.35;False;ERR
1362;ERR;ERR;0.0;False;0.01;False;ERR;ERR;ERR;0.08;False;0.05;False;0.03;False;ERR
1363;ERR;ERR;0.01;False;0.01;False;ERR;ERR;ERR;0.08;False;0.07;False;0.04;False;ERR
1364;0.01;True;0.02;True;0.01;True;ERR;ERR;ERR;0.05;True;0.05;False;0.03;True;ERR
1365;ERR;ERR;0.0;False;0.01;False;ERR;ERR;ERR;0.06;False;0.06;False;0.06;False;ERR
1366;ERR;ERR;0.01;False;0.01;False;ERR;ERR;ERR;0.05;False;0.07;False;0.04;False;ERR
1367;0.01;True;0.01;True;0.01;True;ERR;ERR;ERR;0.06;True;0.06;False;0.05;True;ERR
1368;ERR;ERR;0.01;False;0.01;False;ERR;ERR;ERR;0.06;False;0.06;False;0.05;False;ERR
1369;0.01;True;0.0;True;0.0;True;ERR;ERR;ERR;0.06;True;0.03;False;0.04;True;ERR
1370;ERR;ERR;0.01;False;0.01;False;ERR;ERR;ERR;0.06;False;0.02;False;0.04;False;ERR
1371;ERR;ERR;0.01;False;0.02;False;ERR;ERR;ERR;0.07;False;0.07;False;0.06;False;ERR
1372;ERR;ERR;0.01;False;0.01;False;ERR;ERR;ERR;0.05;False;0.06;False;0.06;False;ERR
1373;ERR;ERR;0.01;False;0.01;False;ERR;ERR;ERR;0.05;False;0.08;False;0.04;False;ERR
1374;ERR;ERR;0.02;False;0.01;False;ERR;ERR;ERR;0.06;False;0.07;False;0.06;False;ERR
1375;ERR;ERR;0.01;False;0.02;False;ERR;ERR;ERR;0.06;False;0.04;False;0.04;False;ERR
1376;ERR;ERR;0.01;False;0.01;False;ERR;ERR;ERR;0.08;False;0.07;False;0.04;False;ERR
1377;ERR;ERR;0.01;False;0.02;False;ERR;ERR;ERR;0.06;False;0.07;False;0.06;False;ERR
1378;ERR;ERR;0.01;False;0.0;False;ERR;ERR;ERR;0.07;False;0.06;False;0.03;False;ERR
1379;ERR;ERR;0.01;False;0.01;False;ERR;ERR;ERR;0.07;False;0.07;False;0.05;False;ERR
1380;0.01;True;0.01;False;0.01;False;0.17;False;0.119638259;ERR;ERR;ERR;ERR;ERR;ERR;ERR
1381;0.01;True;1.87;False;0.01;False;ERR;ERR;ERR;0.18;False;1.38;False;5.67;False;ERR
1382;ERR;ERR;0.01;False;0.01;False;ERR;ERR;ERR;0.06;False;0.06;False;0.04;False;ERR
1383;ERR;ERR;0.01;False;0.0;False;ERR;ERR;ERR;0.06;False;0.05;False;0.04;False;ERR
1384;0.01;True;0.01;True;0.01;True;ERR;ERR;ERR;0.06;True;0.05;False;0.05;True;ERR
1385;ERR;ERR;0.0;True;0.01;True;ERR;ERR;ERR;0.06;True;0.05;True;0.04;True;ERR
1386;0.01;True;0.01;True;0.01;True;ERR;ERR;ERR;0.05;True;0.06;False;0.03;True;ERR
1387;0.01;True;0.01;True;0.01;True;ERR;ERR;ERR;0.06;True;0.04;False;0.03;True;ERR
1388;ERR;ERR;0.01;False;0.01;False;ERR;ERR;ERR;0.07;False;0.08;False;0.05;False;ERR
1389;ERR;ERR;0.01;False;0.01;False;ERR;ERR;ERR;0.07;False;0.06;False;0.03;False;ERR
1390;ERR;ERR;0.01;False;0.01;False;ERR;ERR;ERR;0.07;False;ERR;ERR;0.03;False;ERR
1391;ERR;ERR;0.01;False;0.02;False;ERR;ERR;ERR;0.05;False;0.04;False;0.04;False;ERR
1392;0.01;True;TO;TO;0.01;False;ERR;ERR;ERR;TO;TO;0.28;False;TO;TO;ERR
1393;0.01;True;0.01;True;0.01;True;ERR;ERR;ERR;0.05;True;0.05;False;0.03;True;ERR
1394;0.01;True;0.01;True;0.01;True;ERR;ERR;ERR;0.05;True;0.11;False;0.04;True;ERR
1395;0.01;True;0.01;True;0.01;True;ERR;ERR;ERR;0.07;True;0.04;False;0.04;True;ERR
1396;0.02;True;0.01;True;0.01;True;ERR;ERR;ERR;0.06;True;0.05;False;0.04;True;ERR
1397;0.01;True;0.01;True;0.02;True;ERR;ERR;ERR;0.06;True;0.07;False;0.05;True;ERR
1398;0.01;True;0.01;True;0.0;True;ERR;ERR;ERR;0.06;True;0.08;False;0.05;True;ERR
1399;ERR;ERR;1.36;False;2.63;False;ERR;ERR;ERR;0.26;False;0.05;False;2.79;False;ERR
1400;ERR;ERR;0.01;True;0.01;True;ERR;ERR;ERR;ERR;ERR;ERR;ERR;ERR;ERR;ERR
1401;ERR;ERR;3.09;False;4.06;False;ERR;ERR;ERR;ERR;ERR;ERR;ERR;ERR;ERR;ERR
1402;ERR;ERR;0.01;True;0.01;True;ERR;ERR;ERR;0.06;True;0.06;True;0.03;True;ERR
1403;ERR;ERR;0.01;False;0.01;False;ERR;ERR;ERR;0.06;False;0.08;False;0.04;False;ERR
1404;0.01;True;0.01;True;0.01;True;ERR;ERR;ERR;0.05;True;0.07;False;0.04;True;ERR
1405;0.01;True;0.01;True;0.01;True;ERR;ERR;ERR;0.06;True;0.06;False;0.05;True;ERR
1406;ERR;ERR;0.02;False;0.01;False;ERR;ERR;ERR;0.06;False;0.07;False;0.06;False;ERR
1407;ERR;ERR;0.78;False;1.14;False;ERR;ERR;ERR;0.17;False;0.09;False;1.59;False;ERR
1408;ERR;ERR;0.01;False;0.02;False;ERR;ERR;ERR;0.06;False;0.1;False;0.06;False;ERR
1409;ERR;ERR;0.01;False;0.01;False;ERR;ERR;ERR;0.06;False;0.07;False;0.04;False;ERR
1410;ERR;ERR;0.01;False;0.01;False;ERR;ERR;ERR;0.07;False;0.06;False;0.03;False;ERR
1411;ERR;ERR;0.01;True;0.01;True;ERR;ERR;ERR;0.07;True;0.1;False;0.05;True;ERR
1412;0.01;True;0.04;False;0.01;False;7.69;False;0.24910019000000005;ERR;ERR;ERR;ERR;ERR;ERR;ERR
1413;0.01;True;1.55;False;0.02;False;ERR;ERR;ERR;ERR;ERR;ERR;ERR;ERR;ERR;ERR
1414;0.0;True;0.02;True;0.02;True;0.16;False;0.13004197;ERR;ERR;ERR;ERR;ERR;ERR;ERR
1415;ERR;ERR;0.02;True;0.01;True;ERR;ERR;ERR;0.08;True;0.05;False;0.04;True;ERR
1416;0.01;True;0.0;True;0.01;True;ERR;ERR;ERR;0.06;True;0.06;False;0.06;True;ERR
1417;ERR;ERR;0.01;False;0.01;False;ERR;ERR;ERR;0.07;False;0.09;False;0.04;False;ERR
1418;ERR;ERR;1.24;False;0.01;False;ERR;ERR;ERR;0.23;False;0.05;False;2.83;False;ERR
1419;ERR;ERR;0.01;False;0.01;False;ERR;ERR;ERR;0.06;False;0.08;False;0.05;False;ERR
1420;0.01;True;0.01;True;0.01;True;ERR;ERR;ERR;0.06;True;0.05;False;0.04;True;ERR
1421;0.01;True;0.01;True;0.02;True;ERR;ERR;ERR;0.07;True;0.05;False;0.03;True;ERR
1422;ERR;ERR;0.01;False;0.02;False;ERR;ERR;ERR;0.06;False;0.07;False;0.04;False;ERR
1423;ERR;ERR;0.02;False;0.01;False;ERR;ERR;ERR;0.07;False;0.07;False;0.05;False;ERR
1424;0.01;True;0.01;True;0.02;True;ERR;ERR;ERR;0.07;True;0.04;False;0.05;True;ERR
1425;0.01;True;0.01;True;0.01;True;ERR;ERR;ERR;0.07;True;0.05;False;0.02;True;ERR
1426;ERR;ERR;0.01;False;0.01;False;ERR;ERR;ERR;0.06;False;0.05;False;0.02;False;ERR
1427;0.0;True;0.01;True;0.01;True;ERR;ERR;ERR;0.07;True;0.06;False;0.05;True;ERR
1428;ERR;ERR;0.01;True;0.01;True;ERR;ERR;ERR;ERR;ERR;ERR;ERR;ERR;ERR;ERR
1429;ERR;ERR;0.02;True;0.02;True;ERR;ERR;ERR;0.07;True;0.08;False;0.05;True;ERR
1430;ERR;ERR;0.01;False;0.02;False;ERR;ERR;ERR;0.07;False;0.05;False;0.05;False;ERR
1431;ERR;ERR;0.01;False;0.01;False;ERR;ERR;ERR;0.06;False;0.07;False;0.05;False;ERR
1432;0.01;True;0.01;False;0.01;False;1.57;False;0.08034012099999988;0.08;False;0.06;False;0.05;False;ERR
1433;0.02;True;0.01;True;0.01;True;ERR;ERR;ERR;0.06;True;0.06;False;0.05;True;ERR
1434;ERR;ERR;2.03;False;0.02;False;ERR;ERR;ERR;0.41;False;0.1;False;3.93;False;ERR
1435;0.02;True;0.01;True;0.01;True;ERR;ERR;ERR;0.06;True;0.11;False;0.04;True;ERR
1436;ERR;ERR;0.0;True;0.02;True;ERR;ERR;ERR;ERR;ERR;ERR;ERR;ERR;ERR;ERR
1437;ERR;ERR;0.01;False;0.01;False;ERR;ERR;ERR;ERR;ERR;ERR;ERR;ERR;ERR;ERR
1438;ERR;ERR;0.01;False;0.01;False;ERR;ERR;ERR;0.07;False;0.05;False;0.05;False;ERR
1439;0.01;True;0.01;True;0.01;True;ERR;ERR;ERR;0.06;True;0.05;False;0.04;True;ERR
1440;ERR;ERR;0.01;False;0.02;False;ERR;ERR;ERR;0.06;False;0.11;False;0.05;False;ERR
1441;0.02;True;0.01;True;0.01;True;ERR;ERR;ERR;0.06;True;0.05;False;0.03;True;ERR
1442;0.02;True;0.0;True;0.02;True;ERR;ERR;ERR;0.07;True;0.05;False;0.05;True;ERR
1443;ERR;ERR;0.02;False;0.01;False;ERR;ERR;ERR;0.07;False;0.06;False;0.04;False;ERR
1444;ERR;ERR;0.01;False;0.01;False;ERR;ERR;ERR;0.07;False;0.14;False;0.05;False;ERR
1445;ERR;ERR;0.01;False;0.01;False;ERR;ERR;ERR;0.08;False;0.06;False;0.04;False;ERR
1446;ERR;ERR;0.01;False;0.0;False;ERR;ERR;ERR;0.07;False;0.06;False;0.05;False;ERR
1447;ERR;ERR;0.0;False;0.02;False;ERR;ERR;ERR;0.06;False;0.06;False;0.04;False;ERR
1448;ERR;ERR;0.01;False;0.01;False;ERR;ERR;ERR;0.05;False;0.07;False;0.04;False;ERR
1449;0.0;True;0.0;False;0.02;False;ERR;ERR;ERR;ERR;ERR;ERR;ERR;ERR;ERR;ERR
1450;0.01;True;0.01;True;0.0;True;ERR;ERR;ERR;0.08;True;0.05;False;0.05;True;ERR
1451;0.02;True;0.02;True;0.0;True;ERR;ERR;ERR;0.09;True;0.04;False;0.04;True;ERR
1452;0.01;True;0.01;True;0.02;True;ERR;ERR;ERR;0.08;True;0.05;False;0.04;True;ERR
1453;ERR;ERR;0.01;False;0.02;False;ERR;ERR;ERR;0.06;False;0.08;False;0.06;False;ERR
1454;ERR;ERR;0.01;False;0.01;False;ERR;ERR;ERR;0.07;False;0.08;False;0.06;False;ERR
1455;ERR;ERR;0.01;False;0.01;False;ERR;ERR;ERR;0.05;False;0.05;False;0.05;False;ERR
1456;0.02;True;0.01;True;0.0;True;ERR;ERR;ERR;0.06;True;0.05;False;0.05;True;ERR
1457;0.01;True;0.02;True;0.01;True;ERR;ERR;ERR;0.09;True;0.04;False;0.04;True;ERR
1458;ERR;ERR;1.29;False;2.68;False;ERR;ERR;ERR;0.24;False;0.07;False;2.93;False;ERR
1459;ERR;ERR;0.01;False;0.01;False;ERR;ERR;ERR;0.07;False;0.07;False;0.04;False;ERR
1460;ERR;ERR;0.01;False;0.01;False;ERR;ERR;ERR;0.06;False;0.06;False;0.05;False;ERR
1461;ERR;ERR;0.0;True;0.01;True;ERR;ERR;ERR;ERR;ERR;ERR;ERR;ERR;ERR;ERR
1462;ERR;ERR;0.83;False;0.01;False;ERR;ERR;ERR;0.2;False;0.07;False;1.6;False;ERR
1463;0.01;True;0.01;True;0.01;True;ERR;ERR;ERR;0.06;True;0.06;False;0.03;True;ERR
1464;ERR;ERR;0.01;False;0.01;False;ERR;ERR;ERR;0.06;False;0.06;False;0.05;False;ERR
1465;0.01;True;0.0;True;0.01;True;ERR;ERR;ERR;0.07;True;0.05;False;0.04;True;ERR
1466;ERR;ERR;0.0;False;0.02;False;ERR;ERR;ERR;0.08;False;0.06;False;0.05;False;ERR
1467;ERR;ERR;0.02;False;0.01;False;ERR;ERR;ERR;0.06;False;0.06;False;0.06;False;ERR
1468;ERR;ERR;0.01;False;0.01;False;ERR;ERR;ERR;0.07;False;0.06;False;0.05;False;ERR
1469;ERR;ERR;0.88;False;0.01;False;ERR;ERR;ERR;0.2;False;0.09;False;1.89;False;ERR
1470;0.0;True;0.01;True;0.01;True;ERR;ERR;ERR;0.06;True;0.05;False;0.03;True;ERR
1471;ERR;ERR;0.01;False;0.0;False;ERR;ERR;ERR;0.06;False;0.05;False;0.04;False;ERR
1472;ERR;ERR;0.01;False;0.02;False;ERR;ERR;ERR;0.07;False;0.07;False;0.04;False;ERR
1473;ERR;ERR;0.01;True;0.01;True;ERR;ERR;ERR;0.06;True;0.11;False;0.06;True;ERR
1474;ERR;ERR;0.01;False;0.01;False;ERR;ERR;ERR;0.07;False;0.08;False;0.05;False;ERR
1475;ERR;ERR;0.77;False;0.01;False;ERR;ERR;ERR;0.17;False;0.09;False;1.63;False;ERR
1476;ERR;ERR;0.01;False;0.01;False;ERR;ERR;ERR;0.05;False;0.07;False;0.05;False;ERR
1477;ERR;ERR;0.01;False;0.01;False;ERR;ERR;ERR;0.07;False;0.09;False;0.07;False;ERR
1478;0.02;True;0.01;True;0.01;True;ERR;ERR;ERR;0.05;True;0.05;False;0.05;True;ERR
1479;0.01;True;0.0;True;0.01;True;ERR;ERR;ERR;0.06;True;0.04;False;0.04;True;ERR
1480;0.0;True;0.0;True;0.01;True;ERR;ERR;ERR;0.06;True;0.06;False;0.05;True;ERR
1481;ERR;ERR;0.01;False;0.01;False;ERR;ERR;ERR;0.05;False;0.08;False;0.04;False;ERR
1482;ERR;ERR;0.01;False;0.01;False;ERR;ERR;ERR;0.06;False;0.07;False;0.04;False;ERR
1483;0.01;True;0.92;False;2.21;False;ERR;ERR;ERR;ERR;ERR;ERR;ERR;ERR;ERR;ERR
1484;0.01;True;0.01;True;0.01;True;ERR;ERR;ERR;0.06;True;0.03;False;ERR;ERR;ERR
1485;ERR;ERR;0.01;False;0.01;False;ERR;ERR;ERR;0.04;False;0.04;False;0.04;False;ERR
1486;0.01;True;0.01;True;0.02;True;ERR;ERR;ERR;ERR;ERR;ERR;ERR;ERR;ERR;ERR
1487;0.02;True;0.01;True;0.01;True;ERR;ERR;ERR;0.06;True;0.06;False;0.05;True;ERR
1488;0.0;True;0.01;True;0.01;True;ERR;ERR;ERR;0.09;True;0.08;False;0.05;True;ERR
1489;0.01;True;0.01;True;0.01;True;ERR;ERR;ERR;0.06;True;0.04;False;0.04;True;ERR
1490;ERR;ERR;3.31;False;4.46;False;ERR;ERR;ERR;ERR;ERR;ERR;ERR;ERR;ERR;ERR
1491;0.01;True;0.0;True;0.01;True;ERR;ERR;ERR;0.06;True;0.11;False;0.04;True;ERR
1492;0.01;True;0.01;True;0.01;True;ERR;ERR;ERR;0.06;True;0.06;False;0.06;True;ERR
1493;ERR;ERR;0.01;False;0.01;False;ERR;ERR;ERR;0.07;False;0.07;False;0.05;False;ERR
1494;0.0;True;0.01;True;0.01;True;0.18;True;0.137084917;ERR;ERR;ERR;ERR;ERR;ERR;ERR
1495;0.02;True;0.01;True;0.01;True;ERR;ERR;ERR;0.07;True;0.05;False;0.05;True;ERR
1496;ERR;ERR;0.81;False;1.13;False;ERR;ERR;ERR;0.19;False;0.09;False;1.63;False;ERR
1497;ERR;ERR;1.26;False;2.65;False;ERR;ERR;ERR;0.24;False;0.05;False;2.79;False;ERR
1498;ERR;ERR;0.01;False;0.01;False;ERR;ERR;ERR;0.07;False;0.07;False;0.04;False;ERR
1499;ERR;ERR;0.01;False;0.01;False;ERR;ERR;ERR;0.06;False;0.06;False;0.06;False;ERR
1500;0.01;True;TO;TO;0.01;False;ERR;ERR;ERR;27.55;False;0.22;False;TO;TO;ERR
1501;ERR;ERR;1.24;False;2.63;False;ERR;ERR;ERR;0.23;False;0.04;False;2.83;False;ERR
1502;0.01;True;0.01;True;0.02;True;ERR;ERR;ERR;0.07;True;0.05;False;0.04;True;ERR
1503;ERR;ERR;0.02;False;0.01;False;ERR;ERR;ERR;0.07;False;0.06;False;0.04;False;ERR
1504;ERR;ERR;1.2;False;1.77;False;ERR;ERR;ERR;0.23;False;0.07;False;2.35;False;ERR
1505;ERR;ERR;0.01;False;0.01;False;ERR;ERR;ERR;0.05;False;0.07;False;0.04;False;ERR
1506;ERR;ERR;0.01;True;0.02;True;ERR;ERR;ERR;ERR;ERR;ERR;ERR;ERR;ERR;ERR
1507;0.01;True;0.01;True;0.01;True;ERR;ERR;ERR;0.05;True;0.11;False;0.04;True;ERR
1508;ERR;ERR;0.79;False;0.01;False;ERR;ERR;ERR;0.18;False;0.08;False;1.66;False;ERR
1509;ERR;ERR;0.01;False;0.01;False;ERR;ERR;ERR;0.07;False;0.06;False;0.05;False;ERR
1510;0.01;True;0.01;True;0.01;True;ERR;ERR;ERR;ERR;ERR;ERR;ERR;ERR;ERR;ERR
1511;0.01;True;0.01;True;0.01;True;ERR;ERR;ERR;0.05;True;0.05;False;0.02;True;ERR
1512;0.01;True;TO;TO;0.01;False;ERR;ERR;ERR;ERR;ERR;ERR;ERR;ERR;ERR;ERR
1513;ERR;ERR;0.01;False;0.0;False;ERR;ERR;ERR;0.07;False;0.07;False;0.04;False;ERR
1514;ERR;ERR;0.0;False;0.01;False;ERR;ERR;ERR;0.09;False;0.05;False;0.05;False;ERR
1515;ERR;ERR;0.0;False;0.02;False;ERR;ERR;ERR;0.08;False;0.07;False;0.05;False;ERR
1516;0.01;True;0.01;True;0.02;True;ERR;ERR;ERR;0.07;True;0.06;False;0.03;True;ERR
1517;0.02;True;0.0;True;0.01;True;ERR;ERR;ERR;0.08;True;0.05;False;0.06;True;ERR
1518;ERR;ERR;0.02;False;0.02;False;ERR;ERR;ERR;0.06;False;0.1;False;0.07;False;ERR
1519;0.02;True;0.01;True;0.01;True;ERR;ERR;ERR;0.07;True;0.04;False;0.04;True;ERR
1520;0.01;True;0.0;True;0.0;True;ERR;ERR;ERR;0.05;True;0.04;False;0.04;True;ERR
1521;0.01;True;0.72;False;1.22;False;ERR;ERR;ERR;ERR;ERR;ERR;ERR;ERR;ERR;ERR
1522;0.01;True;0.04;False;0.0;False;7.99;False;0.3220195719999994;ERR;ERR;ERR;ERR;ERR;ERR;ERR
1523;0.01;True;0.01;True;0.01;True;ERR;ERR;ERR;0.06;True;0.04;False;0.05;True;ERR
1524;ERR;ERR;0.0;False;0.01;False;ERR;ERR;ERR;0.05;False;0.06;False;0.06;False;ERR
1525;0.01;True;TO;TO;0.01;False;ERR;ERR;ERR;ERR;ERR;ERR;ERR;ERR;ERR;ERR
1526;ERR;ERR;0.0;True;0.01;True;ERR;ERR;ERR;0.07;True;0.04;True;0.03;True;ERR
1527;0.01;True;0.01;True;0.0;True;ERR;ERR;ERR;0.04;True;0.05;False;0.04;True;ERR
1528;ERR;ERR;0.01;False;0.01;False;ERR;ERR;ERR;0.06;False;0.09;False;0.05;False;ERR
1529;ERR;ERR;0.89;False;0.01;False;ERR;ERR;ERR;0.17;False;0.1;False;1.74;False;ERR
1530;ERR;ERR;1.31;False;2.62;False;ERR;ERR;ERR;0.24;False;0.05;False;2.78;False;ERR
1531;0.02;True;0.01;True;0.01;True;ERR;ERR;ERR;0.08;True;0.08;False;0.06;True;ERR
1532;0.03;True;1.31;False;1.75;False;ERR;ERR;ERR;0.25;False;0.06;False;2.83;False;ERR
1533;ERR;ERR;0.01;False;0.01;False;ERR;ERR;ERR;0.07;False;0.06;False;0.05;False;ERR
1534;ERR;ERR;0.01;False;0.01;False;ERR;ERR;ERR;0.08;False;0.08;False;0.06;False;ERR
1535;ERR;ERR;0.02;False;0.0;False;ERR;ERR;ERR;0.06;False;0.08;False;0.06;False;ERR
1536;ERR;ERR;1.22;False;2.68;False;ERR;ERR;ERR;0.25;False;0.04;False;2.86;False;ERR
1537;0.01;True;0.01;True;0.01;True;ERR;ERR;ERR;0.06;True;0.05;False;0.05;True;ERR
1538;ERR;ERR;0.01;False;0.0;False;ERR;ERR;ERR;0.06;False;0.07;False;0.05;False;ERR
1539;ERR;ERR;0.01;False;0.03;False;ERR;ERR;ERR;0.07;False;0.09;False;0.06;False;ERR
1540;ERR;ERR;0.0;False;0.01;False;ERR;ERR;ERR;0.07;False;0.06;False;0.04;False;ERR
1541;ERR;ERR;0.01;False;0.01;False;ERR;ERR;ERR;0.05;False;0.07;False;0.05;False;ERR
1542;ERR;ERR;0.02;False;0.01;False;ERR;ERR;ERR;0.06;False;0.06;False;0.06;False;ERR
1543;ERR;ERR;0.01;False;0.02;False;ERR;ERR;ERR;0.08;False;0.08;False;0.05;False;ERR
1544;0.01;True;0.01;True;0.01;True;ERR;ERR;ERR;0.08;True;0.04;False;0.04;True;ERR
1545;0.02;True;0.01;True;0.01;True;ERR;ERR;ERR;0.07;True;0.05;False;0.02;True;ERR
1546;ERR;ERR;0.01;False;0.01;False;ERR;ERR;ERR;0.06;False;0.04;False;0.04;False;ERR
1547;ERR;ERR;0.02;False;0.01;False;ERR;ERR;ERR;ERR;ERR;ERR;ERR;ERR;ERR;ERR
1548;0.01;True;0.01;True;0.02;True;ERR;ERR;ERR;0.05;True;0.05;False;0.04;True;ERR
1549;ERR;ERR;0.01;False;0.01;False;ERR;ERR;ERR;0.07;False;0.07;False;0.06;False;ERR
1550;ERR;ERR;0.01;False;0.01;False;ERR;ERR;ERR;0.07;False;0.06;False;0.04;False;ERR
1551;ERR;ERR;0.02;False;0.01;False;ERR;ERR;ERR;0.05;False;0.13;False;0.06;False;ERR
1552;ERR;ERR;0.01;False;0.01;False;ERR;ERR;ERR;0.07;False;0.06;False;0.04;False;ERR
1553;ERR;ERR;0.0;False;0.0;False;ERR;ERR;ERR;0.07;False;0.07;False;0.04;False;ERR
1554;0.02;True;34.9;False;0.02;False;TO;TO;TO;ERR;ERR;ERR;ERR;ERR;ERR;ERR
1555;ERR;ERR;0.01;False;0.01;False;ERR;ERR;ERR;0.07;False;0.07;False;0.04;False;ERR
1556;ERR;ERR;0.01;False;0.01;False;ERR;ERR;ERR;0.08;False;0.06;False;0.04;False;ERR
1557;ERR;ERR;0.01;False;0.01;False;ERR;ERR;ERR;0.08;False;0.05;False;0.04;False;ERR
1558;ERR;ERR;0.02;False;0.01;False;ERR;ERR;ERR;0.08;False;0.04;False;0.05;False;ERR
1559;0.02;True;0.01;True;0.01;True;ERR;ERR;ERR;0.07;True;0.06;False;0.05;True;ERR
1560;0.02;True;0.01;True;0.01;True;ERR;ERR;ERR;0.07;True;0.05;False;0.04;True;ERR
1561;ERR;ERR;1.32;False;1.77;False;ERR;ERR;ERR;0.24;False;0.08;False;2.86;False;ERR
1562;ERR;ERR;0.0;False;0.01;False;ERR;ERR;ERR;0.07;False;0.07;False;0.04;False;ERR
1563;0.01;True;0.0;True;0.01;True;ERR;ERR;ERR;0.06;True;0.05;False;0.04;True;ERR
1564;ERR;ERR;0.01;False;0.01;False;ERR;ERR;ERR;0.05;False;0.06;False;0.06;False;ERR
1565;ERR;ERR;0.01;False;0.0;False;ERR;ERR;ERR;0.07;False;0.06;False;0.04;False;ERR
1566;ERR;ERR;0.01;False;0.01;False;ERR;ERR;ERR;0.07;False;0.04;False;0.04;False;ERR
1567;0.02;True;0.01;True;0.02;True;ERR;ERR;ERR;0.06;True;0.07;False;0.04;True;ERR
1568;0.02;True;0.02;True;0.02;True;ERR;ERR;ERR;0.09;True;0.05;False;0.06;True;ERR
1569;ERR;ERR;0.01;False;0.01;False;ERR;ERR;ERR;0.08;False;0.08;False;0.06;False;ERR
1570;0.02;True;0.02;True;0.01;True;ERR;ERR;ERR;0.08;True;0.05;False;0.05;True;ERR
1571;ERR;ERR;0.01;False;0.01;False;ERR;ERR;ERR;0.07;False;0.06;False;0.06;False;ERR
1572;0.01;True;0.01;True;0.01;True;ERR;ERR;ERR;0.05;True;0.04;False;0.03;True;ERR
1573;0.01;True;0.01;True;0.01;True;ERR;ERR;ERR;0.07;True;0.04;False;0.03;True;ERR
1574;0.01;True;0.0;True;0.01;True;ERR;ERR;ERR;0.06;True;0.05;False;0.03;True;ERR
1575;0.01;True;0.02;True;0.01;True;ERR;ERR;ERR;0.05;True;0.05;False;0.04;True;ERR
1576;ERR;ERR;1.32;False;2.67;False;ERR;ERR;ERR;0.27;False;0.05;False;2.78;False;ERR
1577;0.01;True;0.02;True;0.01;True;ERR;ERR;ERR;0.05;True;0.05;False;0.03;True;ERR
1578;0.01;True;0.01;True;0.01;True;ERR;ERR;ERR;0.06;True;0.07;False;0.04;True;ERR
1579;0.01;True;0.0;True;0.01;True;ERR;ERR;ERR;0.07;True;0.07;False;0.04;True;ERR
1580;ERR;ERR;0.01;True;0.01;True;ERR;ERR;ERR;ERR;ERR;ERR;ERR;ERR;ERR;ERR
1581;0.02;True;0.01;True;0.01;True;ERR;ERR;ERR;0.07;True;0.05;False;0.02;True;ERR
1582;0.01;True;0.05;False;0.01;False;11.52;False;0.4173845080000014;ERR;ERR;ERR;ERR;ERR;ERR;ERR
1583;ERR;ERR;0.02;False;0.02;False;ERR;ERR;ERR;0.06;False;0.1;False;0.06;False;ERR
1584;0.02;True;0.01;True;0.01;True;ERR;ERR;ERR;ERR;ERR;ERR;ERR;ERR;ERR;ERR
1585;ERR;ERR;0.02;True;0.01;True;ERR;ERR;ERR;0.06;True;0.06;True;0.05;True;ERR
1586;ERR;ERR;0.01;False;0.0;False;ERR;ERR;ERR;0.07;False;0.06;False;0.04;False;ERR
1587;ERR;ERR;0.0;True;0.01;True;ERR;ERR;ERR;0.06;True;ERR;ERR;0.04;True;ERR
1588;0.01;True;0.01;True;0.01;True;ERR;ERR;ERR;0.06;True;0.04;False;0.05;True;ERR
1589;0.0;True;0.01;True;0.01;True;ERR;ERR;ERR;0.07;True;0.06;False;0.04;True;ERR
1590;ERR;ERR;1.29;False;2.64;False;ERR;ERR;ERR;0.26;False;0.06;False;2.81;False;ERR
1591;0.01;True;0.01;False;0.02;False;0.25;False;0.20736618700000004;ERR;ERR;ERR;ERR;ERR;ERR;ERR
1592;ERR;ERR;0.0;False;0.02;False;ERR;ERR;ERR;0.07;False;0.04;False;0.06;False;ERR
1593;ERR;ERR;0.01;False;0.01;False;ERR;ERR;ERR;0.06;False;0.06;False;0.05;False;ERR
1594;0.01;True;0.51;False;0.01;False;ERR;ERR;ERR;0.09;False;0.26;False;0.89;False;ERR
1595;0.01;True;0.01;True;0.01;True;ERR;ERR;ERR;0.06;True;0.05;False;0.02;True;ERR
1596;ERR;ERR;0.01;False;0.0;False;ERR;ERR;ERR;0.06;False;0.08;False;0.06;False;ERR
1597;ERR;ERR;0.01;False;0.01;False;ERR;ERR;ERR;0.06;False;0.06;False;0.05;False;ERR
1598;ERR;ERR;0.01;False;0.01;False;ERR;ERR;ERR;0.07;False;0.07;False;0.06;False;ERR
1599;ERR;ERR;0.02;False;0.01;False;ERR;ERR;ERR;0.07;False;0.04;False;0.04;False;ERR
1600;ERR;ERR;0.01;False;0.01;False;ERR;ERR;ERR;0.06;False;0.05;False;0.04;False;ERR
1601;0.02;True;0.01;True;0.0;True;ERR;ERR;ERR;0.07;True;0.07;False;0.04;True;ERR
1602;ERR;ERR;0.01;False;0.01;False;ERR;ERR;ERR;0.07;False;0.06;False;0.05;False;ERR
1603;ERR;ERR;0.01;False;0.02;False;ERR;ERR;ERR;0.06;False;0.04;False;0.04;False;ERR
1604;ERR;ERR;0.01;False;0.02;False;ERR;ERR;ERR;0.07;False;0.09;False;0.05;False;ERR
1605;ERR;ERR;0.02;False;0.01;False;ERR;ERR;ERR;0.06;False;0.08;False;0.05;False;ERR
1606;ERR;ERR;0.01;False;0.02;False;ERR;ERR;ERR;0.06;False;0.04;False;0.04;False;ERR
1607;0.02;True;0.01;True;0.02;True;ERR;ERR;ERR;0.06;True;0.06;False;0.04;True;ERR
1608;ERR;ERR;0.01;True;0.01;True;ERR;ERR;ERR;ERR;ERR;ERR;ERR;ERR;ERR;ERR
1609;0.02;True;0.01;True;0.03;True;ERR;ERR;ERR;0.06;True;0.05;False;0.05;True;ERR
1610;ERR;ERR;0.02;False;0.01;False;ERR;ERR;ERR;0.05;False;0.04;False;0.04;False;ERR
1611;0.01;True;0.01;True;0.01;True;ERR;ERR;ERR;0.07;True;0.06;False;0.04;True;ERR
1612;ERR;ERR;0.01;False;0.01;False;ERR;ERR;ERR;ERR;ERR;ERR;ERR;ERR;ERR;ERR
1613;0.02;True;2.08;False;0.01;False;12.78;False;0.3101588710000005;ERR;ERR;ERR;ERR;ERR;ERR;ERR
1614;ERR;ERR;0.02;False;0.02;False;ERR;ERR;ERR;0.06;False;0.07;False;0.05;False;ERR
1615;0.02;True;0.01;True;0.01;True;ERR;ERR;ERR;0.06;True;0.05;False;0.05;True;ERR
1616;0.01;True;0.01;False;0.02;False;ERR;ERR;ERR;0.08;False;0.07;False;0.04;False;ERR
1617;ERR;ERR;0.01;False;0.01;False;ERR;ERR;ERR;0.06;False;0.07;False;0.05;False;ERR
1618;0.02;True;0.01;True;0.01;True;ERR;ERR;ERR;ERR;ERR;ERR;ERR;ERR;ERR;ERR
1619;0.02;True;0.02;False;0.01;False;ERR;ERR;ERR;ERR;ERR;ERR;ERR;ERR;ERR;ERR
1620;ERR;ERR;0.01;False;0.01;False;ERR;ERR;ERR;ERR;ERR;ERR;ERR;ERR;ERR;ERR
1621;ERR;ERR;0.01;False;0.01;False;ERR;ERR;ERR;0.05;False;0.07;False;0.04;False;ERR
1622;ERR;ERR;0.01;False;0.02;False;ERR;ERR;ERR;0.05;False;0.07;False;0.05;False;ERR
1623;0.01;True;0.01;True;0.0;True;ERR;ERR;ERR;0.05;True;0.05;False;0.04;True;ERR
1624;ERR;ERR;0.81;False;1.13;False;ERR;ERR;ERR;0.18;False;0.09;False;1.66;False;ERR
1625;ERR;ERR;0.02;False;0.0;False;ERR;ERR;ERR;0.05;False;0.07;False;0.05;False;ERR
1626;ERR;ERR;0.01;False;0.02;False;ERR;ERR;ERR;ERR;ERR;ERR;ERR;ERR;ERR;ERR
1627;0.01;True;0.03;False;0.0;False;ERR;ERR;ERR;ERR;ERR;ERR;ERR;ERR;ERR;ERR
1628;ERR;ERR;0.01;False;0.01;False;ERR;ERR;ERR;0.06;False;0.06;False;0.04;False;ERR
1629;0.01;True;0.01;True;0.01;True;ERR;ERR;ERR;0.06;True;0.09;False;0.03;True;ERR
1630;ERR;ERR;0.02;False;0.01;False;ERR;ERR;ERR;0.07;False;0.06;False;0.04;False;ERR
1631;ERR;ERR;0.01;True;0.0;True;ERR;ERR;ERR;ERR;ERR;ERR;ERR;ERR;ERR;ERR
1632;0.01;True;0.55;False;0.0;False;TO;TO;TO;ERR;ERR;ERR;ERR;ERR;ERR;ERR
1633;ERR;ERR;0.01;False;0.01;False;ERR;ERR;ERR;ERR;ERR;ERR;ERR;ERR;ERR;ERR
1634;ERR;ERR;0.01;False;0.01;False;ERR;ERR;ERR;0.07;False;0.06;False;0.05;False;ERR
1635;ERR;ERR;0.01;False;0.01;False;ERR;ERR;ERR;0.07;False;0.07;False;0.04;False;ERR
1636;ERR;ERR;0.01;False;0.01;False;ERR;ERR;ERR;0.08;False;0.06;False;0.04;False;ERR
1637;ERR;ERR;1.3;False;2.65;False;ERR;ERR;ERR;0.23;False;0.03;False;2.81;False;ERR
1638;ERR;ERR;0.01;False;0.02;False;ERR;ERR;ERR;0.07;False;0.09;False;0.05;False;ERR
1639;ERR;ERR;0.01;False;0.02;False;ERR;ERR;ERR;0.06;False;0.1;False;0.06;False;ERR
1640;ERR;ERR;0.0;False;0.01;False;ERR;ERR;ERR;0.06;False;0.07;False;0.05;False;ERR
1641;ERR;ERR;0.01;False;0.01;False;ERR;ERR;ERR;0.06;False;0.06;False;0.04;False;ERR
1642;ERR;ERR;0.01;False;0.01;False;ERR;ERR;ERR;0.06;False;0.07;False;0.03;False;ERR
1643;0.02;True;0.02;True;0.01;True;ERR;ERR;ERR;0.08;True;0.05;False;0.04;True;ERR
1644;ERR;ERR;0.02;True;0.01;True;ERR;ERR;ERR;0.06;True;0.04;False;0.04;True;ERR
1645;ERR;ERR;0.02;False;0.02;False;ERR;ERR;ERR;0.04;False;0.06;False;0.05;False;ERR
1646;ERR;ERR;0.01;False;0.01;False;ERR;ERR;ERR;0.06;False;0.07;False;0.04;False;ERR
1647;ERR;ERR;0.02;False;0.02;False;ERR;ERR;ERR;0.07;False;0.06;False;0.05;False;ERR
1648;ERR;ERR;0.02;False;0.02;False;ERR;ERR;ERR;0.07;False;0.07;False;0.04;False;ERR
1649;0.01;True;0.01;True;0.01;True;ERR;ERR;ERR;0.06;True;0.05;False;0.04;True;ERR
1650;0.02;True;TO;TO;0.02;False;ERR;ERR;ERR;ERR;ERR;ERR;ERR;ERR;ERR;ERR
1651;ERR;ERR;0.01;False;0.0;False;ERR;ERR;ERR;0.06;False;0.07;False;0.04;False;ERR
1652;ERR;ERR;0.8;False;1.12;False;ERR;ERR;ERR;0.17;False;0.1;False;1.66;False;ERR
1653;0.01;True;0.01;True;0.01;True;ERR;ERR;ERR;0.08;True;0.04;False;0.05;True;ERR
1654;0.01;True;0.01;True;0.01;True;ERR;ERR;ERR;0.06;True;0.06;False;0.04;True;ERR
1655;ERR;ERR;0.02;False;0.01;False;ERR;ERR;ERR;0.06;False;0.07;False;0.06;False;ERR
1656;ERR;ERR;0.0;False;0.01;False;ERR;ERR;ERR;0.07;False;0.05;False;0.05;False;ERR
1657;ERR;ERR;0.01;False;0.02;False;ERR;ERR;ERR;0.07;False;0.07;False;0.05;False;ERR
1658;0.01;True;0.0;True;0.0;True;ERR;ERR;ERR;0.06;True;0.07;False;0.03;True;ERR
1659;ERR;ERR;0.01;True;0.01;True;ERR;ERR;ERR;0.07;True;0.09;False;0.05;True;ERR
1660;ERR;ERR;0.02;False;0.02;False;ERR;ERR;ERR;0.06;False;0.08;False;0.06;False;ERR
1661;0.01;True;0.01;True;0.0;True;ERR;ERR;ERR;0.06;True;0.04;False;0.04;True;ERR
1662;ERR;ERR;0.01;False;0.0;False;ERR;ERR;ERR;0.07;False;0.05;False;0.04;False;ERR
1663;ERR;ERR;1.29;False;1.75;False;ERR;ERR;ERR;0.24;False;0.04;False;2.8;False;ERR
1664;ERR;ERR;0.01;False;0.01;False;ERR;ERR;ERR;0.07;False;0.06;False;0.06;False;ERR
1665;ERR;ERR;0.01;False;0.01;False;ERR;ERR;ERR;0.08;False;0.06;False;0.05;False;ERR
1666;0.02;True;0.0;True;0.02;True;ERR;ERR;ERR;0.06;True;0.11;False;0.03;True;ERR
1667;ERR;ERR;0.02;False;0.02;False;ERR;ERR;ERR;0.06;False;0.06;False;0.06;False;ERR
1668;0.01;True;0.62;False;0.05;False;ERR;ERR;ERR;0.15;False;0.51;False;0.14;False;ERR
1669;ERR;ERR;0.01;False;0.01;False;ERR;ERR;ERR;0.06;False;0.06;False;0.03;False;ERR
1670;ERR;ERR;0.02;False;0.01;False;ERR;ERR;ERR;0.07;False;0.08;False;0.04;False;ERR
1671;ERR;ERR;0.01;True;0.02;True;ERR;ERR;ERR;0.06;True;0.08;False;0.04;True;ERR
1672;0.01;True;0.0;True;0.01;True;ERR;ERR;ERR;0.07;True;0.05;False;0.04;True;ERR
1673;ERR;ERR;0.01;False;0.02;False;ERR;ERR;ERR;0.06;False;0.06;False;0.07;False;ERR
1674;ERR;ERR;0.01;True;0.01;True;ERR;ERR;ERR;0.05;True;0.05;True;0.03;True;ERR
1675;ERR;ERR;0.02;False;0.01;False;ERR;ERR;ERR;0.06;False;0.06;False;0.05;False;ERR
1676;ERR;ERR;0.0;False;0.01;False;ERR;ERR;ERR;0.07;False;0.07;False;0.05;False;ERR
1677;ERR;ERR;0.01;False;0.01;False;ERR;ERR;ERR;0.07;False;0.06;False;0.05;False;ERR
1678;0.01;True;2.62;False;0.01;False;ERR;ERR;ERR;0.7;False;0.07;False;4.82;False;ERR
1679;ERR;ERR;0.0;False;0.01;False;ERR;ERR;ERR;0.07;False;0.06;False;0.05;False;ERR
1680;ERR;ERR;0.02;False;0.02;False;ERR;ERR;ERR;0.05;False;0.06;False;0.04;False;ERR
1681;ERR;ERR;0.0;False;0.01;False;ERR;ERR;ERR;0.06;False;0.05;False;0.04;False;ERR
1682;ERR;ERR;1.26;False;1.66;False;ERR;ERR;ERR;0.23;False;0.05;False;2.34;False;ERR
1683;ERR;ERR;0.01;False;0.01;False;ERR;ERR;ERR;0.06;False;0.06;False;0.02;False;ERR
1684;0.02;True;0.0;True;0.01;True;ERR;ERR;ERR;0.06;True;0.08;False;0.03;True;ERR
1685;ERR;ERR;0.01;False;0.01;False;ERR;ERR;ERR;0.06;False;0.07;False;0.06;False;ERR
1686;ERR;ERR;0.01;False;0.01;False;ERR;ERR;ERR;0.06;False;0.07;False;0.05;False;ERR
1687;ERR;ERR;0.01;False;0.01;False;ERR;ERR;ERR;0.06;False;0.05;False;0.05;False;ERR
1688;0.01;True;0.01;True;0.01;True;ERR;ERR;ERR;0.06;True;0.05;False;0.04;True;ERR
1689;ERR;ERR;0.01;False;0.01;False;ERR;ERR;ERR;0.04;False;0.07;False;0.05;False;ERR
1690;0.02;True;0.01;True;0.0;True;ERR;ERR;ERR;0.06;True;0.05;False;0.05;True;ERR
1691;ERR;ERR;0.01;False;0.01;False;ERR;ERR;ERR;0.06;False;0.05;False;0.05;False;ERR
1692;0.02;True;0.01;True;0.0;True;ERR;ERR;ERR;0.05;True;0.06;False;0.05;True;ERR
1693;0.01;True;0.01;True;0.01;True;ERR;ERR;ERR;0.06;True;0.04;False;0.05;True;ERR
1694;ERR;ERR;0.01;False;0.02;False;ERR;ERR;ERR;0.05;False;0.06;False;0.05;False;ERR
1695;ERR;ERR;0.01;False;0.01;False;ERR;ERR;ERR;0.06;False;0.06;False;0.03;False;ERR
1696;0.01;True;0.01;True;0.01;True;ERR;ERR;ERR;0.06;True;0.04;False;0.04;True;ERR
1697;ERR;ERR;0.01;False;0.01;False;ERR;ERR;ERR;0.06;False;0.1;False;0.06;False;ERR
1698;ERR;ERR;0.02;False;0.01;False;ERR;ERR;ERR;0.06;False;0.07;False;0.04;False;ERR
1699;0.01;True;0.01;True;0.01;True;ERR;ERR;ERR;0.07;True;0.07;False;0.03;True;ERR
1700;0.01;True;0.01;True;0.02;True;ERR;ERR;ERR;0.06;True;0.05;False;0.04;True;ERR
1701;0.01;True;0.01;True;0.01;True;ERR;ERR;ERR;0.06;True;0.12;False;0.05;True;ERR
1702;0.02;True;0.01;True;0.0;True;ERR;ERR;ERR;0.06;True;ERR;ERR;0.05;True;ERR
1703;ERR;ERR;0.01;False;0.01;False;ERR;ERR;ERR;0.07;False;0.05;False;0.04;False;ERR
1704;ERR;ERR;0.01;False;0.01;False;ERR;ERR;ERR;0.07;False;0.12;False;0.05;False;ERR
1705;ERR;ERR;1.34;True;1.77;True;ERR;ERR;ERR;0.26;True;0.05;False;2.82;True;ERR
1706;0.01;True;0.01;True;0.01;True;ERR;ERR;ERR;0.07;True;0.05;False;0.04;True;ERR
1707;0.01;True;0.01;True;0.01;True;ERR;ERR;ERR;ERR;ERR;ERR;ERR;ERR;ERR;ERR
1708;0.01;True;1.57;False;2.74;False;ERR;ERR;ERR;ERR;ERR;ERR;ERR;ERR;ERR;ERR
1709;ERR;ERR;0.01;False;0.01;False;ERR;ERR;ERR;0.07;False;0.08;False;0.04;False;ERR
1710;0.01;True;0.01;True;0.01;True;ERR;ERR;ERR;0.05;True;0.05;False;0.04;True;ERR
1711;0.01;True;0.0;True;0.01;True;ERR;ERR;ERR;0.06;True;0.05;False;0.02;True;ERR
1712;0.01;True;0.0;True;0.01;True;0.07;False;0.041740482;ERR;ERR;ERR;ERR;ERR;ERR;ERR
1713;ERR;ERR;0.0;False;0.01;False;ERR;ERR;ERR;0.06;False;0.06;False;0.05;False;ERR
1714;ERR;ERR;0.01;False;0.01;False;ERR;ERR;ERR;0.07;False;0.07;False;0.05;False;ERR
1715;ERR;ERR;0.01;True;0.02;True;ERR;ERR;ERR;0.06;True;0.07;True;0.05;True;ERR
1716;ERR;ERR;0.01;False;0.02;False;ERR;ERR;ERR;0.06;False;0.06;False;0.04;False;ERR
1717;ERR;ERR;0.02;False;0.01;False;ERR;ERR;ERR;0.08;False;0.07;False;0.07;False;ERR
1718;ERR;ERR;0.01;False;0.01;False;ERR;ERR;ERR;0.06;False;0.03;False;0.04;False;ERR
1719;0.01;True;0.01;True;0.01;True;ERR;ERR;ERR;0.06;True;0.06;False;0.06;True;ERR
1720;0.02;True;0.01;True;0.01;True;ERR;ERR;ERR;0.06;True;0.09;False;0.05;True;ERR
1721;ERR;ERR;1.23;False;2.64;False;ERR;ERR;ERR;0.23;False;0.06;False;2.83;False;ERR
1722;ERR;ERR;0.0;False;0.0;False;ERR;ERR;ERR;0.06;False;0.05;False;0.06;False;ERR
1723;ERR;ERR;0.01;False;0.01;False;ERR;ERR;ERR;0.05;False;0.04;False;0.05;False;ERR
1724;ERR;ERR;0.01;False;0.01;False;ERR;ERR;ERR;0.06;False;0.07;False;0.04;False;ERR
1725;ERR;ERR;0.01;True;0.01;True;ERR;ERR;ERR;0.06;True;0.05;True;0.03;True;ERR
1726;0.01;True;0.01;True;0.01;True;ERR;ERR;ERR;0.08;True;0.05;False;0.05;True;ERR
1727;0.02;True;0.01;True;0.02;True;ERR;ERR;ERR;0.06;True;0.05;False;0.04;True;ERR
1728;ERR;ERR;0.01;False;0.01;False;ERR;ERR;ERR;0.06;False;0.05;False;0.04;False;ERR
1729;ERR;ERR;0.02;False;0.02;False;ERR;ERR;ERR;0.07;False;0.06;False;0.05;False;ERR
1730;ERR;ERR;0.01;False;0.02;False;ERR;ERR;ERR;0.06;False;0.05;False;0.04;False;ERR
1731;ERR;ERR;0.02;False;0.02;False;ERR;ERR;ERR;0.07;False;0.09;False;0.07;False;ERR
1732;0.01;True;0.01;True;0.02;True;ERR;ERR;ERR;0.07;True;0.07;False;0.05;True;ERR
1733;ERR;ERR;0.02;False;0.02;False;ERR;ERR;ERR;0.07;False;0.1;False;0.05;False;ERR
1734;0.01;True;0.05;False;0.01;False;6.53;False;0.2345467249999995;ERR;ERR;ERR;ERR;ERR;ERR;ERR
1735;0.01;True;0.01;True;0.0;True;ERR;ERR;ERR;ERR;ERR;ERR;ERR;ERR;ERR;ERR
1736;ERR;ERR;1.25;False;1.67;False;ERR;ERR;ERR;0.24;False;0.08;False;2.39;False;ERR
1737;0.01;True;0.05;False;0.01;False;6.3;False;0.2382073380000005;ERR;ERR;ERR;ERR;ERR;ERR;ERR
1738;ERR;ERR;0.02;False;0.02;False;ERR;ERR;ERR;0.05;False;0.06;False;0.04;False;ERR
1739;0.01;True;0.02;True;0.01;True;ERR;ERR;ERR;0.06;True;0.04;False;0.04;True;ERR
1740;ERR;ERR;0.01;True;0.01;True;ERR;ERR;ERR;0.04;True;0.06;False;0.05;True;ERR
1741;ERR;ERR;0.0;False;0.0;False;ERR;ERR;ERR;0.07;False;0.06;False;0.05;False;ERR
1742;0.02;True;0.01;True;0.01;True;ERR;ERR;ERR;0.06;True;0.05;False;0.04;True;ERR
1743;0.01;True;0.01;True;0.0;True;ERR;ERR;ERR;0.05;True;0.08;False;0.03;True;ERR
1744;ERR;ERR;0.01;False;0.01;False;ERR;ERR;ERR;0.06;False;0.05;False;0.04;False;ERR
1745;ERR;ERR;0.0;True;0.01;True;ERR;ERR;ERR;ERR;ERR;ERR;ERR;ERR;ERR;ERR
1746;ERR;ERR;0.01;False;0.01;False;ERR;ERR;ERR;0.05;False;0.05;False;0.05;False;ERR
1747;ERR;ERR;0.01;False;0.0;False;ERR;ERR;ERR;0.06;False;0.06;False;0.04;False;ERR
1748;ERR;ERR;0.01;False;0.02;False;ERR;ERR;ERR;0.06;False;0.13;False;0.07;False;ERR
1749;ERR;ERR;0.0;False;0.01;False;ERR;ERR;ERR;0.05;False;0.05;False;0.03;False;ERR
1750;ERR;ERR;0.01;False;0.01;False;ERR;ERR;ERR;0.07;False;0.05;False;0.04;False;ERR
1751;ERR;ERR;0.0;False;0.01;False;ERR;ERR;ERR;0.06;False;0.06;False;0.03;False;ERR
1752;ERR;ERR;0.01;False;0.01;False;ERR;ERR;ERR;0.06;False;0.07;False;0.04;False;ERR
1753;0.01;True;0.01;True;0.02;True;ERR;ERR;ERR;0.07;True;0.07;False;0.05;True;ERR
1754;ERR;ERR;0.01;False;0.0;False;ERR;ERR;ERR;0.07;False;0.07;False;0.04;False;ERR
1755;ERR;ERR;0.02;False;0.02;False;ERR;ERR;ERR;0.07;False;0.09;False;0.06;False;ERR
1756;0.01;True;0.01;True;0.01;True;ERR;ERR;ERR;0.06;True;0.07;False;0.06;True;ERR
1757;0.01;True;0.05;False;0.01;False;ERR;ERR;ERR;0.07;False;0.07;False;0.05;False;ERR
1758;ERR;ERR;0.01;False;0.02;False;ERR;ERR;ERR;0.05;False;0.06;False;0.04;False;ERR
1759;ERR;ERR;0.01;False;0.0;False;ERR;ERR;ERR;ERR;ERR;ERR;ERR;ERR;ERR;ERR
1760;ERR;ERR;1.36;False;1.76;False;ERR;ERR;ERR;0.22;False;0.03;False;2.82;False;ERR
1761;0.01;True;0.01;True;0.01;True;ERR;ERR;ERR;0.06;True;0.06;False;0.03;True;ERR
1762;ERR;ERR;0.02;False;0.02;False;ERR;ERR;ERR;0.07;False;0.06;False;0.05;False;ERR
1763;ERR;ERR;0.01;False;0.01;False;ERR;ERR;ERR;0.07;False;0.06;False;0.05;False;ERR
1764;0.0;True;0.01;True;0.01;True;ERR;ERR;ERR;0.06;True;0.04;False;0.03;True;ERR
1765;ERR;ERR;0.01;False;0.01;False;ERR;ERR;ERR;0.07;False;0.06;False;0.05;False;ERR
1766;ERR;ERR;0.01;False;0.02;False;ERR;ERR;ERR;0.07;False;0.09;False;0.05;False;ERR
1767;ERR;ERR;0.01;False;0.01;False;ERR;ERR;ERR;0.07;False;0.08;False;0.05;False;ERR
1768;ERR;ERR;0.0;False;0.02;False;ERR;ERR;ERR;0.07;False;0.07;False;0.04;False;ERR
1769;ERR;ERR;0.01;False;0.0;False;ERR;ERR;ERR;0.07;False;0.07;False;0.04;False;ERR
1770;0.02;True;0.01;True;0.01;True;ERR;ERR;ERR;0.08;True;0.05;False;0.04;True;ERR
1771;0.02;True;0.01;True;0.01;True;ERR;ERR;ERR;0.06;True;0.06;False;0.05;True;ERR
1772;0.02;True;0.01;True;0.02;True;ERR;ERR;ERR;0.07;True;0.04;False;0.05;True;ERR
1773;ERR;ERR;0.01;True;0.01;True;ERR;ERR;ERR;0.05;True;0.11;False;0.03;True;ERR
1774;ERR;ERR;0.01;False;0.0;False;ERR;ERR;ERR;0.06;False;0.06;False;0.04;False;ERR
1775;ERR;ERR;0.02;True;0.01;True;ERR;ERR;ERR;0.07;True;0.05;False;0.04;True;ERR
1776;ERR;ERR;0.79;False;1.14;False;ERR;ERR;ERR;0.17;False;0.09;False;1.62;False;ERR
1777;ERR;ERR;1.23;False;2.64;False;ERR;ERR;ERR;0.23;False;0.04;False;2.78;False;ERR
1778;ERR;ERR;1.25;False;2.63;False;ERR;ERR;ERR;0.24;False;0.04;False;2.78;False;ERR
1779;0.01;True;0.0;True;0.0;True;ERR;ERR;ERR;0.06;True;0.06;False;0.04;True;ERR
1780;0.02;True;TO;TO;0.01;False;ERR;ERR;ERR;78.18;False;1.61;False;TO;TO;ERR
1781;0.01;True;0.01;True;0.01;True;ERR;ERR;ERR;0.06;True;0.1;False;0.05;True;ERR
1782;0.01;True;0.01;True;0.02;True;ERR;ERR;ERR;0.06;True;0.05;False;0.05;True;ERR
1783;ERR;ERR;0.01;False;0.01;False;ERR;ERR;ERR;0.06;False;0.08;False;0.04;False;ERR
1784;0.01;True;0.01;True;0.02;True;ERR;ERR;ERR;0.08;True;0.07;False;0.04;True;ERR
1785;ERR;ERR;1.23;False;2.7;False;ERR;ERR;ERR;0.24;False;0.07;False;2.8;False;ERR
1786;ERR;ERR;0.01;False;0.01;False;ERR;ERR;ERR;ERR;ERR;ERR;ERR;ERR;ERR;ERR
1787;0.01;True;0.01;True;0.01;True;ERR;ERR;ERR;0.06;True;0.03;False;0.04;True;ERR
1788;ERR;ERR;0.15;False;0.22;False;ERR;ERR;ERR;0.08;False;0.04;False;0.43;False;ERR
1789;ERR;ERR;0.01;False;0.0;False;ERR;ERR;ERR;0.08;False;0.05;False;0.04;False;ERR
1790;ERR;ERR;0.01;False;0.0;False;ERR;ERR;ERR;0.06;False;0.04;False;0.04;False;ERR
1791;ERR;ERR;0.01;False;0.0;False;ERR;ERR;ERR;0.06;False;0.06;False;0.04;False;ERR
1792;ERR;ERR;0.01;False;0.01;False;ERR;ERR;ERR;0.07;False;0.05;False;0.05;False;ERR
1793;0.01;True;0.01;True;0.01;True;ERR;ERR;ERR;0.06;True;0.05;False;0.04;True;ERR
1794;0.01;True;0.01;True;0.01;True;ERR;ERR;ERR;0.07;True;0.07;False;0.04;True;ERR
1795;ERR;ERR;0.01;False;0.0;False;ERR;ERR;ERR;0.07;False;0.06;False;0.04;False;ERR
1796;0.01;True;0.03;False;0.01;False;27.4;False;0.43676189700000023;ERR;ERR;ERR;ERR;ERR;ERR;ERR
1797;0.01;True;0.01;True;0.01;True;ERR;ERR;ERR;0.06;True;0.05;False;0.04;True;ERR
1798;ERR;ERR;0.01;False;0.0;False;ERR;ERR;ERR;0.06;False;0.07;False;0.05;False;ERR
1799;0.02;True;0.01;True;0.01;True;ERR;ERR;ERR;0.06;True;0.06;False;0.06;True;ERR
1800;0.01;True;0.01;True;0.01;True;ERR;ERR;ERR;0.06;True;0.05;False;0.06;True;ERR
1801;0.02;True;0.01;True;0.01;True;ERR;ERR;ERR;0.07;True;0.05;False;0.05;True;ERR
1802;ERR;ERR;0.02;False;0.0;False;ERR;ERR;ERR;0.06;False;0.06;False;0.04;False;ERR
1803;0.02;True;TO;TO;0.01;False;ERR;ERR;ERR;TO;TO;0.22;False;TO;TO;ERR
1804;0.01;True;0.01;True;0.01;True;0.34;True;0.141426841;ERR;ERR;ERR;ERR;ERR;ERR;ERR
1805;ERR;ERR;0.02;False;0.02;False;ERR;ERR;ERR;0.07;False;0.08;False;0.05;False;ERR
1806;0.01;True;0.02;False;0.01;False;ERR;ERR;ERR;ERR;ERR;ERR;ERR;ERR;ERR;ERR
1807;0.01;True;0.01;True;0.02;True;ERR;ERR;ERR;0.05;True;0.03;False;0.05;True;ERR
1808;0.02;True;0.0;True;0.02;True;ERR;ERR;ERR;0.06;True;0.06;False;0.03;True;ERR
1809;0.01;True;0.01;True;0.01;True;ERR;ERR;ERR;0.07;True;0.05;False;0.05;True;ERR
1810;0.01;True;0.01;True;0.01;True;ERR;ERR;ERR;0.08;True;0.05;False;0.03;True;ERR
1811;0.01;True;0.04;False;0.01;False;ERR;ERR;ERR;ERR;ERR;ERR;ERR;ERR;ERR;ERR
1812;0.01;True;0.01;True;0.01;True;ERR;ERR;ERR;0.06;True;0.06;False;ERR;ERR;ERR
1813;ERR;ERR;0.02;False;0.02;False;ERR;ERR;ERR;0.06;False;0.06;False;0.04;False;ERR
1814;0.01;True;0.02;True;0.01;True;ERR;ERR;ERR;0.06;True;0.04;False;0.05;True;ERR
1815;ERR;ERR;0.0;False;0.0;False;ERR;ERR;ERR;0.06;False;0.07;False;0.06;False;ERR
1816;0.01;True;0.01;True;0.01;True;ERR;ERR;ERR;0.06;True;0.06;False;0.05;True;ERR
1817;ERR;ERR;0.0;False;0.02;False;ERR;ERR;ERR;0.07;False;0.07;False;0.06;False;ERR
1818;0.01;True;0.03;True;0.02;True;ERR;ERR;ERR;0.06;True;0.06;False;0.05;True;ERR
1819;ERR;ERR;0.02;False;0.01;False;ERR;ERR;ERR;0.05;False;0.08;False;0.05;False;ERR
1820;ERR;ERR;0.02;False;0.01;False;ERR;ERR;ERR;0.06;False;0.06;False;0.06;False;ERR
1821;ERR;ERR;0.0;True;0.01;True;ERR;ERR;ERR;ERR;ERR;ERR;ERR;ERR;ERR;ERR
1822;ERR;ERR;0.01;False;0.0;False;ERR;ERR;ERR;0.05;False;0.05;False;0.03;False;ERR
1823;ERR;ERR;0.0;False;0.01;False;ERR;ERR;ERR;0.06;False;0.08;False;0.06;False;ERR
1824;0.01;True;0.42;False;0.01;False;4.87;False;0.3192924690000005;ERR;ERR;ERR;ERR;ERR;ERR;ERR
1825;0.01;True;0.01;True;0.01;True;ERR;ERR;ERR;0.06;True;0.05;False;0.04;True;ERR
1826;ERR;ERR;1.18;False;1.62;False;ERR;ERR;ERR;0.21;False;0.12;False;2.39;False;ERR
1827;ERR;ERR;0.01;False;0.01;False;ERR;ERR;ERR;0.05;False;0.07;False;0.04;False;ERR
1828;0.01;True;0.68;False;1.5;False;ERR;ERR;ERR;0.13;False;0.06;False;1.58;False;ERR
1829;ERR;ERR;0.01;False;0.01;False;ERR;ERR;ERR;0.07;False;0.07;False;0.05;False;ERR
1830;ERR;ERR;0.01;False;0.01;False;ERR;ERR;ERR;0.05;False;0.07;False;0.05;False;ERR
1831;ERR;ERR;0.02;False;0.01;False;ERR;ERR;ERR;0.07;False;0.04;False;0.05;False;ERR
1832;0.0;True;0.01;True;0.01;True;ERR;ERR;ERR;0.06;True;0.04;False;0.05;True;ERR
1833;ERR;ERR;0.01;False;0.01;False;ERR;ERR;ERR;0.05;False;0.04;False;0.03;False;ERR
1834;ERR;ERR;0.01;False;0.01;False;ERR;ERR;ERR;0.07;False;0.07;False;0.04;False;ERR
1835;0.02;True;0.0;True;0.01;True;ERR;ERR;ERR;0.07;True;0.06;False;0.05;True;ERR
1836;ERR;ERR;0.01;False;0.02;False;ERR;ERR;ERR;0.07;False;0.05;False;0.05;False;ERR
1837;ERR;ERR;0.83;False;1.09;False;ERR;ERR;ERR;0.2;False;0.09;False;1.64;False;ERR
1838;0.01;True;0.0;True;0.0;True;ERR;ERR;ERR;0.06;True;0.05;False;0.05;True;ERR
1839;ERR;ERR;0.01;True;0.01;True;ERR;ERR;ERR;0.06;True;0.04;True;0.05;True;ERR
1840;ERR;ERR;0.01;False;0.01;False;ERR;ERR;ERR;0.06;False;0.06;False;0.05;False;ERR
1841;ERR;ERR;0.01;False;0.01;False;ERR;ERR;ERR;0.07;False;0.07;False;0.05;False;ERR
1842;0.0;True;0.0;True;0.01;True;ERR;ERR;ERR;0.06;True;0.07;False;0.05;True;ERR
1843;0.01;True;0.01;True;0.02;True;ERR;ERR;ERR;0.06;True;0.05;False;0.05;True;ERR
1844;ERR;ERR;0.01;True;0.01;True;ERR;ERR;ERR;0.05;True;0.06;True;0.05;True;ERR
1845;ERR;ERR;1.29;False;0.01;False;ERR;ERR;ERR;0.23;False;0.05;False;2.9;False;ERR
1846;0.01;True;0.01;True;0.01;True;ERR;ERR;ERR;0.07;True;0.05;False;0.05;True;ERR
1847;ERR;ERR;0.01;False;0.01;False;ERR;ERR;ERR;0.06;False;0.1;False;0.05;False;ERR
1848;ERR;ERR;0.01;False;0.0;False;ERR;ERR;ERR;0.07;False;0.07;False;0.04;False;ERR
1849;ERR;ERR;0.01;False;0.01;False;ERR;ERR;ERR;0.06;False;0.04;False;0.04;False;ERR
1850;ERR;ERR;0.01;False;0.01;False;ERR;ERR;ERR;0.05;False;0.05;False;0.05;False;ERR
1851;ERR;ERR;0.01;False;0.01;False;ERR;ERR;ERR;0.08;False;0.06;False;0.06;False;ERR
1852;0.01;True;0.01;True;0.01;True;ERR;ERR;ERR;0.07;True;ERR;ERR;0.04;True;ERR
1853;ERR;ERR;0.01;False;0.01;False;ERR;ERR;ERR;0.06;False;0.05;False;0.05;False;ERR
1854;ERR;ERR;0.01;False;0.0;False;ERR;ERR;ERR;0.06;False;0.06;False;0.06;False;ERR
1855;0.0;True;0.01;False;0.02;False;ERR;ERR;ERR;0.07;False;0.05;False;0.04;False;ERR
1856;ERR;ERR;0.01;False;0.01;False;ERR;ERR;ERR;0.07;False;0.05;False;0.04;False;ERR
1857;ERR;ERR;0.0;True;0.01;True;ERR;ERR;ERR;0.07;True;0.07;False;0.03;True;ERR
1858;ERR;ERR;0.8;False;1.15;False;ERR;ERR;ERR;0.18;False;0.08;False;1.64;False;ERR
1859;ERR;ERR;0.02;False;0.01;False;ERR;ERR;ERR;0.06;False;0.1;False;0.06;False;ERR
1860;0.01;True;0.0;True;0.02;True;ERR;ERR;ERR;0.07;True;0.05;False;0.05;True;ERR
1861;ERR;ERR;0.02;False;0.01;False;ERR;ERR;ERR;0.06;False;0.05;False;0.06;False;ERR
1862;ERR;ERR;0.0;True;0.01;True;ERR;ERR;ERR;ERR;ERR;ERR;ERR;ERR;ERR;ERR
1863;0.01;True;0.01;True;0.01;True;ERR;ERR;ERR;0.07;True;0.04;False;0.04;True;ERR
1864;ERR;ERR;0.01;False;0.01;False;ERR;ERR;ERR;0.07;False;0.07;False;0.04;False;ERR
1865;ERR;ERR;0.01;False;0.02;False;ERR;ERR;ERR;0.08;False;0.1;False;0.07;False;ERR
1866;0.01;True;0.01;True;0.01;True;ERR;ERR;ERR;0.07;True;0.12;False;0.06;True;ERR
1867;0.01;True;0.01;True;0.01;True;ERR;ERR;ERR;0.07;True;0.04;False;0.04;True;ERR
1868;ERR;ERR;0.02;False;0.01;False;ERR;ERR;ERR;0.05;False;0.05;False;0.04;False;ERR
1869;ERR;ERR;0.01;False;0.01;False;ERR;ERR;ERR;0.06;False;0.07;False;0.05;False;ERR
1870;0.01;True;0.0;True;0.01;True;ERR;ERR;ERR;0.08;True;0.05;False;0.04;True;ERR
1871;ERR;ERR;0.01;False;0.01;False;ERR;ERR;ERR;ERR;ERR;ERR;ERR;ERR;ERR;ERR
1872;0.01;True;0.01;True;0.01;True;ERR;ERR;ERR;0.07;True;0.07;False;0.04;True;ERR
1873;ERR;ERR;0.01;False;0.02;False;ERR;ERR;ERR;0.06;False;0.06;False;0.06;False;ERR
1874;0.01;True;0.85;False;0.01;False;24.65;False;0.2657277449999995;ERR;ERR;ERR;ERR;ERR;ERR;ERR
1875;0.01;True;0.01;True;0.01;True;ERR;ERR;ERR;0.06;True;0.04;False;0.03;True;ERR
1876;0.01;True;0.01;True;0.02;True;ERR;ERR;ERR;0.07;True;0.14;False;0.03;True;ERR
1877;ERR;ERR;0.0;True;0.01;True;ERR;ERR;ERR;0.05;True;0.02;True;0.03;True;ERR
1878;0.01;True;0.0;True;0.01;True;ERR;ERR;ERR;0.05;True;0.06;False;0.04;True;ERR
1879;ERR;ERR;40.98;False;83.31;False;ERR;ERR;ERR;ERR;ERR;ERR;ERR;ERR;ERR;ERR
1880;0.01;True;0.01;True;0.01;True;ERR;ERR;ERR;0.07;True;0.04;False;0.05;True;ERR
1881;0.01;True;0.01;True;0.02;True;ERR;ERR;ERR;0.06;True;0.11;False;0.04;True;ERR
1882;ERR;ERR;0.01;True;0.01;True;ERR;ERR;ERR;0.07;True;0.07;False;0.05;True;ERR
1883;ERR;ERR;0.01;False;0.01;False;ERR;ERR;ERR;0.05;False;0.07;False;0.04;False;ERR
1884;ERR;ERR;0.01;True;0.01;True;ERR;ERR;ERR;0.05;True;0.07;False;0.04;True;ERR
1885;ERR;ERR;0.02;False;0.02;False;ERR;ERR;ERR;ERR;ERR;ERR;ERR;ERR;ERR;ERR
1886;ERR;ERR;0.01;False;0.02;False;ERR;ERR;ERR;0.06;False;0.08;False;0.04;False;ERR
1887;ERR;ERR;20.4;False;0.02;False;ERR;ERR;ERR;ERR;ERR;ERR;ERR;ERR;ERR;ERR
1888;ERR;ERR;0.01;False;0.01;False;ERR;ERR;ERR;0.07;False;0.05;False;0.04;False;ERR
1889;0.01;True;0.01;True;0.01;True;ERR;ERR;ERR;0.06;True;0.06;False;0.05;True;ERR
1890;0.01;True;0.01;True;0.02;True;ERR;ERR;ERR;0.05;True;0.06;False;0.02;True;ERR
1891;ERR;ERR;0.02;False;0.01;False;ERR;ERR;ERR;0.06;False;0.06;False;0.03;False;ERR
1892;0.01;True;0.01;True;0.02;True;ERR;ERR;ERR;0.07;True;0.05;False;0.03;True;ERR
1893;ERR;ERR;0.0;False;0.01;False;ERR;ERR;ERR;0.06;False;0.05;False;0.04;False;ERR
1894;0.01;True;0.01;True;0.01;True;ERR;ERR;ERR;0.05;True;0.06;False;0.03;True;ERR
1895;ERR;ERR;0.0;False;0.01;False;ERR;ERR;ERR;0.05;False;0.08;False;0.04;False;ERR
1896;0.01;True;0.01;True;0.01;True;ERR;ERR;ERR;0.05;True;0.07;False;0.05;True;ERR
1897;0.01;True;0.0;False;0.01;False;ERR;ERR;ERR;0.06;False;0.05;False;0.02;False;ERR
1898;0.01;True;0.01;True;0.01;True;ERR;ERR;ERR;0.05;True;0.03;False;0.04;True;ERR
1899;0.01;True;0.02;False;0.01;False;0.24;False;0.204845785;ERR;ERR;ERR;ERR;ERR;ERR;ERR
1900;ERR;ERR;0.01;True;0.01;True;ERR;ERR;ERR;0.25;False;0.04;True;0.04;True;ERR
1901;ERR;ERR;0.02;False;0.01;False;ERR;ERR;ERR;0.07;False;0.07;False;0.05;False;ERR
1902;ERR;ERR;0.0;False;0.01;False;ERR;ERR;ERR;0.05;False;0.07;False;0.04;False;ERR
1903;0.01;True;0.01;True;0.02;True;ERR;ERR;ERR;0.06;True;0.05;False;0.06;True;ERR
1904;0.0;True;0.02;True;0.01;True;ERR;ERR;ERR;0.06;True;0.07;False;0.05;True;ERR
1905;ERR;ERR;0.01;False;0.01;False;ERR;ERR;ERR;0.06;False;0.06;False;0.06;False;ERR
1906;ERR;ERR;0.01;False;0.01;False;ERR;ERR;ERR;0.06;False;0.07;False;0.03;False;ERR
1907;ERR;ERR;0.01;False;0.0;False;ERR;ERR;ERR;0.06;False;0.04;False;0.04;False;ERR
1908;ERR;ERR;0.97;False;1.43;False;ERR;ERR;ERR;0.22;False;0.08;False;1.99;False;ERR
1909;0.01;True;1.27;False;0.01;False;5.47;False;0.25827868799999987;ERR;ERR;ERR;ERR;ERR;ERR;ERR
1910;ERR;ERR;0.01;False;0.02;False;ERR;ERR;ERR;0.06;False;0.06;False;0.08;False;ERR
1911;ERR;ERR;0.01;False;0.01;False;ERR;ERR;ERR;0.05;False;0.06;False;0.04;False;ERR
1912;ERR;ERR;0.01;False;0.01;False;ERR;ERR;ERR;0.07;False;0.06;False;0.04;False;ERR
1913;ERR;ERR;0.01;False;0.01;False;ERR;ERR;ERR;0.07;False;0.06;False;0.05;False;ERR
1914;ERR;ERR;0.01;False;0.02;False;ERR;ERR;ERR;0.07;False;0.06;False;0.04;False;ERR
1915;ERR;ERR;0.02;False;0.01;False;ERR;ERR;ERR;0.07;False;0.09;False;0.04;False;ERR
1916;ERR;ERR;1.22;False;2.65;False;ERR;ERR;ERR;0.22;False;0.04;False;2.96;False;ERR
1917;ERR;ERR;0.0;True;0.01;True;ERR;ERR;ERR;ERR;ERR;ERR;ERR;ERR;ERR;ERR
1918;ERR;ERR;0.01;False;0.01;False;ERR;ERR;ERR;0.06;False;0.07;False;0.05;False;ERR
1919;0.01;True;0.02;True;0.01;True;ERR;ERR;ERR;0.06;True;0.05;False;0.05;True;ERR
1920;ERR;ERR;0.01;False;0.02;False;ERR;ERR;ERR;0.05;False;0.09;False;0.06;False;ERR
1921;ERR;ERR;0.01;False;0.01;False;ERR;ERR;ERR;0.06;False;0.04;False;0.05;False;ERR
1922;ERR;ERR;1.23;False;3.05;False;ERR;ERR;ERR;0.23;False;0.05;False;2.82;False;ERR
1923;ERR;ERR;0.01;False;0.01;False;ERR;ERR;ERR;0.06;False;0.07;False;0.07;False;ERR
1924;ERR;ERR;0.01;False;0.01;False;ERR;ERR;ERR;0.06;False;0.04;False;0.05;False;ERR
1925;ERR;ERR;0.01;False;0.01;False;ERR;ERR;ERR;0.06;False;0.07;False;0.05;False;ERR
1926;ERR;ERR;0.0;True;0.01;True;ERR;ERR;ERR;ERR;ERR;ERR;ERR;ERR;ERR;ERR
1927;0.01;True;0.01;True;0.01;True;ERR;ERR;ERR;0.06;True;0.04;False;0.04;True;ERR
1928;ERR;ERR;0.01;False;0.01;False;ERR;ERR;ERR;0.06;False;0.05;False;0.06;False;ERR
1929;ERR;ERR;0.01;False;0.02;False;ERR;ERR;ERR;0.06;False;0.07;False;0.05;False;ERR
1930;ERR;ERR;1.22;False;2.64;False;ERR;ERR;ERR;0.22;False;0.05;False;2.76;False;ERR
1931;0.01;True;0.05;False;0.01;False;8.23;False;0.2573234169999994;ERR;ERR;0.1;False;0.2;False;ERR
1932;0.01;True;0.01;True;0.01;True;ERR;ERR;ERR;0.05;True;0.06;False;0.04;True;ERR
1933;0.01;True;0.01;True;0.0;True;ERR;ERR;ERR;0.06;True;0.06;False;0.04;True;ERR
1934;ERR;ERR;0.02;False;0.02;False;ERR;ERR;ERR;0.06;False;0.05;False;0.04;False;ERR
1935;ERR;ERR;0.01;False;0.01;False;ERR;ERR;ERR;0.06;False;0.07;False;0.06;False;ERR
1936;0.01;True;0.02;True;0.01;True;ERR;ERR;ERR;0.07;True;0.07;False;0.03;True;ERR
1937;ERR;ERR;0.02;True;0.01;True;ERR;ERR;ERR;ERR;ERR;ERR;ERR;ERR;ERR;ERR
1938;0.01;True;0.01;True;0.01;True;ERR;ERR;ERR;0.07;True;0.06;False;0.04;True;ERR
1939;0.01;True;0.01;True;0.01;True;ERR;ERR;ERR;0.06;True;0.05;False;0.05;True;ERR
1940;ERR;ERR;1.34;False;0.01;False;ERR;ERR;ERR;0.23;False;0.06;False;2.81;False;ERR
1941;ERR;ERR;0.02;False;0.02;False;ERR;ERR;ERR;0.05;False;0.06;False;0.05;False;ERR
1942;ERR;ERR;0.01;False;0.0;False;ERR;ERR;ERR;0.07;False;0.06;False;0.05;False;ERR
1943;0.01;True;0.01;True;0.01;True;ERR;ERR;ERR;0.04;True;0.05;False;0.05;True;ERR
1944;ERR;ERR;0.01;False;0.01;False;ERR;ERR;ERR;0.06;False;0.09;False;0.05;False;ERR
1945;0.01;True;0.01;True;0.01;True;ERR;ERR;ERR;0.07;True;0.04;False;0.02;True;ERR
1946;0.01;True;0.01;True;0.01;True;ERR;ERR;ERR;0.07;True;0.05;False;0.04;True;ERR
1947;0.0;True;0.01;True;0.02;True;ERR;ERR;ERR;0.07;True;0.08;False;0.04;True;ERR
1948;0.01;True;0.01;True;0.01;True;ERR;ERR;ERR;0.05;True;0.06;False;0.05;True;ERR
1949;0.02;True;0.11;False;0.0;False;TO;TO;TO;ERR;ERR;ERR;ERR;ERR;ERR;ERR
1950;ERR;ERR;0.01;False;0.01;False;ERR;ERR;ERR;0.06;False;0.06;False;0.04;False;ERR
1951;ERR;ERR;0.01;False;0.0;False;ERR;ERR;ERR;0.07;False;0.06;False;0.04;False;ERR
1952;ERR;ERR;0.01;True;0.01;True;4.24;True;0.5239987940000002;0.07;True;0.03;True;0.04;True;ERR
1953;ERR;ERR;0.01;False;0.02;False;ERR;ERR;ERR;0.07;False;0.04;False;0.04;False;ERR
1954;ERR;ERR;0.01;False;0.0;False;ERR;ERR;ERR;0.06;False;0.07;False;0.05;False;ERR
1955;0.01;True;0.01;True;0.01;True;ERR;ERR;ERR;0.06;True;0.06;False;0.04;True;ERR
1956;ERR;ERR;0.01;False;0.01;False;ERR;ERR;ERR;0.05;False;0.1;False;0.06;False;ERR
1957;0.01;True;1.13;False;0.01;False;TO;TO;TO;ERR;ERR;ERR;ERR;ERR;ERR;ERR
1958;0.01;True;0.01;True;0.02;True;ERR;ERR;ERR;0.06;True;0.06;False;0.04;True;ERR
1959;ERR;ERR;0.01;False;0.01;False;ERR;ERR;ERR;0.06;False;0.07;False;0.04;False;ERR
1960;ERR;ERR;0.77;False;1.13;False;ERR;ERR;ERR;0.16;False;0.09;False;1.62;False;ERR
1961;0.01;True;0.01;False;0.01;False;0.16;False;3.963000000001271e-05;ERR;ERR;ERR;ERR;ERR;ERR;ERR
1962;ERR;ERR;0.01;True;0.02;True;ERR;ERR;ERR;0.05;True;0.05;False;0.04;True;ERR
1963;ERR;ERR;0.01;True;0.01;True;ERR;ERR;ERR;ERR;ERR;ERR;ERR;ERR;ERR;ERR
1964;ERR;ERR;0.02;False;0.01;False;ERR;ERR;ERR;0.05;False;0.06;False;0.05;False;ERR
1965;0.01;True;74.85;False;0.01;False;ERR;ERR;ERR;ERR;ERR;ERR;ERR;ERR;ERR;ERR
1966;ERR;ERR;0.01;False;0.01;False;ERR;ERR;ERR;0.06;False;0.04;False;0.04;False;ERR
1967;0.02;True;0.0;True;0.01;True;ERR;ERR;ERR;0.06;True;0.06;False;0.04;True;ERR
1968;ERR;ERR;0.01;False;0.01;False;ERR;ERR;ERR;0.06;False;0.07;False;0.05;False;ERR
1969;0.01;True;0.06;False;0.02;False;5.04;False;0.22076588100000016;ERR;ERR;ERR;ERR;ERR;ERR;ERR
1970;ERR;ERR;0.01;False;0.01;False;ERR;ERR;ERR;0.07;False;0.07;False;0.05;False;ERR
1971;0.01;True;0.01;True;0.01;True;ERR;ERR;ERR;0.06;True;0.05;False;0.03;True;ERR
1972;ERR;ERR;1.23;False;2.63;False;ERR;ERR;ERR;0.22;False;0.05;False;2.79;False;ERR
1973;ERR;ERR;0.0;False;0.01;False;ERR;ERR;ERR;0.04;False;0.06;False;0.05;False;ERR
1974;ERR;ERR;0.01;False;0.01;False;ERR;ERR;ERR;0.06;False;0.06;False;0.05;False;ERR
1975;ERR;ERR;0.0;False;0.01;False;ERR;ERR;ERR;ERR;ERR;ERR;ERR;ERR;ERR;ERR
1976;ERR;ERR;0.01;False;0.02;False;ERR;ERR;ERR;0.05;False;0.07;False;0.04;False;ERR
1977;ERR;ERR;0.01;False;0.02;False;ERR;ERR;ERR;0.06;False;0.09;False;0.04;False;ERR
1978;0.02;True;0.01;True;0.01;True;ERR;ERR;ERR;0.06;True;0.07;False;0.03;True;ERR
1979;ERR;ERR;0.01;False;0.01;False;ERR;ERR;ERR;0.06;False;0.08;False;0.06;False;ERR
1980;ERR;ERR;1.16;False;1.66;False;ERR;ERR;ERR;0.23;False;0.08;False;2.32;False;ERR
1981;ERR;ERR;0.0;False;0.01;False;ERR;ERR;ERR;0.06;False;0.05;False;0.04;False;ERR
1982;ERR;ERR;0.02;False;0.01;False;ERR;ERR;ERR;0.07;False;0.07;False;0.05;False;ERR
1983;ERR;ERR;0.01;False;0.0;False;ERR;ERR;ERR;0.06;False;0.05;False;0.04;False;ERR
1984;ERR;ERR;0.01;False;0.01;False;ERR;ERR;ERR;0.06;False;0.06;False;0.06;False;ERR
1985;0.01;True;0.01;True;0.01;True;ERR;ERR;ERR;0.07;True;0.07;False;0.04;True;ERR
1986;ERR;ERR;0.01;False;0.01;False;ERR;ERR;ERR;0.05;False;0.04;False;0.04;False;ERR
1987;ERR;ERR;0.01;False;0.02;False;ERR;ERR;ERR;0.06;False;0.08;False;0.05;False;ERR
1988;ERR;ERR;0.01;True;0.01;True;ERR;ERR;ERR;ERR;ERR;ERR;ERR;ERR;ERR;ERR
1989;ERR;ERR;0.02;False;0.01;False;ERR;ERR;ERR;0.06;False;0.08;False;0.05;False;ERR
1990;ERR;ERR;0.74;False;0.01;False;ERR;ERR;ERR;0.17;False;0.07;False;1.59;False;ERR
1991;ERR;ERR;0.01;True;0.0;True;ERR;ERR;ERR;0.05;True;0.03;True;0.06;True;ERR
1992;0.01;True;0.01;True;0.0;True;ERR;ERR;ERR;0.05;True;0.05;False;0.04;True;ERR
1993;ERR;ERR;0.01;False;0.02;False;ERR;ERR;ERR;0.06;False;0.1;False;0.06;False;ERR
1994;0.01;True;0.01;True;0.01;True;ERR;ERR;ERR;0.04;True;0.08;False;0.03;True;ERR
1995;ERR;ERR;0.02;False;0.0;False;ERR;ERR;ERR;0.06;False;0.06;False;0.06;False;ERR
1996;0.02;True;0.01;True;0.0;True;ERR;ERR;ERR;0.07;True;0.04;False;0.04;True;ERR
1997;0.02;True;0.0;True;0.01;True;ERR;ERR;ERR;0.05;True;0.05;False;0.03;True;ERR
1998;ERR;ERR;0.01;False;0.01;False;ERR;ERR;ERR;0.06;False;0.04;False;0.02;False;ERR
1999;ERR;ERR;0.01;False;0.01;False;ERR;ERR;ERR;0.06;False;0.03;False;0.05;False;ERR
2000;ERR;ERR;0.01;False;0.01;False;ERR;ERR;ERR;0.05;False;0.05;False;0.04;False;ERR
2001;ERR;ERR;0.01;False;0.0;False;ERR;ERR;ERR;0.06;False;0.06;False;0.05;False;ERR
2002;ERR;ERR;0.0;True;0.01;True;ERR;ERR;ERR;0.06;True;0.03;True;0.04;True;ERR
2003;ERR;ERR;0.0;False;0.01;False;ERR;ERR;ERR;0.07;False;0.06;False;0.04;False;ERR
2004;ERR;ERR;0.02;False;0.01;False;ERR;ERR;ERR;0.06;False;0.06;False;0.04;False;ERR
2005;0.01;True;0.0;False;0.01;False;ERR;ERR;ERR;ERR;ERR;ERR;ERR;ERR;ERR;ERR
2006;ERR;ERR;0.01;False;0.01;False;ERR;ERR;ERR;0.04;False;0.07;False;0.05;False;ERR
2007;0.01;True;0.01;True;0.0;True;ERR;ERR;ERR;0.05;True;0.04;False;0.03;True;ERR
2008;ERR;ERR;0.02;False;0.02;False;ERR;ERR;ERR;0.05;False;0.06;False;0.05;False;ERR
2009;ERR;ERR;0.01;False;0.01;False;ERR;ERR;ERR;0.06;False;0.05;False;0.04;False;ERR
2010;ERR;ERR;1.21;False;0.01;False;ERR;ERR;ERR;0.22;False;0.04;False;2.79;False;ERR
2011;ERR;ERR;0.0;False;0.0;False;ERR;ERR;ERR;0.07;False;0.06;False;0.04;False;ERR
2012;0.01;True;0.01;True;0.01;True;ERR;ERR;ERR;ERR;ERR;ERR;ERR;ERR;ERR;ERR
2013;0.01;True;1.25;False;0.01;False;ERR;ERR;ERR;0.11;False;0.67;False;2.15;False;ERR
2014;ERR;ERR;0.01;False;0.01;False;ERR;ERR;ERR;0.07;False;0.06;False;0.05;False;ERR
2015;ERR;ERR;0.01;False;0.01;False;ERR;ERR;ERR;0.06;False;0.06;False;0.04;False;ERR
2016;0.02;True;0.01;True;0.01;True;ERR;ERR;ERR;0.06;True;0.08;False;0.04;True;ERR
2017;0.01;True;0.01;True;0.01;True;ERR;ERR;ERR;0.07;True;0.05;False;0.03;True;ERR
2018;ERR;ERR;0.02;False;0.01;False;ERR;ERR;ERR;0.06;False;0.05;False;0.05;False;ERR
2019;0.01;True;0.01;True;0.01;True;ERR;ERR;ERR;0.06;True;0.05;False;0.02;True;ERR
2020;ERR;ERR;0.0;True;0.01;True;ERR;ERR;ERR;0.05;True;0.11;False;0.04;True;ERR
2021;0.02;True;0.01;True;0.0;True;ERR;ERR;ERR;0.06;True;0.06;False;0.04;True;ERR
2022;ERR;ERR;0.01;True;0.01;True;ERR;ERR;ERR;0.06;True;0.03;True;0.03;True;ERR
2023;ERR;ERR;0.01;False;0.0;False;ERR;ERR;ERR;0.05;False;0.05;False;0.05;False;ERR
2024;ERR;ERR;0.01;True;0.01;True;ERR;ERR;ERR;0.06;True;0.04;True;0.04;True;ERR
2025;0.01;True;0.01;True;0.01;True;ERR;ERR;ERR;0.06;True;0.06;False;0.05;True;ERR
2026;0.02;True;0.0;True;0.0;True;ERR;ERR;ERR;0.06;True;0.04;False;0.03;True;ERR
2027;0.01;True;0.0;True;0.01;True;ERR;ERR;ERR;0.06;True;0.07;False;0.05;True;ERR
2028;ERR;ERR;0.79;False;1.14;False;ERR;ERR;ERR;0.17;False;0.09;False;1.75;False;ERR
2029;ERR;ERR;0.01;False;0.01;False;ERR;ERR;ERR;0.07;False;0.05;False;0.04;False;ERR
2030;ERR;ERR;0.01;False;0.01;False;ERR;ERR;ERR;0.06;False;0.07;False;0.04;False;ERR
2031;0.0;True;0.0;False;0.01;False;23.06;False;0.12038759100000007;ERR;ERR;ERR;ERR;ERR;ERR;ERR
2032;ERR;ERR;1.37;False;1.75;False;ERR;ERR;ERR;0.23;False;0.04;False;2.82;False;ERR
2033;0.01;True;0.01;True;0.01;True;ERR;ERR;ERR;0.05;True;0.05;False;0.03;True;ERR
2034;0.01;True;0.01;True;0.01;True;ERR;ERR;ERR;0.05;True;0.05;False;0.04;True;ERR
2035;0.01;True;0.01;True;0.01;True;ERR;ERR;ERR;0.05;True;0.03;False;0.04;True;ERR
2036;ERR;ERR;0.0;False;0.01;False;ERR;ERR;ERR;0.06;False;0.06;False;0.05;False;ERR
2037;ERR;ERR;0.02;False;0.01;False;ERR;ERR;ERR;0.06;False;0.06;False;0.05;False;ERR
2038;ERR;ERR;0.01;True;0.01;True;ERR;ERR;ERR;ERR;ERR;ERR;ERR;ERR;ERR;ERR
2039;ERR;ERR;0.01;False;0.02;False;ERR;ERR;ERR;ERR;ERR;ERR;ERR;ERR;ERR;ERR
2040;ERR;ERR;0.0;False;0.01;False;ERR;ERR;ERR;0.05;False;0.05;False;0.05;False;ERR
2041;0.01;True;0.01;True;0.02;True;ERR;ERR;ERR;0.05;True;0.04;False;0.04;True;ERR
2042;ERR;ERR;0.01;False;0.01;False;ERR;ERR;ERR;0.05;False;0.05;False;0.03;False;ERR
2043;ERR;ERR;0.0;False;0.01;False;ERR;ERR;ERR;0.07;False;0.06;False;0.06;False;ERR
2044;ERR;ERR;0.0;False;0.0;False;ERR;ERR;ERR;0.05;False;0.08;False;0.06;False;ERR
2045;0.02;True;23.42;False;ERR;ERR;0.44;False;0.358716429;ERR;ERR;ERR;ERR;ERR;ERR;ERR
2046;0.01;True;0.0;True;0.01;True;ERR;ERR;ERR;ERR;ERR;ERR;ERR;ERR;ERR;ERR
2047;ERR;ERR;1.22;True;2.66;True;ERR;ERR;ERR;0.22;True;0.04;False;2.78;True;ERR
2048;ERR;ERR;0.0;False;0.01;False;ERR;ERR;ERR;0.06;False;0.05;False;0.05;False;ERR
2049;0.0;True;0.0;True;0.01;True;ERR;ERR;ERR;0.06;True;0.04;False;0.05;True;ERR
2050;ERR;ERR;0.02;False;0.01;False;ERR;ERR;ERR;0.07;False;0.05;False;0.04;False;ERR
2051;ERR;ERR;1.11;False;1.65;False;ERR;ERR;ERR;0.25;False;0.05;False;2.3;False;ERR
2052;ERR;ERR;0.0;False;0.0;False;ERR;ERR;ERR;0.06;False;0.07;False;0.06;False;ERR
2053;0.01;True;0.0;True;0.01;True;ERR;ERR;ERR;0.05;True;0.04;False;0.04;True;ERR
2054;ERR;ERR;0.01;False;0.02;False;ERR;ERR;ERR;0.05;False;0.05;False;0.05;False;ERR
2055;ERR;ERR;0.01;False;0.01;False;ERR;ERR;ERR;0.07;False;0.05;False;0.05;False;ERR
2056;ERR;ERR;0.01;False;0.02;False;ERR;ERR;ERR;0.06;False;0.07;False;0.05;False;ERR
2057;ERR;ERR;1.2;False;1.65;False;ERR;ERR;ERR;0.25;False;0.04;False;2.32;False;ERR
2058;0.01;True;0.01;True;0.01;True;ERR;ERR;ERR;0.06;True;0.05;False;0.03;True;ERR
2059;ERR;ERR;0.01;False;0.02;False;ERR;ERR;ERR;0.06;False;ERR;ERR;0.06;False;ERR
2060;ERR;ERR;0.01;False;0.0;False;ERR;ERR;ERR;0.06;False;0.05;False;0.05;False;ERR
2061;0.01;True;0.01;True;0.01;True;ERR;ERR;ERR;0.05;True;0.06;False;0.04;True;ERR
2062;ERR;ERR;0.0;False;0.01;False;ERR;ERR;ERR;0.05;False;0.07;False;0.04;False;ERR
2063;ERR;ERR;0.01;True;0.01;True;ERR;ERR;ERR;0.06;True;0.04;False;0.04;True;ERR
2064;ERR;ERR;0.01;False;0.01;False;ERR;ERR;ERR;0.05;False;0.07;False;0.06;False;ERR
2065;ERR;ERR;1.2;False;2.64;False;ERR;ERR;ERR;0.22;False;0.04;False;2.77;False;ERR
2066;ERR;ERR;0.01;False;0.01;False;ERR;ERR;ERR;0.06;False;0.05;False;0.04;False;ERR
2067;ERR;ERR;0.0;False;0.01;False;ERR;ERR;ERR;0.07;False;0.05;False;0.03;False;ERR
2068;0.02;True;0.01;True;0.01;True;ERR;ERR;ERR;0.05;True;ERR;ERR;0.03;True;ERR
2069;0.02;True;0.0;True;0.01;True;ERR;ERR;ERR;0.05;True;0.05;False;0.04;True;ERR
2070;ERR;ERR;0.01;False;0.0;False;ERR;ERR;ERR;0.07;False;0.05;False;0.05;False;ERR
2071;ERR;ERR;0.0;True;0.01;True;ERR;ERR;ERR;ERR;ERR;ERR;ERR;ERR;ERR;ERR
2072;ERR;ERR;0.02;False;0.01;False;ERR;ERR;ERR;0.06;False;0.09;False;0.06;False;ERR
2073;ERR;ERR;0.0;False;0.02;False;ERR;ERR;ERR;0.06;False;0.06;False;0.04;False;ERR
2074;0.01;True;0.01;True;0.01;True;ERR;ERR;ERR;0.06;True;0.06;False;0.04;True;ERR
2075;ERR;ERR;0.01;False;0.01;False;ERR;ERR;ERR;0.09;False;0.06;False;0.06;False;ERR
2076;0.01;True;0.01;True;0.01;True;ERR;ERR;ERR;0.07;True;0.05;False;0.04;True;ERR
2077;ERR;ERR;0.01;False;0.02;False;ERR;ERR;ERR;0.07;False;0.07;False;0.04;False;ERR
2078;0.01;True;0.04;False;0.01;False;ERR;ERR;ERR;ERR;ERR;ERR;ERR;ERR;ERR;ERR
2079;ERR;ERR;0.01;False;0.02;False;ERR;ERR;ERR;0.05;False;0.07;False;0.05;False;ERR
2080;ERR;ERR;0.01;False;0.01;False;ERR;ERR;ERR;0.06;False;0.05;False;0.03;False;ERR
2081;ERR;ERR;0.01;False;0.02;False;ERR;ERR;ERR;0.06;False;0.07;False;0.05;False;ERR
2082;0.0;True;0.02;True;0.02;True;ERR;ERR;ERR;0.05;True;0.07;False;0.05;True;ERR
2083;0.01;True;0.01;False;0.0;False;0.58;False;0.202220962;ERR;ERR;ERR;ERR;ERR;ERR;ERR
2084;ERR;ERR;0.01;False;0.02;False;ERR;ERR;ERR;ERR;ERR;ERR;ERR;ERR;ERR;ERR
2085;0.01;True;0.01;True;0.0;True;ERR;ERR;ERR;0.06;True;0.12;False;0.05;True;ERR
2086;ERR;ERR;0.01;False;0.01;False;ERR;ERR;ERR;0.06;False;0.03;False;0.04;False;ERR
2087;ERR;ERR;0.02;False;0.02;False;ERR;ERR;ERR;ERR;ERR;ERR;ERR;ERR;ERR;ERR
2088;0.02;True;0.72;False;0.01;False;TO;TO;TO;0.26;False;0.07;False;2.15;False;ERR
2089;ERR;ERR;0.01;False;0.0;False;ERR;ERR;ERR;0.06;False;0.07;False;0.03;False;ERR
2090;0.01;True;0.0;True;0.01;True;ERR;ERR;ERR;0.07;True;0.06;False;0.03;True;ERR
2091;0.01;True;0.0;True;0.01;True;0.7;True;0.312026792;ERR;ERR;ERR;ERR;ERR;ERR;ERR
2092;ERR;ERR;0.01;False;0.0;False;ERR;ERR;ERR;0.06;False;0.07;False;0.05;False;ERR
2093;ERR;ERR;0.01;False;0.01;False;ERR;ERR;ERR;0.06;False;0.06;False;0.06;False;ERR
2094;ERR;ERR;0.01;False;0.01;False;ERR;ERR;ERR;0.07;False;0.05;False;0.05;False;ERR
2095;ERR;ERR;0.01;False;0.01;False;ERR;ERR;ERR;0.07;False;0.04;False;0.05;False;ERR
2096;ERR;ERR;0.02;False;0.01;False;ERR;ERR;ERR;0.06;False;0.06;False;0.05;False;ERR
2097;0.01;True;0.0;True;0.01;True;ERR;ERR;ERR;0.06;True;0.05;False;0.03;True;ERR
2098;ERR;ERR;0.01;False;0.01;False;ERR;ERR;ERR;0.07;False;0.07;False;0.04;False;ERR
2099;0.01;True;0.01;True;0.01;True;ERR;ERR;ERR;0.07;True;0.08;False;0.03;True;ERR
2100;ERR;ERR;0.02;False;0.01;False;ERR;ERR;ERR;0.05;False;0.04;False;0.05;False;ERR
2101;ERR;ERR;0.01;False;0.01;False;ERR;ERR;ERR;0.06;False;0.07;False;0.06;False;ERR
2102;ERR;ERR;0.01;False;0.01;False;ERR;ERR;ERR;0.06;False;0.06;False;0.05;False;ERR
2103;0.02;True;0.01;True;0.0;True;ERR;ERR;ERR;0.07;True;0.1;False;0.05;True;ERR
2104;ERR;ERR;0.01;False;0.01;False;ERR;ERR;ERR;0.06;False;0.07;False;0.04;False;ERR
2105;ERR;ERR;0.01;False;0.01;False;ERR;ERR;ERR;0.06;False;0.05;False;0.03;False;ERR
2106;ERR;ERR;0.01;False;0.02;False;ERR;ERR;ERR;0.08;False;0.07;False;0.04;False;ERR
2107;ERR;ERR;0.01;True;0.02;True;ERR;ERR;ERR;ERR;ERR;ERR;ERR;ERR;ERR;ERR
2108;ERR;ERR;1.3;False;0.01;False;ERR;ERR;ERR;0.22;False;0.06;False;2.8;False;ERR
2109;ERR;ERR;0.0;False;0.02;False;ERR;ERR;ERR;0.06;False;0.05;False;0.05;False;ERR
2110;ERR;ERR;0.01;False;0.01;False;ERR;ERR;ERR;0.06;False;0.06;False;0.05;False;ERR
2111;0.01;True;0.01;True;0.01;True;ERR;ERR;ERR;0.06;True;0.04;False;0.06;True;ERR
2112;ERR;ERR;0.02;False;0.01;False;ERR;ERR;ERR;0.08;False;0.05;False;0.05;False;ERR
2113;0.02;True;0.06;False;0.01;False;5.76;False;0.24461001500000012;ERR;ERR;ERR;ERR;ERR;ERR;ERR
2114;ERR;ERR;0.01;False;0.01;False;ERR;ERR;ERR;0.08;False;0.07;False;0.05;False;ERR
2115;ERR;ERR;0.01;False;0.02;False;ERR;ERR;ERR;0.06;False;0.08;False;0.06;False;ERR
2116;0.02;True;0.01;True;0.01;True;ERR;ERR;ERR;0.07;True;0.05;False;0.06;True;ERR
2117;ERR;ERR;0.0;False;0.01;False;ERR;ERR;ERR;0.07;False;0.08;False;0.04;False;ERR
2118;ERR;ERR;1.31;False;1.82;False;ERR;ERR;ERR;0.25;False;0.04;False;2.8;False;ERR
2119;ERR;ERR;0.01;True;0.01;True;ERR;ERR;ERR;ERR;ERR;ERR;ERR;ERR;ERR;ERR
2120;0.01;True;0.0;True;0.01;True;ERR;ERR;ERR;0.06;True;0.05;False;0.03;True;ERR
2121;0.02;True;0.01;True;0.01;True;ERR;ERR;ERR;0.06;True;0.06;False;0.04;True;ERR
2122;ERR;ERR;0.01;False;0.02;False;ERR;ERR;ERR;0.07;False;0.06;False;0.05;False;ERR
2123;ERR;ERR;0.01;False;0.02;False;ERR;ERR;ERR;0.07;False;0.07;False;0.06;False;ERR
2124;ERR;ERR;0.01;False;0.01;False;ERR;ERR;ERR;0.06;False;0.05;False;0.04;False;ERR
2125;ERR;ERR;0.01;False;0.01;False;ERR;ERR;ERR;0.06;False;0.06;False;0.04;False;ERR
2126;ERR;ERR;0.01;True;0.01;True;ERR;ERR;ERR;ERR;ERR;ERR;ERR;ERR;ERR;ERR
2127;ERR;ERR;3.1;False;4.04;False;ERR;ERR;ERR;ERR;ERR;ERR;ERR;ERR;ERR;ERR
2128;0.0;True;0.01;True;0.01;True;ERR;ERR;ERR;0.06;True;0.06;False;0.04;True;ERR
2129;ERR;ERR;0.01;False;0.01;False;ERR;ERR;ERR;0.04;False;0.07;False;0.03;False;ERR
2130;ERR;ERR;0.02;False;0.02;False;ERR;ERR;ERR;0.07;False;0.06;False;0.05;False;ERR
2131;ERR;ERR;0.01;False;0.01;False;ERR;ERR;ERR;0.06;False;0.07;False;0.05;False;ERR
2132;ERR;ERR;0.01;False;0.01;False;ERR;ERR;ERR;0.06;False;0.05;False;0.05;False;ERR
2133;ERR;ERR;0.01;False;0.01;False;ERR;ERR;ERR;0.07;False;0.07;False;0.05;False;ERR
2134;0.01;True;0.02;False;0.01;False;ERR;ERR;ERR;ERR;ERR;ERR;ERR;ERR;ERR;ERR
2135;ERR;ERR;0.02;False;0.02;False;ERR;ERR;ERR;0.06;False;0.05;False;0.04;False;ERR
2136;ERR;ERR;0.01;False;0.01;False;ERR;ERR;ERR;0.07;False;0.05;False;0.05;False;ERR
2137;ERR;ERR;0.02;False;0.02;False;ERR;ERR;ERR;0.06;False;0.04;False;0.05;False;ERR
2138;ERR;ERR;0.01;False;0.02;False;ERR;ERR;ERR;0.06;False;0.06;False;0.05;False;ERR
2139;ERR;ERR;0.0;True;0.01;True;ERR;ERR;ERR;0.05;True;0.05;True;0.05;True;ERR
2140;ERR;ERR;0.0;False;0.01;False;ERR;ERR;ERR;0.07;False;0.07;False;0.06;False;ERR
2141;0.01;True;0.01;True;0.01;True;ERR;ERR;ERR;0.06;True;0.04;False;0.04;True;ERR
2142;0.02;True;0.0;True;0.01;True;ERR;ERR;ERR;0.05;True;0.04;False;0.03;True;ERR
2143;ERR;ERR;1.32;False;2.66;False;ERR;ERR;ERR;0.22;False;0.05;False;2.83;False;ERR
2144;0.01;True;0.02;True;0.0;True;ERR;ERR;ERR;0.06;True;0.09;False;0.04;True;ERR
2145;0.0;True;0.01;True;0.01;True;ERR;ERR;ERR;0.06;True;0.06;False;0.05;True;ERR
2146;0.01;True;0.01;True;0.01;True;ERR;ERR;ERR;0.06;True;0.05;False;0.04;True;ERR
2147;ERR;ERR;0.01;False;0.01;False;ERR;ERR;ERR;0.06;False;0.06;False;0.05;False;ERR
2148;0.01;True;0.0;True;0.01;True;ERR;ERR;ERR;0.07;True;0.03;False;0.03;True;ERR
2149;ERR;ERR;0.01;False;0.01;False;ERR;ERR;ERR;0.07;False;0.06;False;0.04;False;ERR
2150;0.01;True;0.01;True;0.01;True;ERR;ERR;ERR;0.08;True;0.07;False;0.05;True;ERR
2151;ERR;ERR;0.01;False;0.01;False;ERR;ERR;ERR;0.04;False;0.05;False;0.05;False;ERR
2152;ERR;ERR;0.01;False;0.01;False;ERR;ERR;ERR;0.06;False;0.05;False;0.04;False;ERR
2153;0.01;True;0.01;True;0.02;True;ERR;ERR;ERR;0.07;True;0.04;False;0.03;True;ERR
2154;ERR;ERR;0.0;False;0.01;False;ERR;ERR;ERR;0.07;False;0.08;False;0.06;False;ERR
2155;ERR;ERR;0.01;False;0.01;False;ERR;ERR;ERR;0.08;False;0.05;False;0.05;False;ERR
2156;ERR;ERR;0.01;False;0.01;False;ERR;ERR;ERR;0.05;False;0.04;False;0.05;False;ERR
2157;0.01;True;0.49;False;0.01;False;36.65;False;0.23957992900000136;ERR;ERR;ERR;ERR;ERR;ERR;ERR
2158;0.01;True;0.01;True;0.01;True;ERR;ERR;ERR;0.07;True;0.05;False;0.05;True;ERR
2159;0.0;True;0.01;True;0.01;True;ERR;ERR;ERR;0.06;True;0.06;False;0.04;True;ERR
2160;0.01;True;0.01;False;0.01;False;0.72;False;0.08254188199999996;0.05;False;ERR;ERR;0.04;False;ERR
2161;ERR;ERR;0.01;False;0.01;False;ERR;ERR;ERR;0.07;False;0.07;False;0.05;False;ERR
2162;0.01;True;TO;TO;0.01;False;ERR;ERR;ERR;TO;TO;61.29;False;TO;TO;ERR
2163;ERR;ERR;0.96;False;1.17;False;ERR;ERR;ERR;ERR;ERR;ERR;ERR;ERR;ERR;ERR
2164;ERR;ERR;0.02;False;0.01;False;ERR;ERR;ERR;0.07;False;0.06;False;0.04;False;ERR
2165;0.0;True;0.01;True;0.01;True;ERR;ERR;ERR;0.07;True;0.04;False;0.03;True;ERR
2166;ERR;ERR;0.01;False;0.01;False;ERR;ERR;ERR;0.05;False;0.06;False;0.05;False;ERR
2167;ERR;ERR;0.01;False;0.01;False;ERR;ERR;ERR;0.05;False;0.1;False;0.06;False;ERR
2168;ERR;ERR;0.02;False;0.01;False;ERR;ERR;ERR;0.04;False;0.07;False;0.05;False;ERR
2169;ERR;ERR;0.01;False;0.01;False;ERR;ERR;ERR;0.06;False;0.08;False;0.05;False;ERR
2170;0.01;True;0.01;True;0.01;True;ERR;ERR;ERR;0.07;True;0.02;False;0.03;True;ERR
2171;ERR;ERR;0.01;False;0.02;False;ERR;ERR;ERR;0.07;False;0.08;False;0.04;False;ERR
2172;ERR;ERR;0.01;True;0.01;True;ERR;ERR;ERR;0.07;True;0.08;True;0.05;True;ERR
2173;ERR;ERR;0.01;False;0.01;False;ERR;ERR;ERR;ERR;ERR;ERR;ERR;ERR;ERR;ERR
2174;0.0;True;0.01;True;0.0;True;ERR;ERR;ERR;0.06;True;0.05;False;0.05;True;ERR
2175;ERR;ERR;0.01;False;0.01;False;ERR;ERR;ERR;0.06;False;0.09;False;0.04;False;ERR
2176;ERR;ERR;0.02;False;0.01;False;ERR;ERR;ERR;0.06;False;0.07;False;0.03;False;ERR
2177;0.01;True;0.01;True;0.01;True;ERR;ERR;ERR;0.06;True;0.06;False;0.05;True;ERR
2178;ERR;ERR;0.01;True;0.01;True;ERR;ERR;ERR;ERR;ERR;ERR;ERR;ERR;ERR;ERR
2179;ERR;ERR;1.11;False;1.69;False;ERR;ERR;ERR;0.22;False;0.06;False;2.34;False;ERR
2180;ERR;ERR;0.0;False;0.01;False;ERR;ERR;ERR;0.08;False;0.07;False;0.03;False;ERR
2181;0.01;True;0.01;True;0.01;True;ERR;ERR;ERR;0.07;True;0.05;False;0.04;True;ERR
2182;0.01;True;0.01;True;0.02;True;0.43;True;0.134132164;ERR;ERR;ERR;ERR;ERR;ERR;ERR
2183;ERR;ERR;0.0;False;0.01;False;ERR;ERR;ERR;0.06;False;0.07;False;0.05;False;ERR
2184;0.02;True;TO;TO;0.02;False;ERR;ERR;ERR;ERR;ERR;ERR;ERR;ERR;ERR;ERR
2185;0.01;True;0.0;True;0.01;True;ERR;ERR;ERR;0.07;True;0.06;False;0.04;True;ERR
2186;ERR;ERR;1.34;False;1.74;False;ERR;ERR;ERR;0.25;False;ERR;ERR;2.83;False;ERR
2187;ERR;ERR;0.0;False;0.01;False;ERR;ERR;ERR;0.07;False;0.03;False;0.04;False;ERR
2188;ERR;ERR;0.02;False;0.01;False;ERR;ERR;ERR;0.06;False;0.06;False;0.05;False;ERR
2189;0.01;True;0.01;True;0.01;True;ERR;ERR;ERR;0.06;True;0.06;False;0.03;True;ERR
2190;ERR;ERR;0.01;False;0.0;False;ERR;ERR;ERR;0.05;False;0.06;False;0.04;False;ERR
2191;0.01;True;0.01;True;0.01;True;ERR;ERR;ERR;0.07;True;0.04;False;0.05;True;ERR
2192;0.02;True;0.0;True;0.01;True;ERR;ERR;ERR;0.05;True;0.05;False;0.04;True;ERR
2193;ERR;ERR;0.02;False;0.01;False;ERR;ERR;ERR;0.07;False;0.09;False;0.07;False;ERR
2194;0.01;True;0.01;True;0.02;True;ERR;ERR;ERR;0.07;True;ERR;ERR;0.04;True;ERR
2195;0.01;True;0.01;True;0.01;True;ERR;ERR;ERR;0.06;True;0.06;False;0.03;True;ERR
2196;0.01;True;0.01;True;0.0;True;ERR;ERR;ERR;0.06;True;0.04;False;0.05;True;ERR
2197;ERR;ERR;0.01;False;0.01;False;ERR;ERR;ERR;ERR;ERR;ERR;ERR;ERR;ERR;ERR
2198;ERR;ERR;1.33;True;1.74;True;ERR;ERR;ERR;0.23;True;0.04;False;2.79;True;ERR
2199;0.01;True;0.01;True;0.01;True;ERR;ERR;ERR;0.07;True;0.05;False;0.05;True;ERR
2200;0.01;True;0.77;False;0.01;False;1.44;False;0.3442005439999999;ERR;ERR;ERR;ERR;ERR;ERR;ERR
2201;ERR;ERR;0.01;True;0.01;True;ERR;ERR;ERR;0.06;True;0.06;False;0.03;True;ERR
2202;0.01;True;TO;TO;0.0;False;ERR;ERR;ERR;TO;TO;2.2;False;TO;TO;ERR
2203;0.0;True;0.01;False;0.02;False;24.49;False;0.3085425879999981;0.07;False;0.05;False;0.02;False;ERR
2204;ERR;ERR;0.02;False;0.01;False;ERR;ERR;ERR;0.06;False;0.06;False;0.04;False;ERR
2205;ERR;ERR;0.01;False;0.01;False;ERR;ERR;ERR;0.06;False;0.08;False;0.05;False;ERR
2206;0.01;True;0.01;True;0.0;True;ERR;ERR;ERR;0.06;True;0.1;False;0.03;True;ERR
2207;ERR;ERR;0.01;False;0.01;False;ERR;ERR;ERR;0.07;False;0.08;False;0.05;False;ERR
2208;ERR;ERR;0.01;False;0.01;False;ERR;ERR;ERR;0.05;False;0.05;False;0.04;False;ERR
2209;ERR;ERR;0.0;False;0.02;False;ERR;ERR;ERR;0.05;False;0.04;False;0.05;False;ERR
2210;0.01;True;0.01;True;0.01;True;ERR;ERR;ERR;0.06;True;0.04;False;0.05;True;ERR
2211;0.01;True;0.0;False;0.01;False;ERR;ERR;ERR;ERR;ERR;ERR;ERR;ERR;ERR;ERR
2212;ERR;ERR;0.01;False;0.01;False;ERR;ERR;ERR;0.05;False;0.06;False;0.05;False;ERR
2213;0.02;True;0.03;False;0.01;False;ERR;ERR;ERR;0.05;False;0.03;False;0.08;False;ERR
2214;0.01;True;0.0;True;0.01;True;ERR;ERR;ERR;0.06;True;0.05;False;0.05;True;ERR
2215;ERR;ERR;0.01;False;0.01;False;ERR;ERR;ERR;0.07;False;0.06;False;0.04;False;ERR
2216;ERR;ERR;3.33;False;4.44;False;ERR;ERR;ERR;ERR;ERR;ERR;ERR;ERR;ERR;ERR
2217;0.0;True;0.05;False;0.01;False;ERR;ERR;ERR;ERR;ERR;ERR;ERR;ERR;ERR;ERR
2218;0.01;True;0.0;True;0.01;True;ERR;ERR;ERR;0.06;True;0.05;False;0.03;True;ERR
2219;0.0;True;0.01;True;0.01;True;ERR;ERR;ERR;0.07;True;0.05;False;0.04;True;ERR
2220;ERR;ERR;0.01;False;0.0;False;ERR;ERR;ERR;0.06;False;0.06;False;0.03;False;ERR
2221;0.01;True;4.8;False;0.01;False;1.07;False;0.12465259399999995;0.7;False;0.07;False;0.05;False;ERR
2222;ERR;ERR;0.01;False;0.01;False;ERR;ERR;ERR;0.06;False;0.05;False;0.04;False;ERR
2223;ERR;ERR;0.72;False;1.11;False;ERR;ERR;ERR;0.17;False;0.06;False;1.58;False;ERR
2224;ERR;ERR;0.01;False;0.0;False;ERR;ERR;ERR;0.05;False;0.05;False;0.04;False;ERR
2225;ERR;ERR;0.0;False;0.01;False;ERR;ERR;ERR;0.06;False;0.04;False;0.03;False;ERR
2226;ERR;ERR;0.01;False;0.01;False;ERR;ERR;ERR;0.06;False;0.07;False;0.05;False;ERR
2227;0.01;True;0.02;True;0.01;True;ERR;ERR;ERR;0.07;True;0.04;False;0.05;True;ERR
2228;0.01;True;0.07;False;0.02;False;6.41;False;0.26492736399999917;ERR;ERR;ERR;ERR;ERR;ERR;ERR
2229;ERR;ERR;0.0;True;0.01;True;ERR;ERR;ERR;ERR;ERR;ERR;ERR;ERR;ERR;ERR
2230;ERR;ERR;0.0;False;0.01;False;ERR;ERR;ERR;ERR;ERR;ERR;ERR;ERR;ERR;ERR
2231;0.01;True;16.74;False;0.01;False;1.42;False;0.12396164300000012;ERR;ERR;ERR;ERR;ERR;ERR;ERR
2232;ERR;ERR;0.01;False;0.01;False;ERR;ERR;ERR;0.06;False;0.06;False;0.05;False;ERR
2233;0.01;True;0.01;True;0.01;True;ERR;ERR;ERR;0.06;True;0.07;False;0.03;True;ERR
2234;0.02;True;0.01;True;0.0;True;ERR;ERR;ERR;0.06;True;0.05;False;0.03;True;ERR
2235;0.01;True;0.01;True;0.0;True;ERR;ERR;ERR;0.05;True;0.04;False;0.04;True;ERR
2236;0.01;True;TO;TO;0.01;False;ERR;ERR;ERR;TO;TO;0.11;False;TO;TO;ERR
2237;ERR;ERR;0.0;False;0.0;False;ERR;ERR;ERR;0.05;False;0.06;False;0.06;False;ERR
2238;ERR;ERR;0.01;False;0.01;False;ERR;ERR;ERR;ERR;ERR;ERR;ERR;ERR;ERR;ERR
2239;0.01;True;0.01;True;0.0;True;ERR;ERR;ERR;0.05;True;0.05;False;0.03;True;ERR
2240;ERR;ERR;0.01;False;0.01;False;ERR;ERR;ERR;0.06;False;0.06;False;0.04;False;ERR
2241;0.02;True;0.01;True;0.01;True;ERR;ERR;ERR;0.07;True;0.04;False;0.04;True;ERR
2242;ERR;ERR;1.21;False;2.63;False;ERR;ERR;ERR;0.26;False;0.04;False;2.87;False;ERR
2243;ERR;ERR;0.01;False;0.01;False;ERR;ERR;ERR;0.06;False;0.06;False;0.05;False;ERR
2244;ERR;ERR;0.01;False;0.01;False;ERR;ERR;ERR;0.06;False;0.07;False;0.05;False;ERR
2245;0.01;True;0.01;True;0.01;True;ERR;ERR;ERR;0.06;True;0.06;False;0.03;True;ERR
2246;0.01;True;0.01;True;0.01;True;0.26;False;0.222090222;ERR;ERR;ERR;ERR;ERR;ERR;ERR
2247;0.02;True;0.01;True;0.01;True;ERR;ERR;ERR;0.06;True;0.04;False;0.04;True;ERR
2248;ERR;ERR;0.0;False;0.02;False;ERR;ERR;ERR;0.07;False;0.07;False;ERR;ERR;ERR
2249;ERR;ERR;1.31;False;1.77;False;ERR;ERR;ERR;0.2;False;0.06;False;2.81;False;ERR
2250;ERR;ERR;0.0;False;0.01;False;ERR;ERR;ERR;0.05;False;0.05;False;0.04;False;ERR
2251;ERR;ERR;0.01;False;0.02;False;ERR;ERR;ERR;0.06;False;0.08;False;0.03;False;ERR
2252;0.01;True;0.01;True;0.0;True;ERR;ERR;ERR;0.06;True;0.05;False;0.04;True;ERR
2253;0.01;True;0.01;True;0.01;True;ERR;ERR;ERR;0.05;True;0.05;False;0.03;True;ERR
2254;ERR;ERR;0.01;False;0.01;False;ERR;ERR;ERR;0.07;False;0.07;False;0.04;False;ERR
2255;0.0;True;0.0;True;0.0;True;ERR;ERR;ERR;0.06;True;0.06;False;0.03;True;ERR
2256;0.02;True;0.6;False;0.01;False;ERR;ERR;ERR;ERR;ERR;ERR;ERR;ERR;ERR;ERR
2257;ERR;ERR;0.01;False;0.01;False;ERR;ERR;ERR;0.06;False;0.03;False;0.05;False;ERR
2258;0.01;True;0.01;True;0.01;True;ERR;ERR;ERR;0.06;True;0.04;False;0.04;True;ERR
2259;0.02;True;1.5;False;0.01;False;0.25;False;0.10063906999999997;ERR;ERR;ERR;ERR;ERR;ERR;ERR
2260;ERR;ERR;0.01;False;0.02;False;ERR;ERR;ERR;0.07;False;0.06;False;0.04;False;ERR
2261;ERR;ERR;0.0;False;0.01;False;ERR;ERR;ERR;0.06;False;0.06;False;0.04;False;ERR
2262;ERR;ERR;0.01;False;0.01;False;ERR;ERR;ERR;0.07;False;0.06;False;0.04;False;ERR
2263;0.01;True;0.0;True;0.0;True;ERR;ERR;ERR;ERR;ERR;ERR;ERR;ERR;ERR;ERR
2264;0.02;True;0.01;True;0.01;True;ERR;ERR;ERR;0.06;True;0.05;False;0.04;True;ERR
2265;0.02;True;0.0;True;0.01;True;ERR;ERR;ERR;0.06;True;0.05;False;0.04;True;ERR
2266;0.01;True;0.01;True;0.0;True;ERR;ERR;ERR;0.06;True;0.06;False;0.05;True;ERR
2267;ERR;ERR;0.0;False;0.01;False;ERR;ERR;ERR;0.08;False;0.05;False;0.06;False;ERR
2268;ERR;ERR;0.01;False;0.01;False;ERR;ERR;ERR;0.05;False;0.05;False;0.06;False;ERR
2269;0.01;True;0.0;True;0.01;True;ERR;ERR;ERR;0.07;True;0.04;False;0.03;True;ERR
2270;ERR;ERR;1.28;False;1.76;False;ERR;ERR;ERR;0.23;False;0.06;False;2.8;False;ERR
2271;0.01;True;0.0;True;0.0;True;ERR;ERR;ERR;0.06;True;0.04;False;0.05;True;ERR
2272;ERR;ERR;0.0;False;0.01;False;ERR;ERR;ERR;0.07;False;0.07;False;0.04;False;ERR
2273;0.01;True;0.11;False;0.05;False;ERR;ERR;ERR;0.21;False;0.35;False;0.13;False;ERR
2274;ERR;ERR;0.01;False;0.01;False;ERR;ERR;ERR;0.07;False;0.07;False;0.04;False;ERR
2275;ERR;ERR;2.5;True;3.28;True;ERR;ERR;ERR;ERR;ERR;ERR;ERR;ERR;ERR;ERR
2276;0.0;True;0.02;True;0.0;True;ERR;ERR;ERR;0.06;True;0.09;False;0.03;True;ERR
2277;0.01;True;0.01;True;0.01;True;ERR;ERR;ERR;0.06;True;0.07;False;0.03;True;ERR
2278;ERR;ERR;0.02;False;0.01;False;ERR;ERR;ERR;0.06;False;0.06;False;0.05;False;ERR
2279;ERR;ERR;0.02;False;0.01;False;ERR;ERR;ERR;0.06;False;0.06;False;0.04;False;ERR
2280;ERR;ERR;1.22;False;2.65;False;ERR;ERR;ERR;0.22;False;0.05;False;2.82;False;ERR
2281;ERR;ERR;0.02;False;0.01;False;ERR;ERR;ERR;0.07;False;0.06;False;0.03;False;ERR
2282;ERR;ERR;0.2;False;0.28;False;ERR;ERR;ERR;0.09;False;0.06;False;0.53;False;ERR
2283;ERR;ERR;1.26;False;2.64;False;ERR;ERR;ERR;0.24;False;0.05;False;2.78;False;ERR
2284;0.01;True;0.0;True;0.01;True;ERR;ERR;ERR;0.07;True;0.04;False;0.04;True;ERR
2285;0.01;True;0.0;True;0.01;True;ERR;ERR;ERR;ERR;ERR;ERR;ERR;ERR;ERR;ERR
2286;0.01;True;0.01;True;0.01;True;ERR;ERR;ERR;0.06;True;0.05;False;0.04;True;ERR
2287;0.01;True;0.01;True;0.02;True;ERR;ERR;ERR;0.04;True;0.04;False;0.05;True;ERR
2288;ERR;ERR;0.02;False;0.0;False;ERR;ERR;ERR;0.06;False;0.06;False;0.04;False;ERR
2289;ERR;ERR;0.01;False;0.0;False;ERR;ERR;ERR;0.05;False;0.06;False;0.04;False;ERR
2290;0.01;True;0.01;True;0.0;True;ERR;ERR;ERR;0.06;True;0.04;False;0.04;True;ERR
2291;ERR;ERR;0.01;False;0.01;False;ERR;ERR;ERR;0.06;False;0.06;False;0.04;False;ERR
2292;0.01;True;0.0;False;0.01;False;ERR;ERR;ERR;ERR;ERR;ERR;ERR;ERR;ERR;ERR
2293;0.01;True;0.01;True;0.01;True;ERR;ERR;ERR;0.06;True;0.04;False;0.04;True;ERR
2294;ERR;ERR;0.02;False;0.01;False;ERR;ERR;ERR;0.06;False;0.06;False;0.05;False;ERR
2295;ERR;ERR;0.01;False;0.01;False;ERR;ERR;ERR;0.05;False;0.07;False;0.05;False;ERR
2296;ERR;ERR;0.01;False;0.02;False;ERR;ERR;ERR;0.07;False;0.09;False;0.06;False;ERR
2297;0.02;True;0.01;True;0.01;True;ERR;ERR;ERR;0.04;True;0.06;False;0.06;True;ERR
2298;ERR;ERR;0.01;False;0.01;False;ERR;ERR;ERR;0.07;False;0.05;False;0.05;False;ERR
2299;0.02;True;2.46;False;3.05;False;ERR;ERR;ERR;ERR;ERR;ERR;ERR;ERR;ERR;ERR
2300;ERR;ERR;0.01;False;0.01;False;ERR;ERR;ERR;0.06;False;0.05;False;0.06;False;ERR
2301;0.01;True;0.01;True;0.01;True;ERR;ERR;ERR;0.07;True;0.05;False;0.03;True;ERR
2302;ERR;ERR;0.01;False;0.01;False;ERR;ERR;ERR;0.07;False;0.07;False;0.05;False;ERR
2303;0.01;True;1.36;False;0.01;False;ERR;ERR;ERR;ERR;ERR;ERR;ERR;ERR;ERR;ERR
2304;ERR;ERR;0.01;False;0.0;False;ERR;ERR;ERR;0.06;False;0.05;False;0.04;False;ERR
2305;0.01;True;0.02;True;0.01;True;ERR;ERR;ERR;0.06;True;0.05;False;0.03;True;ERR
2306;ERR;ERR;0.01;False;0.02;False;ERR;ERR;ERR;0.06;False;0.05;False;0.05;False;ERR
2307;ERR;ERR;0.01;False;0.01;False;ERR;ERR;ERR;0.06;False;0.06;False;0.05;False;ERR
2308;0.01;True;0.0;True;0.01;True;ERR;ERR;ERR;0.06;True;0.05;False;0.04;True;ERR
2309;ERR;ERR;0.01;False;0.01;False;ERR;ERR;ERR;0.07;False;0.06;False;0.03;False;ERR
2310;ERR;ERR;0.01;True;0.01;True;ERR;ERR;ERR;0.07;True;0.07;False;0.04;True;ERR
2311;ERR;ERR;0.01;False;0.02;False;ERR;ERR;ERR;0.04;False;0.07;False;0.04;False;ERR
2312;0.01;True;0.01;True;0.0;True;ERR;ERR;ERR;0.05;True;0.04;False;0.04;True;ERR
2313;ERR;ERR;0.01;False;0.01;False;ERR;ERR;ERR;0.05;False;0.03;False;0.04;False;ERR
2314;0.0;True;0.01;True;0.01;True;ERR;ERR;ERR;0.07;True;0.06;False;0.04;True;ERR
2315;ERR;ERR;0.01;False;0.02;False;ERR;ERR;ERR;0.06;False;0.08;False;0.05;False;ERR
2316;0.02;True;0.01;True;0.01;True;ERR;ERR;ERR;0.07;True;0.06;False;0.04;True;ERR
2317;0.0;True;0.01;True;0.01;True;ERR;ERR;ERR;0.06;True;0.05;False;0.04;True;ERR
2318;ERR;ERR;0.01;False;0.01;False;ERR;ERR;ERR;0.06;False;0.06;False;0.05;False;ERR
2319;0.01;True;0.02;True;0.02;True;ERR;ERR;ERR;0.06;True;0.04;False;0.05;True;ERR
2320;ERR;ERR;0.01;False;0.02;False;ERR;ERR;ERR;ERR;ERR;ERR;ERR;ERR;ERR;ERR
2321;0.0;True;0.02;True;0.02;True;ERR;ERR;ERR;0.07;True;0.09;False;0.06;True;ERR
2322;ERR;ERR;0.01;False;0.01;False;ERR;ERR;ERR;ERR;ERR;ERR;ERR;ERR;ERR;ERR
2323;ERR;ERR;0.01;False;0.01;False;ERR;ERR;ERR;0.05;False;0.07;False;0.05;False;ERR
2324;0.01;True;0.05;False;0.01;False;6.38;False;0.275266706;ERR;ERR;ERR;ERR;ERR;ERR;ERR
2325;0.01;True;0.01;True;0.02;True;ERR;ERR;ERR;0.06;True;0.05;False;0.03;True;ERR
2326;0.0;True;0.01;True;0.01;True;ERR;ERR;ERR;0.05;True;0.04;False;0.04;True;ERR
2327;ERR;ERR;0.0;False;0.01;False;ERR;ERR;ERR;0.05;False;0.04;False;0.04;False;ERR
2328;0.01;True;0.0;True;0.01;True;ERR;ERR;ERR;0.06;True;0.09;False;0.03;True;ERR
2329;ERR;ERR;1.24;False;2.68;False;ERR;ERR;ERR;0.23;False;0.04;False;2.81;False;ERR
2330;0.01;True;7.9;False;0.01;False;ERR;ERR;ERR;ERR;ERR;ERR;ERR;ERR;ERR;ERR
2331;0.01;True;0.01;True;0.02;True;ERR;ERR;ERR;0.07;True;0.05;False;0.04;True;ERR
2332;0.01;True;0.03;False;0.01;False;11.91;False;0.3103453000000016;ERR;ERR;ERR;ERR;ERR;ERR;ERR
2333;0.01;True;0.01;True;0.01;True;ERR;ERR;ERR;0.05;True;0.05;False;0.04;True;ERR
2334;ERR;ERR;0.01;True;0.01;True;ERR;ERR;ERR;0.06;True;0.04;False;0.05;True;ERR
2335;ERR;ERR;0.02;False;0.02;False;ERR;ERR;ERR;0.06;False;0.07;False;0.04;False;ERR
2336;0.01;True;0.02;True;0.01;True;ERR;ERR;ERR;0.07;True;0.05;False;0.03;True;ERR
2337;ERR;ERR;0.01;False;0.02;False;ERR;ERR;ERR;0.06;False;0.08;False;0.06;False;ERR
2338;ERR;ERR;0.01;False;0.02;False;ERR;ERR;ERR;0.07;False;0.08;False;0.04;False;ERR
2339;ERR;ERR;0.01;False;0.01;False;ERR;ERR;ERR;0.05;False;0.05;False;0.04;False;ERR
2340;ERR;ERR;0.0;False;0.01;False;ERR;ERR;ERR;0.06;False;0.05;False;0.04;False;ERR
2341;ERR;ERR;0.0;False;0.02;False;ERR;ERR;ERR;0.06;False;0.06;False;0.05;False;ERR
2342;ERR;ERR;0.01;False;0.01;False;ERR;ERR;ERR;0.06;False;0.08;False;0.04;False;ERR
2343;ERR;ERR;0.02;False;0.01;False;ERR;ERR;ERR;0.06;False;0.06;False;0.05;False;ERR
2344;ERR;ERR;0.01;False;0.01;False;ERR;ERR;ERR;0.06;False;0.06;False;0.04;False;ERR
2345;ERR;ERR;0.01;False;0.01;False;ERR;ERR;ERR;0.06;False;0.08;False;0.03;False;ERR
2346;ERR;ERR;0.02;False;0.02;False;ERR;ERR;ERR;0.05;False;0.12;False;0.05;False;ERR
2347;ERR;ERR;0.0;True;0.02;True;ERR;ERR;ERR;0.07;True;0.06;True;0.05;True;ERR
2348;ERR;ERR;0.02;False;0.01;False;ERR;ERR;ERR;0.06;False;0.05;False;0.04;False;ERR
2349;0.01;True;0.04;False;0.01;False;3.19;False;0.1698550400000003;ERR;ERR;ERR;ERR;ERR;ERR;ERR
2350;0.01;True;0.01;True;0.0;True;ERR;ERR;ERR;0.07;True;0.07;False;0.03;True;ERR
2351;ERR;ERR;0.01;True;0.02;True;ERR;ERR;ERR;0.07;True;0.05;True;0.04;True;ERR
2352;ERR;ERR;1.25;False;2.66;False;ERR;ERR;ERR;0.23;False;0.06;False;2.82;False;ERR
2353;ERR;ERR;0.84;False;0.01;False;ERR;ERR;ERR;0.21;False;0.1;False;1.76;False;ERR
2354;0.01;True;0.63;False;0.01;False;3.51;False;0.16159267099999974;0.1;False;0.08;False;1.27;False;ERR
2355;ERR;ERR;0.01;False;0.01;False;ERR;ERR;ERR;0.07;False;0.09;False;0.05;False;ERR
2356;0.01;True;0.01;True;0.01;True;ERR;ERR;ERR;0.08;True;0.1;False;0.04;True;ERR
2357;0.01;True;0.01;True;0.01;True;ERR;ERR;ERR;0.06;True;0.05;False;0.03;True;ERR
2358;0.01;True;0.01;True;0.01;True;ERR;ERR;ERR;0.06;True;0.05;False;0.04;True;ERR
2359;0.01;True;0.01;True;0.01;True;ERR;ERR;ERR;0.06;True;0.07;False;0.05;True;ERR
2360;ERR;ERR;0.02;False;0.01;False;ERR;ERR;ERR;0.06;False;0.07;False;0.03;False;ERR
2361;ERR;ERR;0.01;False;0.01;False;ERR;ERR;ERR;0.07;False;0.05;False;0.03;False;ERR
2362;ERR;ERR;0.01;True;0.01;True;ERR;ERR;ERR;ERR;ERR;ERR;ERR;ERR;ERR;ERR
2363;ERR;ERR;0.01;False;0.01;False;ERR;ERR;ERR;0.05;False;0.06;False;0.04;False;ERR
2364;ERR;ERR;0.01;False;0.01;False;ERR;ERR;ERR;0.06;False;0.06;False;0.04;False;ERR
2365;0.0;True;3.93;False;0.0;False;TO;TO;TO;ERR;ERR;ERR;ERR;ERR;ERR;ERR
2366;0.0;True;0.04;False;0.02;False;9.03;False;0.2568801169999997;ERR;ERR;ERR;ERR;ERR;ERR;ERR
2367;ERR;ERR;0.15;False;0.22;False;ERR;ERR;ERR;0.09;False;0.05;False;0.44;False;ERR
2368;ERR;ERR;0.01;False;0.01;False;ERR;ERR;ERR;0.07;False;0.05;False;0.04;False;ERR
2369;ERR;ERR;0.01;True;0.01;True;ERR;ERR;ERR;0.07;True;0.07;True;0.05;True;ERR
2370;0.01;True;0.01;True;0.01;True;ERR;ERR;ERR;0.07;True;0.07;False;0.04;True;ERR
2371;0.0;True;0.01;True;0.02;True;ERR;ERR;ERR;0.06;True;0.05;False;0.04;True;ERR
2372;0.03;True;0.01;True;0.01;True;ERR;ERR;ERR;0.07;True;0.05;False;0.04;True;ERR
2373;0.01;True;0.28;False;0.0;False;0.44;False;0.165795286;ERR;ERR;ERR;ERR;ERR;ERR;ERR
2374;ERR;ERR;0.01;False;0.02;False;ERR;ERR;ERR;0.06;False;0.06;False;0.07;False;ERR
2375;0.01;True;0.01;True;0.01;True;ERR;ERR;ERR;0.06;True;0.05;False;0.04;True;ERR
2376;0.01;True;4.51;False;2.59;False;ERR;ERR;ERR;ERR;ERR;17.15;False;0.15;False;ERR
2377;ERR;ERR;0.01;False;0.01;False;ERR;ERR;ERR;0.07;False;0.07;False;0.05;False;ERR
2378;0.01;True;0.01;True;0.01;True;ERR;ERR;ERR;0.05;True;0.04;False;0.04;True;ERR
2379;ERR;ERR;0.01;False;0.02;False;ERR;ERR;ERR;0.05;False;0.05;False;0.05;False;ERR
2380;0.01;True;0.01;True;0.0;True;ERR;ERR;ERR;0.05;True;0.05;False;0.03;True;ERR
2381;ERR;ERR;0.01;True;0.01;True;ERR;ERR;ERR;ERR;ERR;ERR;ERR;ERR;ERR;ERR
2382;ERR;ERR;1.26;False;2.65;False;ERR;ERR;ERR;0.23;False;0.05;False;2.85;False;ERR
2383;0.01;True;0.01;True;0.01;True;ERR;ERR;ERR;0.06;True;0.08;False;0.04;True;ERR
2384;ERR;ERR;0.0;False;0.02;False;ERR;ERR;ERR;0.07;False;0.08;False;0.05;False;ERR
2385;ERR;ERR;0.83;False;1.13;False;ERR;ERR;ERR;0.18;False;0.1;False;1.77;False;ERR
2386;0.01;True;0.0;True;0.01;True;ERR;ERR;ERR;0.07;True;0.06;False;0.04;True;ERR
2387;ERR;ERR;0.01;False;0.01;False;ERR;ERR;ERR;0.06;False;0.08;False;0.05;False;ERR
2388;ERR;ERR;0.01;False;0.02;False;ERR;ERR;ERR;ERR;ERR;ERR;ERR;ERR;ERR;ERR
2389;0.01;True;10.83;False;17.87;False;0.46;False;0.382130312;ERR;ERR;ERR;ERR;ERR;ERR;ERR
2390;0.01;True;0.0;True;0.01;True;ERR;ERR;ERR;0.05;True;0.05;False;0.04;True;ERR
2391;ERR;ERR;0.01;False;0.02;False;ERR;ERR;ERR;0.07;False;0.09;False;0.05;False;ERR
2392;0.01;True;0.02;True;0.01;True;ERR;ERR;ERR;0.05;True;0.05;False;0.03;True;ERR
2393;ERR;ERR;0.01;False;0.01;False;ERR;ERR;ERR;0.07;False;0.06;False;0.05;False;ERR
2394;0.01;True;0.01;True;0.01;True;ERR;ERR;ERR;0.05;True;0.07;False;0.03;True;ERR
2395;ERR;ERR;1.48;False;2.66;False;ERR;ERR;ERR;0.22;False;0.05;False;2.85;False;ERR
2396;ERR;ERR;0.02;True;0.01;True;ERR;ERR;ERR;ERR;ERR;ERR;ERR;ERR;ERR;ERR
2397;ERR;ERR;0.0;False;0.01;False;ERR;ERR;ERR;0.06;False;0.05;False;0.06;False;ERR
2398;ERR;ERR;0.02;False;0.01;False;ERR;ERR;ERR;0.06;False;0.07;False;0.04;False;ERR
2399;0.01;True;0.02;True;0.02;True;ERR;ERR;ERR;0.06;True;0.06;False;0.03;True;ERR
2400;ERR;ERR;0.01;True;0.01;True;ERR;ERR;ERR;ERR;ERR;ERR;ERR;ERR;ERR;ERR
2401;ERR;ERR;0.01;False;0.01;False;ERR;ERR;ERR;0.07;False;0.06;False;0.03;False;ERR
2402;0.01;True;0.86;False;0.02;False;ERR;ERR;ERR;ERR;ERR;ERR;ERR;ERR;ERR;ERR
2403;ERR;ERR;1.3;True;1.75;True;ERR;ERR;ERR;0.24;True;0.06;False;2.79;True;ERR
2404;ERR;ERR;0.01;False;0.01;False;ERR;ERR;ERR;0.05;False;0.05;False;0.04;False;ERR
2405;ERR;ERR;0.01;True;0.02;True;ERR;ERR;ERR;0.06;True;0.05;False;0.03;True;ERR
2406;0.01;True;0.01;True;0.01;True;ERR;ERR;ERR;0.05;True;0.05;False;0.04;True;ERR
2407;0.01;True;0.01;True;0.01;True;ERR;ERR;ERR;0.07;True;0.04;False;0.02;True;ERR
2408;0.01;True;0.01;False;0.01;False;0.23;False;0.20091509100000002;ERR;ERR;ERR;ERR;ERR;ERR;ERR
2409;0.02;True;0.02;True;0.01;True;ERR;ERR;ERR;ERR;ERR;ERR;ERR;ERR;ERR;ERR
2410;0.0;True;0.0;True;0.01;True;ERR;ERR;ERR;0.05;True;0.07;False;0.05;True;ERR
2411;ERR;ERR;0.79;False;1.17;False;ERR;ERR;ERR;0.21;False;0.07;False;1.63;False;ERR
2412;ERR;ERR;0.0;False;0.01;False;ERR;ERR;ERR;0.06;False;0.04;False;0.05;False;ERR
2413;ERR;ERR;0.01;False;0.02;False;ERR;ERR;ERR;0.04;False;0.06;False;0.04;False;ERR
2414;ERR;ERR;0.01;False;0.01;False;ERR;ERR;ERR;0.06;False;0.06;False;0.05;False;ERR
2415;ERR;ERR;0.01;True;0.02;True;ERR;ERR;ERR;ERR;ERR;ERR;ERR;ERR;ERR;ERR
2416;ERR;ERR;0.01;False;0.01;False;ERR;ERR;ERR;0.05;False;0.05;False;0.04;False;ERR
2417;ERR;ERR;0.02;False;0.02;False;ERR;ERR;ERR;0.06;False;0.06;False;0.04;False;ERR
2418;0.01;True;0.06;False;0.01;False;6.12;False;0.23043943000000056;ERR;ERR;ERR;ERR;ERR;ERR;ERR
2419;0.02;True;0.01;True;0.0;True;ERR;ERR;ERR;ERR;ERR;ERR;ERR;ERR;ERR;ERR
2420;ERR;ERR;0.02;False;0.02;False;ERR;ERR;ERR;0.05;False;0.07;False;0.05;False;ERR
2421;0.02;True;0.01;True;0.02;True;ERR;ERR;ERR;0.07;True;0.07;False;0.03;True;ERR
2422;0.01;True;0.01;False;0.02;False;ERR;ERR;ERR;ERR;ERR;ERR;ERR;ERR;ERR;ERR
2423;ERR;ERR;0.01;False;0.01;False;ERR;ERR;ERR;0.04;False;0.05;False;0.05;False;ERR
2424;0.0;True;0.01;True;0.01;True;ERR;ERR;ERR;0.06;True;0.07;False;0.03;True;ERR
2425;ERR;ERR;0.0;False;0.01;False;ERR;ERR;ERR;0.06;False;0.06;False;0.05;False;ERR
2426;ERR;ERR;0.01;False;0.01;False;ERR;ERR;ERR;0.06;False;0.07;False;0.04;False;ERR
2427;0.01;True;0.0;True;0.0;True;ERR;ERR;ERR;0.06;True;0.09;False;0.04;True;ERR
2428;ERR;ERR;0.01;False;0.01;False;ERR;ERR;ERR;0.07;False;0.06;False;0.04;False;ERR
2429;ERR;ERR;0.02;False;0.04;False;ERR;ERR;ERR;0.09;False;0.13;False;0.08;False;ERR
2430;0.01;True;0.02;True;0.01;True;ERR;ERR;ERR;0.05;True;0.08;False;0.06;True;ERR
2431;ERR;ERR;0.01;True;0.01;True;ERR;ERR;ERR;0.07;True;0.05;True;0.04;True;ERR
2432;ERR;ERR;0.0;True;0.02;True;ERR;ERR;ERR;ERR;ERR;ERR;ERR;ERR;ERR;ERR
2433;0.0;True;0.01;True;0.01;True;ERR;ERR;ERR;0.06;True;0.03;False;0.03;True;ERR
2434;ERR;ERR;0.01;True;0.0;True;ERR;ERR;ERR;ERR;ERR;ERR;ERR;ERR;ERR;ERR
2435;0.02;True;5.14;False;12.64;False;0.44;False;0.10243965199999999;ERR;ERR;ERR;ERR;ERR;ERR;ERR
2436;ERR;ERR;1.21;False;2.64;False;ERR;ERR;ERR;0.24;False;0.03;False;2.86;False;ERR
2437;0.01;True;0.01;False;0.0;False;0.17;False;0.11538707599999999;ERR;ERR;ERR;ERR;ERR;ERR;ERR
2438;0.0;True;0.05;False;0.01;False;15.54;False;0.3435844929999998;ERR;ERR;ERR;ERR;ERR;ERR;ERR
2439;ERR;ERR;0.01;False;0.01;False;ERR;ERR;ERR;0.06;False;0.09;False;0.04;False;ERR
2440;ERR;ERR;0.01;False;0.02;False;ERR;ERR;ERR;0.06;False;0.08;False;0.04;False;ERR
2441;ERR;ERR;0.02;False;0.02;False;ERR;ERR;ERR;0.05;False;0.06;False;0.05;False;ERR
2442;ERR;ERR;0.02;False;0.02;False;ERR;ERR;ERR;0.06;False;0.05;False;0.04;False;ERR
2443;0.01;True;TO;TO;0.01;False;TO;TO;TO;ERR;ERR;ERR;ERR;ERR;ERR;ERR
2444;ERR;ERR;0.01;True;0.01;True;ERR;ERR;ERR;ERR;ERR;ERR;ERR;ERR;ERR;ERR
2445;ERR;ERR;0.01;False;0.0;False;ERR;ERR;ERR;0.05;False;0.05;False;0.04;False;ERR
2446;ERR;ERR;0.01;False;0.01;False;ERR;ERR;ERR;0.06;False;0.08;False;0.04;False;ERR
2447;0.01;True;0.0;True;0.01;True;ERR;ERR;ERR;0.06;True;0.03;False;0.02;True;ERR
2448;0.01;True;2.87;False;0.0;False;1.01;False;0.30016628999999995;ERR;ERR;ERR;ERR;ERR;ERR;ERR
2449;0.01;True;0.01;True;0.02;True;ERR;ERR;ERR;0.07;True;0.13;False;0.05;True;ERR
2450;ERR;ERR;0.01;False;0.01;False;ERR;ERR;ERR;0.06;False;0.05;False;0.04;False;ERR
2451;ERR;ERR;0.02;False;0.01;False;ERR;ERR;ERR;0.05;False;0.11;False;0.05;False;ERR
2452;ERR;ERR;1.31;False;1.81;False;ERR;ERR;ERR;0.23;False;0.06;False;2.81;False;ERR
2453;0.01;True;0.01;True;0.01;True;ERR;ERR;ERR;0.05;True;0.04;False;0.02;True;ERR
2454;0.01;True;0.01;True;0.01;True;ERR;ERR;ERR;0.06;True;0.04;False;0.05;True;ERR
2455;ERR;ERR;3.1;False;3.37;False;ERR;ERR;ERR;ERR;ERR;ERR;ERR;ERR;ERR;ERR
2456;ERR;ERR;0.01;True;0.01;True;ERR;ERR;ERR;0.06;True;0.05;True;0.05;True;ERR
2457;ERR;ERR;0.0;False;0.02;False;ERR;ERR;ERR;0.06;False;0.05;False;0.04;False;ERR
2458;0.01;True;0.01;False;0.01;False;ERR;ERR;ERR;ERR;ERR;ERR;ERR;ERR;ERR;ERR
2459;0.01;True;0.01;True;0.01;True;ERR;ERR;ERR;0.06;True;0.03;False;0.03;True;ERR
2460;ERR;ERR;0.01;False;0.02;False;ERR;ERR;ERR;0.05;False;0.06;False;0.06;False;ERR
2461;ERR;ERR;0.01;False;0.03;False;ERR;ERR;ERR;0.06;False;0.1;False;0.06;False;ERR
2462;0.01;True;0.0;True;0.02;True;ERR;ERR;ERR;0.04;True;0.06;False;0.05;True;ERR
2463;0.01;True;0.01;True;0.01;True;ERR;ERR;ERR;0.06;True;0.04;False;0.04;True;ERR
2464;ERR;ERR;0.01;True;0.01;True;ERR;ERR;ERR;0.05;True;0.05;True;0.05;True;ERR
2465;ERR;ERR;1.24;False;2.66;False;ERR;ERR;ERR;0.27;False;0.07;False;2.77;False;ERR
2466;ERR;ERR;0.01;False;0.0;False;ERR;ERR;ERR;0.07;False;0.06;False;0.06;False;ERR
2467;0.02;True;0.0;True;0.01;True;ERR;ERR;ERR;0.06;True;0.04;False;0.04;True;ERR
2468;0.01;True;0.01;True;0.01;True;ERR;ERR;ERR;0.07;True;0.04;False;0.04;True;ERR
2469;ERR;ERR;0.01;False;0.01;False;ERR;ERR;ERR;0.06;False;0.04;False;0.03;False;ERR
2470;0.02;True;0.0;True;0.01;True;ERR;ERR;ERR;0.08;True;0.1;False;0.05;True;ERR
2471;0.01;True;0.02;True;0.02;True;ERR;ERR;ERR;0.06;True;0.06;False;0.04;True;ERR
2472;ERR;ERR;0.01;False;0.0;False;ERR;ERR;ERR;0.06;False;0.07;False;0.05;False;ERR
2473;0.01;True;0.01;True;0.01;True;ERR;ERR;ERR;0.05;True;0.06;False;0.03;True;ERR
2474;ERR;ERR;0.0;False;0.0;False;ERR;ERR;ERR;0.06;False;0.07;False;0.06;False;ERR
2475;ERR;ERR;0.01;False;0.01;False;ERR;ERR;ERR;0.06;False;0.09;False;0.06;False;ERR
2476;ERR;ERR;0.01;False;0.01;False;ERR;ERR;ERR;0.06;False;0.06;False;0.05;False;ERR
2477;0.02;True;0.01;False;0.01;False;ERR;ERR;ERR;ERR;ERR;ERR;ERR;ERR;ERR;ERR
2478;0.01;True;0.01;True;0.01;True;ERR;ERR;ERR;0.08;True;0.12;False;0.06;True;ERR
2479;ERR;ERR;0.01;False;0.02;False;ERR;ERR;ERR;0.05;False;0.09;False;0.04;False;ERR
2480;ERR;ERR;0.14;False;0.21;False;ERR;ERR;ERR;0.08;False;0.05;False;0.43;False;ERR
2481;ERR;ERR;0.01;False;0.02;False;ERR;ERR;ERR;0.06;False;0.13;False;0.06;False;ERR
2482;ERR;ERR;0.8;False;1.11;False;ERR;ERR;ERR;0.19;False;0.09;False;1.75;False;ERR
2483;ERR;ERR;0.01;False;0.02;False;ERR;ERR;ERR;0.06;False;0.07;False;0.05;False;ERR
2484;ERR;ERR;0.01;False;0.01;False;ERR;ERR;ERR;0.06;False;0.05;False;0.06;False;ERR
2485;ERR;ERR;0.01;False;0.0;False;ERR;ERR;ERR;ERR;ERR;ERR;ERR;ERR;ERR;ERR
2486;ERR;ERR;0.01;False;0.01;False;ERR;ERR;ERR;ERR;ERR;ERR;ERR;ERR;ERR;ERR
2487;ERR;ERR;0.01;False;0.01;False;ERR;ERR;ERR;0.06;False;0.07;False;0.05;False;ERR
2488;ERR;ERR;0.01;False;0.01;False;ERR;ERR;ERR;0.07;False;0.08;False;0.06;False;ERR
2489;0.01;True;0.01;True;0.01;True;ERR;ERR;ERR;0.06;True;0.04;False;0.06;True;ERR
2490;ERR;ERR;0.01;False;0.01;False;ERR;ERR;ERR;0.04;False;0.1;False;0.05;False;ERR
2491;0.01;True;0.29;False;0.23;False;2.1;False;0.06647610600000009;ERR;ERR;ERR;ERR;ERR;ERR;ERR
2492;0.02;True;1.36;False;1.62;False;ERR;ERR;ERR;0.09;False;0.03;False;2.74;False;ERR
2493;0.01;True;0.01;True;0.02;True;ERR;ERR;ERR;0.06;True;0.06;False;0.05;True;ERR
2494;0.02;True;0.01;True;0.01;True;ERR;ERR;ERR;0.06;True;0.06;False;0.03;True;ERR
2495;ERR;ERR;0.0;False;0.01;False;ERR;ERR;ERR;ERR;ERR;ERR;ERR;ERR;ERR;ERR
2496;0.02;True;0.01;False;0.01;False;ERR;ERR;ERR;ERR;ERR;ERR;ERR;ERR;ERR;ERR
2497;0.01;True;0.0;True;0.02;True;ERR;ERR;ERR;ERR;ERR;ERR;ERR;ERR;ERR;ERR
2498;0.01;True;0.01;True;0.01;True;ERR;ERR;ERR;0.07;True;0.1;False;0.04;True;ERR
2499;0.01;True;0.01;True;0.02;True;ERR;ERR;ERR;0.07;True;0.05;False;0.03;True;ERR
2500;ERR;ERR;0.01;True;0.01;True;ERR;ERR;ERR;ERR;ERR;ERR;ERR;ERR;ERR;ERR
2501;ERR;ERR;0.0;False;0.01;False;ERR;ERR;ERR;0.05;False;0.04;False;0.03;False;ERR
2502;0.01;True;0.01;True;0.01;True;ERR;ERR;ERR;0.06;True;0.06;False;0.05;True;ERR
2503;ERR;ERR;1.33;False;1.77;False;ERR;ERR;ERR;0.24;False;0.04;False;2.84;False;ERR
2504;ERR;ERR;0.01;False;0.01;False;ERR;ERR;ERR;0.05;False;0.05;False;0.04;False;ERR
2505;ERR;ERR;0.01;False;0.01;False;ERR;ERR;ERR;0.06;False;0.1;False;0.04;False;ERR
2506;0.01;True;0.01;True;0.01;True;0.79;True;0.173644064;ERR;ERR;ERR;ERR;ERR;ERR;ERR
2507;0.01;True;0.01;True;0.01;True;ERR;ERR;ERR;0.06;True;0.06;False;0.03;True;ERR
2508;ERR;ERR;0.01;True;0.0;True;ERR;ERR;ERR;0.06;True;0.04;False;0.06;True;ERR
2509;0.01;True;0.01;True;0.02;True;ERR;ERR;ERR;0.05;True;0.04;False;0.05;True;ERR
2510;ERR;ERR;0.01;False;0.02;False;ERR;ERR;ERR;0.06;False;0.06;False;0.04;False;ERR
2511;ERR;ERR;0.01;False;0.01;False;ERR;ERR;ERR;0.06;False;0.05;False;0.05;False;ERR
2512;ERR;ERR;0.01;False;0.01;False;ERR;ERR;ERR;0.06;False;0.06;False;0.03;False;ERR
2513;0.01;True;0.01;True;0.01;True;ERR;ERR;ERR;0.05;True;0.04;False;0.04;True;ERR
2514;ERR;ERR;0.01;True;0.01;True;ERR;ERR;ERR;0.06;True;0.05;True;0.04;True;ERR
2515;ERR;ERR;0.02;False;0.01;False;ERR;ERR;ERR;0.05;False;0.05;False;0.03;False;ERR
2516;0.01;True;0.01;True;0.01;True;ERR;ERR;ERR;0.07;True;0.06;False;0.04;True;ERR
2517;ERR;ERR;0.01;False;0.02;False;ERR;ERR;ERR;0.06;False;0.03;False;0.05;False;ERR
2518;0.01;True;1.22;False;0.01;False;ERR;ERR;ERR;0.13;False;0.9;False;3.77;False;ERR
2519;0.01;True;0.01;True;0.01;True;ERR;ERR;ERR;0.08;True;0.09;False;0.05;True;ERR
2520;ERR;ERR;0.02;True;0.02;True;ERR;ERR;ERR;0.06;True;0.08;True;0.04;True;ERR
2521;ERR;ERR;0.01;False;0.0;False;ERR;ERR;ERR;0.05;False;0.06;False;0.04;False;ERR
2522;0.01;True;0.01;True;0.02;True;ERR;ERR;ERR;0.06;True;0.05;False;0.04;True;ERR
2523;ERR;ERR;1.29;False;2.64;False;ERR;ERR;ERR;0.24;False;0.04;False;2.78;False;ERR
2524;ERR;ERR;1.14;False;1.75;False;ERR;ERR;ERR;0.25;False;0.05;False;2.34;False;ERR
2525;0.0;True;0.04;False;0.01;False;93.98;False;0.33651394700000026;ERR;ERR;ERR;ERR;ERR;ERR;ERR
2526;ERR;ERR;0.02;False;0.0;False;ERR;ERR;ERR;0.07;False;0.06;False;0.04;False;ERR
2527;ERR;ERR;0.01;False;0.02;False;ERR;ERR;ERR;0.06;False;0.04;False;0.05;False;ERR
2528;0.02;True;0.0;True;0.01;True;ERR;ERR;ERR;0.07;True;0.06;False;0.04;True;ERR
2529;ERR;ERR;1.38;False;0.01;False;ERR;ERR;ERR;0.22;False;0.05;False;2.82;False;ERR
2530;0.01;True;0.01;True;0.01;True;ERR;ERR;ERR;0.06;True;0.07;False;0.07;True;ERR
2531;ERR;ERR;0.01;True;0.02;True;ERR;ERR;ERR;0.06;True;0.12;False;0.05;True;ERR
2532;0.02;True;0.01;True;0.0;True;ERR;ERR;ERR;0.07;True;0.04;False;0.04;True;ERR
2533;0.02;True;0.42;False;0.01;False;32.23;False;0.5849088950000016;ERR;ERR;ERR;ERR;ERR;ERR;ERR
2534;ERR;ERR;0.01;False;0.01;False;ERR;ERR;ERR;0.07;False;0.07;False;0.05;False;ERR
2535;0.02;True;0.0;True;0.01;True;ERR;ERR;ERR;0.05;True;0.04;False;0.03;True;ERR
2536;ERR;ERR;0.01;False;0.01;False;ERR;ERR;ERR;0.06;False;0.06;False;0.04;False;ERR
2537;ERR;ERR;0.0;False;0.0;False;ERR;ERR;ERR;0.06;False;0.06;False;0.04;False;ERR
2538;ERR;ERR;0.02;False;0.01;False;ERR;ERR;ERR;0.05;False;0.06;False;0.03;False;ERR
2539;ERR;ERR;0.01;False;0.01;False;ERR;ERR;ERR;0.06;False;0.04;False;0.05;False;ERR
2540;ERR;ERR;0.01;False;0.01;False;ERR;ERR;ERR;0.05;False;0.06;False;0.03;False;ERR
2541;ERR;ERR;0.01;False;0.01;False;ERR;ERR;ERR;0.05;False;0.06;False;0.04;False;ERR
2542;ERR;ERR;0.01;True;0.01;True;ERR;ERR;ERR;ERR;ERR;ERR;ERR;ERR;ERR;ERR
2543;ERR;ERR;0.0;False;0.01;False;ERR;ERR;ERR;0.06;False;0.04;False;0.04;False;ERR
2544;ERR;ERR;0.01;False;0.01;False;ERR;ERR;ERR;0.06;False;0.06;False;0.04;False;ERR
2545;ERR;ERR;0.01;False;0.01;False;ERR;ERR;ERR;0.05;False;0.04;False;0.04;False;ERR
2546;ERR;ERR;0.01;False;0.01;False;ERR;ERR;ERR;0.07;False;0.05;False;0.05;False;ERR
2547;0.02;True;0.01;True;0.01;True;ERR;ERR;ERR;0.06;True;0.04;False;0.05;True;ERR
2548;ERR;ERR;0.02;False;0.01;False;ERR;ERR;ERR;0.06;False;0.08;False;0.05;False;ERR
2549;0.01;True;0.01;True;0.01;True;ERR;ERR;ERR;0.06;True;0.06;False;0.03;True;ERR
2550;0.01;True;32.46;False;0.01;False;ERR;ERR;ERR;ERR;ERR;ERR;ERR;ERR;ERR;ERR
2551;0.02;True;0.01;True;0.02;True;ERR;ERR;ERR;0.07;True;0.04;False;0.04;True;ERR
2552;0.01;True;0.01;True;0.01;True;ERR;ERR;ERR;0.06;True;0.05;False;0.05;True;ERR
2553;ERR;ERR;0.01;False;0.01;False;ERR;ERR;ERR;0.06;False;0.06;False;0.04;False;ERR
2554;ERR;ERR;0.01;False;0.01;False;ERR;ERR;ERR;0.06;False;0.07;False;0.03;False;ERR
2555;0.02;True;0.01;True;0.0;True;ERR;ERR;ERR;0.05;True;0.05;False;0.04;True;ERR
2556;ERR;ERR;0.01;False;0.01;False;ERR;ERR;ERR;0.05;False;0.07;False;0.05;False;ERR
2557;ERR;ERR;0.0;True;0.01;True;ERR;ERR;ERR;ERR;ERR;ERR;ERR;ERR;ERR;ERR
2558;0.01;True;0.01;True;0.01;True;ERR;ERR;ERR;0.07;True;0.05;False;0.03;True;ERR
2559;ERR;ERR;1.34;False;1.78;False;ERR;ERR;ERR;0.26;False;0.05;False;2.78;False;ERR
2560;ERR;ERR;0.01;False;0.02;False;ERR;ERR;ERR;0.06;False;0.1;False;0.06;False;ERR
2561;ERR;ERR;0.01;False;0.01;False;ERR;ERR;ERR;0.07;False;0.06;False;0.04;False;ERR
2562;ERR;ERR;0.01;False;0.01;False;ERR;ERR;ERR;0.06;False;0.03;False;0.04;False;ERR
2563;ERR;ERR;0.0;False;0.01;False;ERR;ERR;ERR;0.06;False;0.06;False;0.05;False;ERR
2564;ERR;ERR;0.01;False;0.01;False;ERR;ERR;ERR;0.06;False;0.04;False;0.05;False;ERR
2565;ERR;ERR;0.0;True;0.02;True;ERR;ERR;ERR;ERR;ERR;ERR;ERR;ERR;ERR;ERR
2566;ERR;ERR;0.01;False;0.0;False;ERR;ERR;ERR;0.05;False;0.08;False;0.05;False;ERR
2567;0.01;True;0.06;False;0.01;False;39.35;False;0.3002359299999995;ERR;ERR;ERR;ERR;ERR;ERR;ERR
2568;0.01;True;0.0;True;0.0;True;ERR;ERR;ERR;0.06;True;0.06;False;0.03;True;ERR
2569;ERR;ERR;0.01;False;0.01;False;ERR;ERR;ERR;0.07;False;0.06;False;0.06;False;ERR
2570;0.01;True;0.01;False;0.01;False;ERR;ERR;ERR;ERR;ERR;ERR;ERR;ERR;ERR;ERR
2571;0.01;True;0.01;True;0.01;True;ERR;ERR;ERR;0.07;True;0.07;False;0.05;True;ERR
2572;ERR;ERR;0.01;False;0.02;False;ERR;ERR;ERR;0.06;False;0.07;False;0.04;False;ERR
2573;0.02;True;0.01;True;0.01;True;ERR;ERR;ERR;0.05;True;0.03;False;0.04;True;ERR
2574;ERR;ERR;1.26;False;2.63;False;ERR;ERR;ERR;0.23;False;0.04;False;2.8;False;ERR
2575;ERR;ERR;0.01;False;0.01;False;ERR;ERR;ERR;0.06;False;0.04;False;0.04;False;ERR
2576;ERR;ERR;0.01;False;0.01;False;ERR;ERR;ERR;0.06;False;0.08;False;0.05;False;ERR
2577;ERR;ERR;0.0;False;0.01;False;ERR;ERR;ERR;0.07;False;0.07;False;0.04;False;ERR
2578;0.01;True;0.01;True;0.01;True;ERR;ERR;ERR;0.07;True;0.05;False;0.03;True;ERR
2579;ERR;ERR;0.02;False;0.01;False;ERR;ERR;ERR;0.07;False;0.06;False;0.05;False;ERR
2580;0.01;True;0.01;True;0.0;True;ERR;ERR;ERR;0.06;True;0.11;False;0.05;True;ERR
2581;0.01;True;0.01;True;0.01;True;ERR;ERR;ERR;0.05;True;0.04;False;0.06;True;ERR
2582;ERR;ERR;0.0;False;0.01;False;ERR;ERR;ERR;0.06;False;0.04;False;0.04;False;ERR
2583;ERR;ERR;0.01;False;0.01;False;ERR;ERR;ERR;0.06;False;0.07;False;0.05;False;ERR
2584;ERR;ERR;0.01;True;0.0;True;ERR;ERR;ERR;ERR;ERR;ERR;ERR;ERR;ERR;ERR
2585;0.01;True;0.05;False;0.02;False;6.47;False;0.2873451180000002;ERR;ERR;ERR;ERR;ERR;ERR;ERR
2586;ERR;ERR;0.01;False;0.01;False;ERR;ERR;ERR;0.07;False;0.06;False;0.04;False;ERR
2587;0.0;True;0.01;True;0.01;True;ERR;ERR;ERR;0.06;True;0.03;False;0.04;True;ERR
2588;0.01;True;0.01;True;0.02;True;ERR;ERR;ERR;0.06;True;0.04;False;0.04;True;ERR
2589;ERR;ERR;0.01;False;0.01;False;ERR;ERR;ERR;0.06;False;0.05;False;0.04;False;ERR
2590;0.01;True;TO;TO;0.02;False;ERR;ERR;ERR;ERR;ERR;ERR;ERR;ERR;ERR;ERR
2591;ERR;ERR;1.24;False;2.64;False;ERR;ERR;ERR;0.22;False;0.03;False;2.89;False;ERR
2592;0.01;True;0.01;True;0.0;True;ERR;ERR;ERR;0.06;True;0.04;False;0.03;True;ERR
2593;0.01;True;0.0;True;0.01;True;ERR;ERR;ERR;0.07;True;0.04;False;0.03;True;ERR
2594;ERR;ERR;0.01;True;0.01;True;ERR;ERR;ERR;ERR;ERR;ERR;ERR;ERR;ERR;ERR
2595;ERR;ERR;0.02;False;0.01;False;ERR;ERR;ERR;0.07;False;0.1;False;0.06;False;ERR
2596;ERR;ERR;0.03;False;0.02;False;ERR;ERR;ERR;ERR;ERR;ERR;ERR;ERR;ERR;ERR
2597;ERR;ERR;0.01;False;0.01;False;ERR;ERR;ERR;0.07;False;0.09;False;0.05;False;ERR
2598;ERR;ERR;0.02;False;0.01;False;ERR;ERR;ERR;0.05;False;0.06;False;0.05;False;ERR
2599;ERR;ERR;0.01;False;0.01;False;ERR;ERR;ERR;0.07;False;0.07;False;0.05;False;ERR
2600;0.01;True;0.01;True;0.0;True;ERR;ERR;ERR;0.07;True;0.04;False;0.04;True;ERR
2601;ERR;ERR;0.02;False;0.02;False;ERR;ERR;ERR;ERR;ERR;ERR;ERR;ERR;ERR;ERR
2602;0.01;True;0.01;True;0.01;True;ERR;ERR;ERR;0.06;True;0.06;False;0.05;True;ERR
2603;0.01;True;TO;TO;0.01;False;0.66;False;0.16530434600000005;TO;TO;TO;TO;TO;TO;ERR
2604;0.01;True;0.01;True;0.01;True;ERR;ERR;ERR;0.06;True;0.06;False;0.04;True;ERR
2605;0.01;True;0.0;True;0.01;True;ERR;ERR;ERR;0.05;True;0.09;False;0.03;True;ERR
2606;0.01;True;0.01;True;0.01;True;ERR;ERR;ERR;0.05;True;0.05;False;0.04;True;ERR
2607;0.01;True;0.08;False;0.01;False;TO;TO;TO;ERR;ERR;ERR;ERR;ERR;ERR;ERR
2608;ERR;ERR;0.01;False;0.01;False;ERR;ERR;ERR;0.08;False;0.05;False;0.04;False;ERR
2609;0.01;True;0.01;False;0.01;False;TO;TO;TO;ERR;ERR;ERR;ERR;ERR;ERR;ERR
2610;0.01;True;0.01;True;0.01;True;ERR;ERR;ERR;0.06;True;0.06;False;0.06;True;ERR
2611;0.01;True;0.0;True;0.0;True;ERR;ERR;ERR;0.06;True;0.08;False;0.04;True;ERR
2612;0.01;True;0.01;True;0.01;True;ERR;ERR;ERR;0.08;True;0.06;False;0.04;True;ERR
2613;ERR;ERR;0.01;False;0.01;False;ERR;ERR;ERR;0.06;False;0.07;False;0.05;False;ERR
2614;ERR;ERR;0.0;True;0.02;True;ERR;ERR;ERR;0.05;True;0.05;True;0.04;True;ERR
2615;ERR;ERR;0.02;False;0.01;False;ERR;ERR;ERR;0.05;False;0.06;False;0.06;False;ERR
2616;0.02;True;0.02;True;0.0;True;ERR;ERR;ERR;0.05;True;0.05;False;0.04;True;ERR
2617;ERR;ERR;1.36;False;1.75;False;ERR;ERR;ERR;0.06;True;0.04;False;2.83;False;ERR
2618;0.01;True;0.01;True;0.01;True;ERR;ERR;ERR;0.05;True;0.04;False;0.04;True;ERR
2619;0.01;True;0.01;True;0.01;True;ERR;ERR;ERR;0.07;True;0.09;False;0.03;True;ERR
2620;0.02;True;0.01;True;0.01;True;ERR;ERR;ERR;0.07;True;0.05;False;0.03;True;ERR
2621;ERR;ERR;0.01;False;0.01;False;ERR;ERR;ERR;0.07;False;0.06;False;0.05;False;ERR
2622;ERR;ERR;0.01;True;0.02;True;ERR;ERR;ERR;0.06;True;0.03;False;0.04;True;ERR
2623;ERR;ERR;0.01;False;0.01;False;ERR;ERR;ERR;0.06;False;0.07;False;0.05;False;ERR
2624;ERR;ERR;0.01;False;0.01;False;ERR;ERR;ERR;0.06;False;0.06;False;0.04;False;ERR
2625;ERR;ERR;1.3;False;1.76;False;ERR;ERR;ERR;0.25;False;0.06;False;2.8;False;ERR
2626;ERR;ERR;0.01;False;0.01;False;ERR;ERR;ERR;0.06;False;0.07;False;0.05;False;ERR
2627;0.02;True;0.01;True;0.01;True;ERR;ERR;ERR;0.06;True;0.09;False;0.03;True;ERR
2628;0.02;True;0.0;True;0.01;True;ERR;ERR;ERR;0.07;True;0.04;False;0.04;True;ERR
2629;ERR;ERR;1.28;False;1.76;False;ERR;ERR;ERR;0.24;False;0.04;False;2.79;False;ERR
2630;ERR;ERR;0.01;False;0.01;False;ERR;ERR;ERR;0.07;False;0.06;False;0.05;False;ERR
2631;ERR;ERR;1.23;False;2.68;False;ERR;ERR;ERR;0.23;False;0.06;False;2.78;False;ERR
2632;ERR;ERR;2.23;True;0.09;True;ERR;ERR;ERR;0.45;True;0.04;False;3.38;True;ERR
2633;ERR;ERR;0.01;False;0.0;False;ERR;ERR;ERR;0.06;False;0.04;False;0.04;False;ERR
2634;0.01;True;0.01;True;0.01;True;ERR;ERR;ERR;0.07;True;0.04;False;0.04;True;ERR
2635;0.01;True;0.01;True;0.01;True;ERR;ERR;ERR;0.05;True;0.05;False;0.05;True;ERR
2636;0.01;True;0.01;True;0.01;True;ERR;ERR;ERR;0.06;True;0.05;False;0.05;True;ERR
2637;0.01;True;0.01;True;0.01;True;ERR;ERR;ERR;0.07;True;0.06;False;0.04;True;ERR
2638;ERR;ERR;0.01;False;0.01;False;ERR;ERR;ERR;0.05;False;0.05;False;0.05;False;ERR
2639;0.01;True;0.01;True;0.02;True;ERR;ERR;ERR;0.06;True;0.06;False;0.05;True;ERR
2640;ERR;ERR;0.82;False;1.12;False;ERR;ERR;ERR;0.19;False;0.08;False;1.64;False;ERR
2641;ERR;ERR;0.0;False;0.01;False;ERR;ERR;ERR;0.07;False;0.06;False;0.05;False;ERR
2642;0.01;True;0.01;True;0.01;True;ERR;ERR;ERR;0.06;True;0.06;False;0.04;True;ERR
2643;ERR;ERR;0.01;True;0.01;True;ERR;ERR;ERR;ERR;ERR;ERR;ERR;ERR;ERR;ERR
2644;ERR;ERR;0.01;False;0.02;False;ERR;ERR;ERR;0.07;False;0.06;False;0.05;False;ERR
2645;ERR;ERR;3.4;False;4.52;False;ERR;ERR;ERR;ERR;ERR;ERR;ERR;ERR;ERR;ERR
2646;0.02;True;0.01;False;0.01;False;ERR;ERR;ERR;ERR;ERR;ERR;ERR;ERR;ERR;ERR
2647;0.01;True;0.0;True;0.01;True;ERR;ERR;ERR;0.05;True;0.06;False;0.04;True;ERR
2648;ERR;ERR;1.24;False;1.67;False;ERR;ERR;ERR;0.26;False;0.07;False;2.37;False;ERR
2649;ERR;ERR;0.01;False;0.02;False;ERR;ERR;ERR;0.06;False;0.06;False;0.04;False;ERR
2650;ERR;ERR;0.01;False;0.01;False;ERR;ERR;ERR;0.07;False;0.09;False;0.03;False;ERR
2651;ERR;ERR;0.0;True;0.01;True;ERR;ERR;ERR;ERR;ERR;ERR;ERR;ERR;ERR;ERR
2652;0.01;True;0.0;True;0.01;True;ERR;ERR;ERR;0.06;True;0.13;False;0.05;True;ERR
2653;ERR;ERR;0.01;False;0.01;False;ERR;ERR;ERR;0.06;False;0.05;False;0.04;False;ERR
2654;ERR;ERR;0.01;False;0.01;False;ERR;ERR;ERR;0.07;False;0.07;False;0.06;False;ERR
2655;ERR;ERR;0.02;True;0.01;True;ERR;ERR;ERR;ERR;ERR;ERR;ERR;ERR;ERR;ERR
2656;0.02;True;0.01;True;0.01;True;ERR;ERR;ERR;0.05;True;0.04;False;0.04;True;ERR
2657;ERR;ERR;0.01;False;0.02;False;ERR;ERR;ERR;0.07;False;0.06;False;0.06;False;ERR
2658;ERR;ERR;0.02;True;0.01;True;ERR;ERR;ERR;0.05;True;0.06;True;0.04;True;ERR
2659;ERR;ERR;0.01;False;0.02;False;ERR;ERR;ERR;0.06;False;0.06;False;0.05;False;ERR
2660;ERR;ERR;1.28;False;1.74;False;ERR;ERR;ERR;0.23;False;0.06;False;2.84;False;ERR
2661;0.01;True;0.01;False;0.01;False;0.98;False;0.08804704800000007;0.06;False;0.02;False;0.05;False;ERR
2662;0.01;True;0.19;False;0.11;False;ERR;ERR;ERR;ERR;ERR;ERR;ERR;ERR;ERR;ERR
2663;0.01;True;0.02;True;0.01;True;ERR;ERR;ERR;0.07;True;0.06;False;0.04;True;ERR
2664;ERR;ERR;0.01;False;0.01;False;ERR;ERR;ERR;0.05;False;0.05;False;0.05;False;ERR
2665;0.01;True;0.02;True;0.02;True;ERR;ERR;ERR;0.08;True;ERR;ERR;0.04;True;ERR
2666;ERR;ERR;0.01;False;0.02;False;ERR;ERR;ERR;ERR;ERR;ERR;ERR;ERR;ERR;ERR
2667;0.02;True;0.01;True;0.0;True;ERR;ERR;ERR;0.06;True;0.05;False;0.04;True;ERR
2668;0.01;True;0.01;True;0.01;True;ERR;ERR;ERR;0.06;True;0.05;False;0.04;True;ERR
2669;ERR;ERR;0.02;False;0.01;False;ERR;ERR;ERR;0.06;False;0.05;False;0.04;False;ERR
2670;0.01;True;0.91;False;2.12;False;ERR;ERR;ERR;0.15;False;0.05;False;2.48;False;ERR
2671;ERR;ERR;0.02;False;0.0;False;ERR;ERR;ERR;0.07;False;0.06;False;0.04;False;ERR
2672;ERR;ERR;0.02;True;0.01;True;ERR;ERR;ERR;ERR;ERR;ERR;ERR;ERR;ERR;ERR
2673;ERR;ERR;0.02;False;0.02;False;ERR;ERR;ERR;0.06;False;0.07;False;0.04;False;ERR
2674;ERR;ERR;0.02;False;0.02;False;ERR;ERR;ERR;0.07;False;0.06;False;0.05;False;ERR
2675;ERR;ERR;1.22;False;2.64;False;ERR;ERR;ERR;0.24;False;0.04;False;2.79;False;ERR
2676;ERR;ERR;0.01;False;0.01;False;ERR;ERR;ERR;0.07;False;0.05;False;0.03;False;ERR
2677;0.01;True;0.05;False;0.01;False;7.49;False;0.32915235900000006;ERR;ERR;ERR;ERR;ERR;ERR;ERR
2678;ERR;ERR;0.01;False;0.01;False;ERR;ERR;ERR;ERR;ERR;ERR;ERR;ERR;ERR;ERR
2679;ERR;ERR;0.01;True;0.0;True;ERR;ERR;ERR;0.05;True;0.07;False;0.05;True;ERR
2680;0.02;True;0.0;True;0.01;True;ERR;ERR;ERR;0.07;True;0.06;False;0.04;True;ERR
2681;ERR;ERR;0.01;False;0.01;False;ERR;ERR;ERR;0.07;False;0.05;False;0.06;False;ERR
2682;0.02;True;0.01;True;0.01;True;ERR;ERR;ERR;0.07;True;0.06;False;0.04;True;ERR
2683;0.01;True;0.0;True;0.0;True;ERR;ERR;ERR;0.05;True;0.06;False;0.05;True;ERR
2684;ERR;ERR;0.8;False;1.13;False;ERR;ERR;ERR;0.18;False;0.08;False;1.63;False;ERR
2685;0.01;True;0.23;False;0.01;False;0.65;False;0.24257098200000005;ERR;ERR;ERR;ERR;ERR;ERR;ERR
2686;0.02;True;1.24;False;0.01;False;ERR;ERR;ERR;ERR;ERR;ERR;ERR;ERR;ERR;ERR
2687;0.01;True;0.0;True;0.01;True;ERR;ERR;ERR;0.07;True;0.06;False;0.04;True;ERR
2688;0.02;True;0.01;True;0.01;True;ERR;ERR;ERR;ERR;ERR;ERR;ERR;ERR;ERR;ERR
2689;ERR;ERR;0.01;False;0.01;False;ERR;ERR;ERR;0.07;False;0.06;False;0.04;False;ERR
2690;ERR;ERR;0.01;False;0.01;False;ERR;ERR;ERR;0.07;False;0.05;False;0.03;False;ERR
2691;ERR;ERR;0.01;False;0.01;False;ERR;ERR;ERR;0.07;False;0.06;False;0.05;False;ERR
2692;ERR;ERR;0.01;False;0.01;False;ERR;ERR;ERR;0.06;False;0.07;False;0.06;False;ERR
2693;0.01;True;0.0;True;0.01;True;ERR;ERR;ERR;0.07;True;0.06;False;0.04;True;ERR
2694;0.01;True;10.08;False;0.01;False;5.16;False;0.18333138300000051;ERR;ERR;ERR;ERR;ERR;ERR;ERR
2695;ERR;ERR;0.01;False;0.01;False;ERR;ERR;ERR;0.05;False;0.06;False;0.05;False;ERR
2696;0.01;True;0.0;True;0.01;True;ERR;ERR;ERR;0.06;True;0.05;False;0.03;True;ERR
2697;ERR;ERR;0.01;True;0.01;True;ERR;ERR;ERR;ERR;ERR;ERR;ERR;ERR;ERR;ERR
2698;ERR;ERR;0.02;False;0.01;False;ERR;ERR;ERR;0.07;False;0.06;False;0.05;False;ERR
2699;0.01;True;0.01;True;0.01;True;ERR;ERR;ERR;0.06;True;0.09;False;0.05;True;ERR
2700;0.02;True;0.01;True;0.0;True;ERR;ERR;ERR;0.07;True;0.05;False;0.04;True;ERR
2701;ERR;ERR;0.75;False;1.09;False;ERR;ERR;ERR;0.2;False;0.11;False;1.64;False;ERR
2702;ERR;ERR;0.01;False;0.01;False;ERR;ERR;ERR;0.07;False;0.06;False;0.05;False;ERR
2703;ERR;ERR;0.01;False;0.01;False;ERR;ERR;ERR;0.06;False;0.05;False;0.05;False;ERR
2704;ERR;ERR;0.01;False;0.02;False;ERR;ERR;ERR;0.06;False;0.07;False;0.04;False;ERR
2705;0.01;True;0.01;True;0.02;True;ERR;ERR;ERR;0.05;True;0.06;False;0.05;True;ERR
2706;ERR;ERR;0.01;False;0.01;False;ERR;ERR;ERR;0.07;False;0.07;False;0.03;False;ERR
2707;0.01;True;0.01;True;0.01;True;ERR;ERR;ERR;0.06;True;0.04;False;0.04;True;ERR
2708;ERR;ERR;0.01;False;0.02;False;ERR;ERR;ERR;0.06;False;0.06;False;0.04;False;ERR
2709;ERR;ERR;0.0;False;0.01;False;ERR;ERR;ERR;0.06;False;0.06;False;0.03;False;ERR
2710;ERR;ERR;0.01;False;0.01;False;ERR;ERR;ERR;0.07;False;0.05;False;0.03;False;ERR
2711;ERR;ERR;0.01;False;0.02;False;ERR;ERR;ERR;0.07;False;0.06;False;0.05;False;ERR
2712;ERR;ERR;0.0;True;0.01;True;ERR;ERR;ERR;ERR;ERR;ERR;ERR;ERR;ERR;ERR
2713;ERR;ERR;0.01;False;0.01;False;ERR;ERR;ERR;0.05;False;0.08;False;0.03;False;ERR
2714;0.01;True;0.01;False;0.01;False;ERR;ERR;ERR;0.07;False;0.04;False;0.04;False;ERR
2715;ERR;ERR;0.01;False;0.02;False;ERR;ERR;ERR;0.07;False;0.06;False;0.06;False;ERR
2716;ERR;ERR;0.0;True;0.0;True;ERR;ERR;ERR;ERR;ERR;ERR;ERR;ERR;ERR;ERR
2717;0.02;True;24.3;False;0.02;False;ERR;ERR;ERR;1.01;False;17.69;False;52.3;False;ERR
2718;0.02;True;0.03;False;0.01;False;ERR;ERR;ERR;0.06;False;0.05;False;0.14;False;ERR
2719;0.02;True;TO;TO;0.0;False;ERR;ERR;ERR;TO;TO;9.69;False;TO;TO;ERR
2720;0.02;True;0.0;False;0.0;False;TO;TO;TO;0.05;False;0.02;False;0.03;False;ERR
2721;0.01;True;1.3;False;0.01;False;ERR;ERR;ERR;0.18;False;0.15;False;2.67;False;ERR
2722;0.02;True;1.49;False;0.01;False;ERR;ERR;ERR;0.11;False;0.08;False;2.18;False;ERR
2723;0.01;True;0.01;False;0.0;False;ERR;ERR;ERR;ERR;ERR;ERR;ERR;ERR;ERR;ERR
2724;0.01;True;0.7;False;0.01;False;ERR;ERR;ERR;0.23;False;0.93;False;0.04;False;ERR
2725;0.01;True;0.01;False;0.01;False;ERR;ERR;ERR;ERR;ERR;ERR;ERR;ERR;ERR;ERR
2726;0.01;True;0.83;False;0.01;False;ERR;ERR;ERR;0.22;False;0.15;False;1.55;False;ERR
2727;0.02;True;0.14;False;0.17;False;23.87;False;0.12564658499999837;0.09;False;0.32;False;0.39;False;ERR
2728;0.01;True;0.05;False;0.11;False;1.43;False;0.11273722300000011;0.07;False;0.26;False;0.22;False;ERR
2729;0.01;True;0.01;False;0.02;False;ERR;ERR;ERR;0.07;False;0.13;False;0.06;False;ERR
2730;0.01;True;0.0;False;0.0;False;5.0;False;0.002205542000000449;0.06;False;0.03;False;0.03;False;ERR
2731;0.02;True;0.01;False;0.01;False;0.23;False;0.17167951199999998;0.07;False;0.06;False;0.03;False;ERR
2732;0.01;True;0.0;False;0.0;False;0.21;False;0.11640066699999999;0.06;False;0.03;False;0.05;False;ERR
2733;0.01;True;0.01;False;0.01;False;4.55;False;0.1782656880000002;0.07;False;0.04;False;0.03;False;ERR
2734;0.02;True;0.01;False;0.02;False;ERR;ERR;ERR;ERR;ERR;ERR;ERR;ERR;ERR;ERR
2735;0.01;True;1.86;False;0.02;False;ERR;ERR;ERR;3.52;False;0.07;False;15.87;False;ERR
2736;0.01;True;1.01;False;1.08;False;ERR;ERR;ERR;0.13;False;ERR;ERR;1.98;False;ERR
2737;0.01;True;76.93;False;0.02;False;ERR;ERR;ERR;23.51;False;0.41;False;TO;TO;ERR
2738;0.01;True;0.1;False;0.01;False;ERR;ERR;ERR;0.07;False;0.11;False;0.09;False;ERR
2739;0.01;True;1.45;False;0.01;False;ERR;ERR;ERR;0.19;False;ERR;ERR;3.52;False;ERR
2740;ERR;ERR;0.03;False;0.01;False;ERR;ERR;ERR;0.06;False;0.04;False;0.06;False;ERR
2741;0.0;True;TO;TO;0.0;False;ERR;ERR;ERR;TO;TO;13.54;False;TO;TO;ERR
2742;0.01;True;TO;TO;0.01;False;ERR;ERR;ERR;TO;TO;ERR;ERR;18.1;False;ERR
2743;0.01;True;0.1;False;0.01;False;ERR;ERR;ERR;0.08;False;0.1;False;0.1;False;ERR
2744;0.02;True;0.97;False;0.01;False;ERR;ERR;ERR;0.19;False;0.1;False;1.56;False;ERR
2745;0.01;True;0.01;False;0.01;False;TO;TO;TO;0.05;False;0.06;False;0.03;False;ERR
2746;ERR;ERR;61.74;False;2.48;False;ERR;ERR;ERR;9.05;False;0.07;False;TO;TO;ERR
2747;0.02;True;0.0;False;0.01;False;ERR;ERR;ERR;0.04;False;0.06;False;0.04;False;ERR
2748;0.01;True;0.01;False;0.01;False;ERR;ERR;ERR;0.06;False;0.04;False;0.04;False;ERR
2749;0.01;True;8.83;False;24.22;False;0.34;False;0.31015304;2.77;False;4.16;False;22.45;False;ERR
2750;0.02;True;0.48;False;0.01;False;ERR;ERR;ERR;0.1;False;0.07;False;1.11;False;ERR
2751;0.01;True;TO;TO;0.0;False;ERR;ERR;ERR;TO;TO;2.98;False;TO;TO;ERR
2752;0.01;True;0.57;False;0.01;False;ERR;ERR;ERR;0.29;False;0.2;False;0.38;False;ERR
2753;0.01;True;0.56;False;0.02;False;ERR;ERR;ERR;0.29;False;0.21;False;0.35;False;ERR
2754;ERR;ERR;14.69;True;0.2;True;ERR;ERR;ERR;0.11;True;28.01;False;0.66;True;ERR
2755;0.0;True;4.19;False;0.01;False;ERR;ERR;ERR;0.67;False;4.43;False;6.62;False;ERR
2756;0.01;True;TO;TO;0.01;False;ERR;ERR;ERR;78.23;False;45.73;False;TO;TO;ERR
2757;0.01;True;TO;TO;0.01;False;ERR;ERR;ERR;TO;TO;0.73;False;TO;TO;ERR
2758;0.03;True;0.01;False;0.01;False;ERR;ERR;ERR;0.07;False;0.22;False;0.1;False;ERR
2759;0.0;True;0.03;False;0.01;False;ERR;ERR;ERR;0.07;False;0.21;False;0.09;False;ERR
2760;0.01;True;2.9;False;0.02;False;ERR;ERR;ERR;0.75;False;0.09;False;10.28;False;ERR
2761;0.01;True;0.02;False;0.01;False;ERR;ERR;ERR;0.06;False;0.21;False;0.08;False;ERR
2762;0.02;True;0.02;False;0.01;False;ERR;ERR;ERR;0.06;False;0.19;False;0.09;False;ERR
2763;0.01;True;0.09;False;0.02;False;0.44;False;0.218330898;0.09;False;ERR;ERR;0.44;False;ERR
2764;0.02;True;33.44;False;0.01;False;ERR;ERR;ERR;2.76;False;0.18;False;45.69;False;ERR
2765;0.0;True;0.01;False;0.01;False;TO;TO;TO;0.05;False;ERR;ERR;0.04;False;ERR
2766;0.01;True;TO;TO;0.01;False;0.45;False;0.05111369099999996;TO;TO;0.37;False;TO;TO;ERR
2767;0.01;True;TO;TO;0.01;False;ERR;ERR;ERR;TO;TO;TO;TO;TO;TO;ERR
2768;0.01;True;0.02;False;0.01;False;ERR;ERR;ERR;0.06;False;ERR;ERR;0.05;False;ERR
2769;0.01;True;0.01;False;0.01;False;ERR;ERR;ERR;0.07;False;0.07;False;0.05;False;ERR
2770;0.01;True;0.11;False;0.02;False;ERR;ERR;ERR;0.09;False;0.08;False;0.11;False;ERR
2771;0.02;True;0.01;False;0.01;False;2.0;False;5.584100000000092e-05;0.07;False;0.06;False;0.04;False;ERR
2772;ERR;ERR;TO;TO;0.01;False;ERR;ERR;ERR;TO;TO;TO;TO;TO;TO;ERR
2773;0.02;True;0.01;False;0.01;False;ERR;ERR;ERR;0.07;False;0.04;False;0.05;False;ERR
2774;0.01;True;0.41;False;0.01;False;ERR;ERR;ERR;0.15;False;0.09;False;0.11;False;ERR
2775;0.01;True;0.4;False;0.01;False;ERR;ERR;ERR;0.15;False;0.05;False;0.1;False;ERR
2776;0.02;True;0.01;False;0.01;False;ERR;ERR;ERR;ERR;ERR;ERR;ERR;ERR;ERR;ERR
2777;0.02;True;0.01;False;0.02;False;ERR;ERR;ERR;0.06;False;0.04;False;0.02;False;ERR
2778;0.02;True;0.11;False;0.0;False;ERR;ERR;ERR;0.22;False;0.3;False;0.04;False;ERR
2779;0.01;True;TO;TO;0.01;False;ERR;ERR;ERR;TO;TO;TO;TO;TO;TO;ERR
2780;0.01;True;1.59;False;1.77;False;0.37;False;0.25010464;0.18;False;1.31;False;4.57;False;ERR
2781;0.01;True;TO;TO;0.01;False;0.36;False;0.18617369600000003;TO;TO;0.39;False;TO;TO;ERR
2782;0.01;True;0.01;False;0.0;False;ERR;ERR;ERR;0.07;False;0.04;False;0.02;False;ERR
2783;0.01;True;0.1;False;0.02;False;ERR;ERR;ERR;0.08;False;0.09;False;0.11;False;ERR
2784;0.02;True;0.01;False;0.01;False;9.52;False;0.07623468599999939;0.07;False;0.02;False;0.04;False;ERR
2785;0.01;True;TO;TO;0.01;False;ERR;ERR;ERR;TO;TO;TO;TO;TO;TO;ERR
2786;0.0;True;0.01;False;0.01;False;ERR;ERR;ERR;0.06;False;0.06;False;0.04;False;ERR
2787;0.01;True;0.01;False;0.01;False;ERR;ERR;ERR;0.05;False;0.04;False;0.03;False;ERR
2788;0.01;True;TO;TO;0.01;False;ERR;ERR;ERR;TO;TO;TO;TO;TO;TO;ERR
2789;0.01;True;TO;TO;ERR;ERR;0.38;False;0.3300562;TO;TO;TO;TO;TO;TO;ERR
2790;0.01;True;0.0;False;0.01;False;ERR;ERR;ERR;0.05;False;0.03;False;0.04;False;ERR
2791;0.01;True;TO;TO;0.01;False;ERR;ERR;ERR;TO;TO;0.14;False;TO;TO;ERR
2792;0.02;True;7.6;False;0.01;False;0.57;False;0.195311515;11.79;False;0.25;False;74.25;False;ERR
2793;0.01;True;TO;TO;0.01;False;ERR;ERR;ERR;33.29;False;0.14;False;91.73;False;ERR
2794;0.02;True;0.13;False;0.01;False;ERR;ERR;ERR;0.22;False;0.24;False;0.04;False;ERR
2795;0.01;True;ERR;ERR;0.03;False;ERR;ERR;ERR;0.07;False;0.08;False;0.07;False;ERR
2796;0.02;True;TO;TO;0.01;False;ERR;ERR;ERR;TO;TO;TO;TO;TO;TO;ERR
2797;0.01;True;0.01;False;0.01;False;0.22;False;8.098000000000827e-05;0.07;False;0.04;False;0.04;False;ERR
2798;0.01;True;0.01;False;0.01;False;ERR;ERR;ERR;0.07;False;0.05;False;0.05;False;ERR
2799;ERR;ERR;1.79;False;0.01;False;ERR;ERR;ERR;0.41;False;0.04;False;3.49;False;ERR
2800;0.02;True;0.04;False;0.02;False;ERR;ERR;ERR;0.06;False;0.04;False;0.13;False;ERR
2801;0.01;True;0.0;False;0.02;False;2.76;False;0.2569320470000003;ERR;ERR;ERR;ERR;ERR;ERR;ERR
2802;0.01;True;0.1;False;0.01;False;ERR;ERR;ERR;0.07;False;0.12;False;0.09;False;ERR
2803;0.01;True;0.11;False;0.01;False;ERR;ERR;ERR;0.08;False;0.09;False;0.08;False;ERR
2804;ERR;ERR;0.02;False;0.0;False;ERR;ERR;ERR;0.06;False;0.03;False;0.03;False;ERR
2805;0.0;True;0.01;False;0.01;False;ERR;ERR;ERR;0.05;False;0.04;False;0.04;False;ERR
2806;0.02;True;0.01;False;0.02;False;ERR;ERR;ERR;0.06;False;0.04;False;0.04;False;ERR
2807;0.02;True;TO;TO;0.01;False;TO;TO;TO;23.03;False;TO;TO;37.0;False;ERR
2808;0.02;True;0.0;False;0.01;False;ERR;ERR;ERR;0.06;False;0.05;False;0.05;False;ERR
2809;ERR;ERR;0.01;False;0.02;False;ERR;ERR;ERR;0.07;False;0.09;False;0.04;False;ERR
2810;0.0;True;0.01;False;0.01;False;ERR;ERR;ERR;0.05;False;0.04;False;0.04;False;ERR
2811;ERR;ERR;0.01;False;0.02;False;ERR;ERR;ERR;0.07;False;0.05;False;0.04;False;ERR
2812;0.01;True;3.53;False;0.01;False;ERR;ERR;ERR;0.3;False;2.83;False;11.47;False;ERR
2813;0.01;True;0.0;False;0.02;False;11.02;False;0.14601121600000155;0.06;False;ERR;ERR;0.04;False;ERR
2814;ERR;ERR;0.01;False;0.01;False;13.4;False;6.164999999924703e-05;0.06;False;ERR;ERR;0.04;False;ERR
2815;0.01;True;0.01;False;0.0;False;ERR;ERR;ERR;0.06;False;0.03;False;0.04;False;ERR
2816;0.0;True;0.01;False;0.01;False;ERR;ERR;ERR;0.06;False;0.03;False;0.04;False;ERR
2817;0.0;True;0.03;False;0.01;False;TO;TO;TO;0.07;False;0.1;False;0.05;False;ERR
2818;ERR;ERR;TO;TO;0.01;False;ERR;ERR;ERR;TO;TO;TO;TO;TO;TO;ERR
2819;0.02;True;TO;TO;0.01;False;2.75;False;0.06247411199999986;TO;TO;ERR;ERR;TO;TO;ERR
2820;0.01;True;0.01;False;0.01;False;24.01;False;0.33730295699999857;ERR;ERR;ERR;ERR;ERR;ERR;ERR
2821;0.01;True;0.01;False;0.0;False;ERR;ERR;ERR;ERR;ERR;ERR;ERR;ERR;ERR;ERR
2822;0.01;True;0.07;False;0.01;False;ERR;ERR;ERR;0.15;False;0.45;False;0.05;False;ERR
2823;0.02;True;0.01;False;0.01;False;ERR;ERR;ERR;ERR;ERR;ERR;ERR;ERR;ERR;ERR
2824;0.01;True;0.01;False;0.01;False;ERR;ERR;ERR;ERR;ERR;ERR;ERR;ERR;ERR;ERR
2825;0.02;True;0.01;False;0.01;False;ERR;ERR;ERR;ERR;ERR;ERR;ERR;ERR;ERR;ERR
2826;0.01;True;0.02;False;0.01;False;ERR;ERR;ERR;ERR;ERR;ERR;ERR;ERR;ERR;ERR
2827;0.0;True;3.58;False;0.17;False;ERR;ERR;ERR;ERR;ERR;ERR;ERR;ERR;ERR;ERR
2828;0.01;True;28.29;False;0.01;False;ERR;ERR;ERR;ERR;ERR;ERR;ERR;ERR;ERR;ERR
2829;0.01;True;0.01;False;0.01;False;ERR;ERR;ERR;ERR;ERR;ERR;ERR;ERR;ERR;ERR
2830;0.01;True;0.01;False;0.0;False;ERR;ERR;ERR;ERR;ERR;ERR;ERR;ERR;ERR;ERR
2831;0.01;True;0.01;False;0.01;False;ERR;ERR;ERR;ERR;ERR;ERR;ERR;ERR;ERR;ERR
2832;0.01;True;0.01;False;0.02;False;15.72;False;0.9485101079999989;ERR;ERR;ERR;ERR;ERR;ERR;ERR
2833;0.02;True;0.01;False;0.02;False;ERR;ERR;ERR;ERR;ERR;ERR;ERR;ERR;ERR;ERR
2834;0.02;True;0.01;False;0.01;False;ERR;ERR;ERR;ERR;ERR;ERR;ERR;ERR;ERR;ERR
2835;0.0;True;0.01;False;0.01;False;ERR;ERR;ERR;ERR;ERR;ERR;ERR;ERR;ERR;ERR
2836;0.01;True;0.01;False;0.01;False;15.67;False;0.5849682549999997;ERR;ERR;ERR;ERR;ERR;ERR;ERR
2837;0.01;True;2.3;False;0.09;False;ERR;ERR;ERR;ERR;ERR;ERR;ERR;ERR;ERR;ERR
2838;0.01;True;0.02;False;0.01;False;ERR;ERR;ERR;ERR;ERR;ERR;ERR;ERR;ERR;ERR
2839;0.01;True;0.01;False;0.01;False;ERR;ERR;ERR;ERR;ERR;ERR;ERR;ERR;ERR;ERR
2840;0.01;True;0.01;False;0.0;False;ERR;ERR;ERR;ERR;ERR;ERR;ERR;ERR;ERR;ERR
2841;0.01;True;0.02;False;0.01;False;ERR;ERR;ERR;0.07;False;0.05;False;0.05;False;ERR
2842;0.0;True;0.21;False;0.09;False;ERR;ERR;ERR;ERR;ERR;ERR;ERR;ERR;ERR;ERR
2843;0.0;True;0.0;False;0.01;False;15.51;False;0.6618423320000009;ERR;ERR;ERR;ERR;ERR;ERR;ERR
2844;0.03;True;2.32;False;0.02;False;ERR;ERR;ERR;ERR;ERR;ERR;ERR;ERR;ERR;ERR
2845;0.02;True;0.51;False;1.28;False;ERR;ERR;ERR;ERR;ERR;ERR;ERR;ERR;ERR;ERR
2846;0.02;True;0.01;False;0.01;False;ERR;ERR;ERR;ERR;ERR;ERR;ERR;ERR;ERR;ERR
2847;0.01;True;0.0;False;0.01;False;15.96;False;0.9608944600000004;ERR;ERR;ERR;ERR;ERR;ERR;ERR
2848;0.01;True;26.79;False;0.01;False;ERR;ERR;ERR;ERR;ERR;ERR;ERR;ERR;ERR;ERR
2849;0.02;True;0.01;False;0.01;False;ERR;ERR;ERR;ERR;ERR;ERR;ERR;ERR;ERR;ERR
2850;0.01;True;0.01;False;0.02;False;15.87;False;0.966039155999999;ERR;ERR;ERR;ERR;ERR;ERR;ERR
2851;0.02;True;6.34;False;0.02;False;ERR;ERR;ERR;ERR;ERR;ERR;ERR;ERR;ERR;ERR
2852;0.02;True;0.02;False;0.02;False;15.89;False;0.9873047670000012;ERR;ERR;ERR;ERR;ERR;ERR;ERR
2853;0.01;True;0.02;False;0.01;False;15.81;False;1.0112884209999997;ERR;ERR;ERR;ERR;ERR;ERR;ERR
2854;0.02;True;0.02;False;0.01;False;ERR;ERR;ERR;ERR;ERR;ERR;ERR;ERR;ERR;ERR
2855;0.01;True;2.33;False;0.09;False;ERR;ERR;ERR;ERR;ERR;ERR;ERR;ERR;ERR;ERR
2856;0.03;True;4.67;False;0.17;False;ERR;ERR;ERR;ERR;ERR;ERR;ERR;ERR;ERR;ERR
2857;0.02;True;2.28;False;0.1;False;ERR;ERR;ERR;ERR;ERR;ERR;ERR;ERR;ERR;ERR
2858;0.01;True;6.55;False;0.01;False;ERR;ERR;ERR;ERR;ERR;ERR;ERR;ERR;ERR;ERR
2859;0.01;True;0.01;False;0.02;False;12.02;False;0.504301324;0.07;False;ERR;ERR;0.03;False;ERR
2860;0.02;True;0.01;False;0.01;False;15.56;False;0.4870620670000001;ERR;ERR;ERR;ERR;ERR;ERR;ERR
2861;0.02;True;0.01;False;0.01;False;ERR;ERR;ERR;ERR;ERR;ERR;ERR;ERR;ERR;ERR
2862;0.02;True;0.01;False;0.01;False;15.29;False;0.5334174330000003;ERR;ERR;ERR;ERR;ERR;ERR;ERR
2863;0.01;True;0.78;False;2.1;False;ERR;ERR;ERR;ERR;ERR;ERR;ERR;ERR;ERR;ERR
2864;0.01;True;0.01;False;0.01;False;ERR;ERR;ERR;ERR;ERR;ERR;ERR;ERR;ERR;ERR
2865;0.01;True;0.01;False;0.01;False;ERR;ERR;ERR;ERR;ERR;ERR;ERR;ERR;ERR;ERR
2866;0.02;True;0.02;False;0.0;False;14.97;False;0.5337889729999983;ERR;ERR;ERR;ERR;ERR;ERR;ERR
2867;0.01;True;0.62;False;1.52;False;ERR;ERR;ERR;ERR;ERR;ERR;ERR;ERR;ERR;ERR
2868;0.0;True;0.01;False;0.0;False;15.94;False;0.9618267319999987;ERR;ERR;ERR;ERR;ERR;ERR;ERR
2869;0.02;True;0.21;False;0.1;False;ERR;ERR;ERR;ERR;ERR;ERR;ERR;ERR;ERR;ERR
2870;0.01;True;0.01;False;0.01;False;15.75;False;0.9495551989999989;ERR;ERR;ERR;ERR;ERR;ERR;ERR
2871;0.02;True;0.3;False;0.01;False;ERR;ERR;ERR;ERR;ERR;ERR;ERR;ERR;ERR;ERR
2872;0.01;True;0.25;False;0.11;False;ERR;ERR;ERR;ERR;ERR;ERR;ERR;ERR;ERR;ERR
2873;0.01;True;0.01;False;0.01;False;15.45;False;0.4935936430000005;ERR;ERR;ERR;ERR;ERR;ERR;ERR
2874;0.01;True;0.02;False;0.0;False;ERR;ERR;ERR;ERR;ERR;ERR;ERR;ERR;ERR;ERR
2875;0.02;True;0.12;False;0.01;False;16.9;False;0.908579958999999;ERR;ERR;ERR;ERR;ERR;ERR;ERR
2876;0.02;True;0.01;False;0.01;False;ERR;ERR;ERR;ERR;ERR;ERR;ERR;ERR;ERR;ERR
2877;0.03;True;2.34;False;0.1;False;ERR;ERR;ERR;ERR;ERR;ERR;ERR;ERR;ERR;ERR
2878;0.02;True;0.0;False;0.01;False;15.83;False;0.9204078300000003;ERR;ERR;ERR;ERR;ERR;ERR;ERR
2879;0.01;True;0.01;False;0.01;False;ERR;ERR;ERR;ERR;ERR;ERR;ERR;ERR;ERR;ERR
2880;0.02;True;0.01;False;0.01;False;12.19;False;0.5641286539999992;0.07;False;ERR;ERR;0.04;False;ERR
2881;0.02;True;2.29;False;0.0;False;ERR;ERR;ERR;ERR;ERR;ERR;ERR;ERR;ERR;ERR
2882;0.02;True;0.01;False;0.0;False;17.04;False;0.6906982199999998;ERR;ERR;ERR;ERR;ERR;ERR;ERR
2883;0.03;True;0.39;False;0.01;False;ERR;ERR;ERR;ERR;ERR;ERR;ERR;ERR;ERR;ERR
2884;0.01;True;0.01;False;0.01;False;ERR;ERR;ERR;ERR;ERR;ERR;ERR;ERR;ERR;ERR
2885;0.01;True;2.27;False;0.11;False;ERR;ERR;ERR;ERR;ERR;ERR;ERR;ERR;ERR;ERR
2886;0.01;True;0.0;False;0.0;False;ERR;ERR;ERR;0.05;False;0.04;False;0.05;False;ERR
2887;0.01;True;0.01;False;0.01;False;15.31;False;0.9226047509999997;ERR;ERR;ERR;ERR;ERR;ERR;ERR
2888;0.02;True;0.01;False;0.02;False;12.21;False;0.5964637659999994;0.04;False;ERR;ERR;0.06;False;ERR
2889;0.02;True;0.01;False;0.01;False;15.64;False;0.9506690810000009;ERR;ERR;ERR;ERR;ERR;ERR;ERR
2890;0.01;True;0.01;False;0.01;False;16.97;False;0.7093338489999983;ERR;ERR;ERR;ERR;ERR;ERR;ERR
2891;0.01;True;2.57;False;0.09;False;ERR;ERR;ERR;ERR;ERR;ERR;ERR;ERR;ERR;ERR
2892;0.01;True;3.59;False;0.18;False;ERR;ERR;ERR;ERR;ERR;ERR;ERR;ERR;ERR;ERR
2893;0.01;True;0.12;False;0.01;False;15.87;False;0.9254488550000008;ERR;ERR;ERR;ERR;ERR;ERR;ERR
2894;0.01;True;4.56;False;0.17;False;ERR;ERR;ERR;ERR;ERR;ERR;ERR;ERR;ERR;ERR
2895;0.02;True;0.01;False;0.0;False;15.82;False;1.0204868410000003;ERR;ERR;ERR;ERR;ERR;ERR;ERR
2896;0.01;True;0.01;False;0.01;False;15.73;False;0.9372538069999994;ERR;ERR;ERR;ERR;ERR;ERR;ERR
2897;0.02;True;1.77;False;0.09;False;ERR;ERR;ERR;ERR;ERR;ERR;ERR;ERR;ERR;ERR
2898;0.01;True;0.01;False;0.01;False;ERR;ERR;ERR;ERR;ERR;ERR;ERR;ERR;ERR;ERR
2899;0.01;True;0.01;False;0.01;False;16.32;False;0.6316300720000001;ERR;ERR;ERR;ERR;ERR;ERR;ERR
2900;0.02;True;0.29;False;0.01;False;ERR;ERR;ERR;ERR;ERR;ERR;ERR;ERR;ERR;ERR
2901;0.01;True;0.12;False;0.0;False;15.68;False;0.9100225200000001;ERR;ERR;ERR;ERR;ERR;ERR;ERR
2902;0.01;True;0.0;False;0.01;False;ERR;ERR;ERR;ERR;ERR;ERR;ERR;ERR;ERR;ERR
2903;0.02;True;0.13;False;0.01;False;15.19;False;0.8949526149999993;ERR;ERR;ERR;ERR;ERR;ERR;ERR
2904;0.02;True;0.0;False;0.01;False;16.77;False;0.9409876910000001;ERR;ERR;ERR;ERR;ERR;ERR;ERR
2905;0.02;True;3.56;False;0.18;False;ERR;ERR;ERR;ERR;ERR;ERR;ERR;ERR;ERR;ERR
2906;0.01;True;0.01;False;0.01;False;11.8;False;0.5759172160000006;0.07;False;ERR;ERR;0.03;False;ERR
2907;0.02;True;0.66;False;1.73;False;ERR;ERR;ERR;ERR;ERR;ERR;ERR;ERR;ERR;ERR
2908;0.01;True;0.02;False;0.01;False;ERR;ERR;ERR;ERR;ERR;ERR;ERR;ERR;ERR;ERR
2909;0.02;True;0.01;False;0.01;False;15.99;False;0.9524144020000005;ERR;ERR;ERR;ERR;ERR;ERR;ERR
2910;0.01;True;0.01;False;0.01;False;16.09;False;0.9422453619999995;ERR;ERR;ERR;ERR;ERR;ERR;ERR
2911;0.02;True;0.01;False;0.01;False;ERR;ERR;ERR;ERR;ERR;ERR;ERR;ERR;ERR;ERR
2912;0.02;True;0.01;False;0.01;False;ERR;ERR;ERR;ERR;ERR;ERR;ERR;ERR;ERR;ERR
2913;0.02;True;0.01;False;0.02;False;15.92;False;0.9577604270000002;ERR;ERR;ERR;ERR;ERR;ERR;ERR
2914;0.01;True;0.01;False;0.01;False;ERR;ERR;ERR;ERR;ERR;ERR;ERR;ERR;ERR;ERR
2915;0.02;True;0.01;False;0.01;False;ERR;ERR;ERR;ERR;ERR;ERR;ERR;ERR;ERR;ERR
2916;0.02;True;0.01;False;0.01;False;ERR;ERR;ERR;ERR;ERR;ERR;ERR;ERR;ERR;ERR
2917;0.01;True;0.12;False;0.01;False;16.37;False;0.911698512000001;ERR;ERR;ERR;ERR;ERR;ERR;ERR
2918;0.02;True;0.23;False;0.01;False;ERR;ERR;ERR;ERR;ERR;ERR;ERR;ERR;ERR;ERR
2919;0.02;True;0.23;False;0.0;False;ERR;ERR;ERR;ERR;ERR;ERR;ERR;ERR;ERR;ERR
2920;0.01;True;0.01;False;0.01;False;ERR;ERR;ERR;ERR;ERR;ERR;ERR;ERR;ERR;ERR
2921;0.01;True;0.01;False;0.02;False;15.62;False;0.9665663660000003;ERR;ERR;ERR;ERR;ERR;ERR;ERR
2922;0.01;True;0.01;False;0.02;False;ERR;ERR;ERR;ERR;ERR;ERR;ERR;ERR;ERR;ERR
2923;0.01;True;0.01;False;0.01;False;15.56;False;0.9524269830000005;ERR;ERR;ERR;ERR;ERR;ERR;ERR
2924;0.01;True;2.67;False;0.01;False;ERR;ERR;ERR;ERR;ERR;ERR;ERR;ERR;ERR;ERR
2925;0.01;True;35.22;False;0.01;False;ERR;ERR;ERR;ERR;ERR;ERR;ERR;ERR;ERR;ERR
2926;0.01;True;0.01;False;0.01;False;15.42;False;0.9438411529999993;ERR;ERR;ERR;ERR;ERR;ERR;ERR
2927;0.02;True;0.01;False;0.01;False;ERR;ERR;ERR;ERR;ERR;ERR;ERR;ERR;ERR;ERR
2928;0.01;True;0.01;False;0.01;False;ERR;ERR;ERR;ERR;ERR;ERR;ERR;ERR;ERR;ERR
2929;0.01;True;0.13;False;0.07;False;ERR;ERR;ERR;ERR;ERR;ERR;ERR;ERR;ERR;ERR
2930;0.02;True;0.02;False;0.01;False;ERR;ERR;ERR;ERR;ERR;ERR;ERR;ERR;ERR;ERR
2931;0.01;True;0.01;False;0.01;False;ERR;ERR;ERR;ERR;ERR;ERR;ERR;ERR;ERR;ERR
2932;0.01;True;0.01;False;0.0;False;15.03;False;0.630371929999999;ERR;ERR;ERR;ERR;ERR;ERR;ERR
2933;0.02;True;0.01;False;0.01;False;15.11;False;0.5558342659999997;ERR;ERR;ERR;ERR;ERR;ERR;ERR
2934;0.01;True;0.01;False;0.01;False;ERR;ERR;ERR;ERR;ERR;ERR;ERR;ERR;ERR;ERR
2935;0.01;True;0.01;False;0.01;False;15.56;False;0.7548825049999994;ERR;ERR;ERR;ERR;ERR;ERR;ERR
2936;0.01;True;2.32;False;0.09;False;ERR;ERR;ERR;ERR;ERR;ERR;ERR;ERR;ERR;ERR
2937;0.01;True;0.13;False;0.01;False;15.67;False;0.9353536049999995;ERR;ERR;ERR;ERR;ERR;ERR;ERR
2938;0.01;True;0.01;False;0.01;False;ERR;ERR;ERR;ERR;ERR;ERR;ERR;ERR;ERR;ERR
2939;0.01;True;0.01;False;0.01;False;ERR;ERR;ERR;0.07;False;0.03;False;0.04;False;ERR
2940;0.01;True;0.01;False;0.02;False;ERR;ERR;ERR;ERR;ERR;ERR;ERR;ERR;ERR;ERR
2941;0.02;True;0.01;False;0.0;False;ERR;ERR;ERR;ERR;ERR;ERR;ERR;ERR;ERR;ERR
2942;0.02;True;0.01;False;0.01;False;ERR;ERR;ERR;ERR;ERR;ERR;ERR;ERR;ERR;ERR
2943;0.03;True;0.74;False;0.01;False;ERR;ERR;ERR;ERR;ERR;ERR;ERR;ERR;ERR;ERR
2944;0.01;True;0.01;False;0.0;False;ERR;ERR;ERR;ERR;ERR;ERR;ERR;ERR;ERR;ERR
2945;0.01;True;0.02;False;0.03;False;ERR;ERR;ERR;ERR;ERR;ERR;ERR;ERR;ERR;ERR
2946;0.01;True;0.01;False;0.01;False;ERR;ERR;ERR;ERR;ERR;ERR;ERR;ERR;ERR;ERR
2947;0.0;True;34.58;False;0.01;False;ERR;ERR;ERR;ERR;ERR;ERR;ERR;ERR;ERR;ERR
2948;0.02;True;0.02;False;0.02;False;ERR;ERR;ERR;ERR;ERR;ERR;ERR;ERR;ERR;ERR
2949;0.01;True;0.01;False;0.0;False;16.1;False;1.0007960409999992;ERR;ERR;ERR;ERR;ERR;ERR;ERR
2950;0.01;True;0.01;False;0.01;False;ERR;ERR;ERR;ERR;ERR;ERR;ERR;ERR;ERR;ERR
2951;0.02;True;0.01;False;0.01;False;15.69;False;0.9420528219999991;ERR;ERR;ERR;ERR;ERR;ERR;ERR
2952;0.01;True;0.21;False;0.08;False;ERR;ERR;ERR;ERR;ERR;ERR;ERR;ERR;ERR;ERR
2953;0.01;True;0.11;False;0.02;False;15.78;False;0.9056101160000001;ERR;ERR;ERR;ERR;ERR;ERR;ERR
2954;0.01;True;0.02;False;0.01;False;15.31;False;0.9445642849999984;ERR;ERR;ERR;ERR;ERR;ERR;ERR
2955;0.01;True;0.52;False;0.01;False;ERR;ERR;ERR;ERR;ERR;ERR;ERR;ERR;ERR;ERR
2956;0.01;True;0.0;False;0.01;False;15.41;False;0.5311630110000003;ERR;ERR;ERR;ERR;ERR;ERR;ERR
2957;0.01;True;0.0;False;0.01;False;ERR;ERR;ERR;ERR;ERR;ERR;ERR;ERR;ERR;ERR
2958;0.01;True;0.01;False;0.01;False;15.19;False;0.5317095809999994;ERR;ERR;ERR;ERR;ERR;ERR;ERR
2959;0.01;True;0.01;False;0.01;False;ERR;ERR;ERR;ERR;ERR;ERR;ERR;ERR;ERR;ERR
2960;0.02;True;0.01;False;0.01;False;ERR;ERR;ERR;ERR;ERR;ERR;ERR;ERR;ERR;ERR
2961;0.01;True;0.01;False;0.01;False;ERR;ERR;ERR;ERR;ERR;ERR;ERR;ERR;ERR;ERR
2962;0.01;True;0.01;False;0.0;False;15.49;False;0.9508355000000002;ERR;ERR;ERR;ERR;ERR;ERR;ERR
2963;0.01;True;2.3;False;0.1;False;ERR;ERR;ERR;ERR;ERR;ERR;ERR;ERR;ERR;ERR
2964;0.02;True;0.01;False;0.01;False;15.45;False;0.978775988999999;ERR;ERR;ERR;ERR;ERR;ERR;ERR
2965;0.01;True;0.01;False;0.01;False;ERR;ERR;ERR;ERR;ERR;ERR;ERR;ERR;ERR;ERR
2966;0.01;True;0.02;False;0.01;False;ERR;ERR;ERR;ERR;ERR;ERR;ERR;ERR;ERR;ERR
2967;0.01;True;0.01;False;0.01;False;14.83;False;0.5153035250000002;ERR;ERR;ERR;ERR;ERR;ERR;ERR
2968;0.01;True;0.01;False;0.02;False;ERR;ERR;ERR;ERR;ERR;ERR;ERR;ERR;ERR;ERR
2969;0.01;True;0.12;False;0.0;False;15.9;False;0.9248202340000002;ERR;ERR;ERR;ERR;ERR;ERR;ERR
2970;0.02;True;0.02;False;0.02;False;ERR;ERR;ERR;ERR;ERR;ERR;ERR;ERR;ERR;ERR
2971;0.01;True;0.01;False;0.01;False;15.73;False;0.7216961220000009;ERR;ERR;ERR;ERR;ERR;ERR;ERR
2972;0.02;True;0.01;False;0.01;False;12.74;False;0.49376542399999934;0.06;False;ERR;ERR;0.04;False;ERR
2973;0.01;True;0.01;False;0.02;False;15.86;False;0.9531293420000004;ERR;ERR;ERR;ERR;ERR;ERR;ERR
2974;0.01;True;0.01;False;0.01;False;ERR;ERR;ERR;ERR;ERR;ERR;ERR;ERR;ERR;ERR
2975;0.01;True;0.01;False;0.01;False;12.46;False;0.9531854230000008;0.07;False;ERR;ERR;0.05;False;ERR
2976;0.01;True;0.01;False;0.01;False;15.41;False;0.5295725700000009;ERR;ERR;ERR;ERR;ERR;ERR;ERR
2977;0.02;True;0.01;False;0.01;False;15.35;False;0.6502315099999993;ERR;ERR;ERR;ERR;ERR;ERR;ERR
2978;0.01;True;0.19;False;0.09;False;ERR;ERR;ERR;ERR;ERR;ERR;ERR;ERR;ERR;ERR
2979;0.02;True;0.02;False;0.0;False;15.7;False;0.5839099530000009;ERR;ERR;ERR;ERR;ERR;ERR;ERR
2980;0.01;True;0.0;False;0.01;False;ERR;ERR;ERR;ERR;ERR;ERR;ERR;ERR;ERR;ERR
2981;0.01;True;0.01;False;0.01;False;15.08;False;0.6402522699999995;ERR;ERR;ERR;ERR;ERR;ERR;ERR
2982;0.01;True;0.01;False;0.01;False;ERR;ERR;ERR;ERR;ERR;ERR;ERR;ERR;ERR;ERR
2983;0.02;True;0.01;False;0.02;False;ERR;ERR;ERR;ERR;ERR;ERR;ERR;ERR;ERR;ERR
2984;0.01;True;0.02;False;0.01;False;15.19;False;0.9595270590000009;ERR;ERR;ERR;ERR;ERR;ERR;ERR
2985;0.02;True;0.01;False;0.01;False;15.49;False;0.5384633690000005;ERR;ERR;ERR;ERR;ERR;ERR;ERR
2986;0.01;True;0.01;False;0.01;False;ERR;ERR;ERR;ERR;ERR;ERR;ERR;ERR;ERR;ERR
2987;0.01;True;1.76;False;0.1;False;ERR;ERR;ERR;ERR;ERR;ERR;ERR;ERR;ERR;ERR
2988;0.02;True;0.24;False;0.58;False;ERR;ERR;ERR;ERR;ERR;ERR;ERR;ERR;ERR;ERR
2989;0.02;True;0.01;False;0.01;False;15.77;False;0.9546629239999991;ERR;ERR;ERR;ERR;ERR;ERR;ERR
2990;0.02;True;0.01;False;0.01;False;15.44;False;0.9365875859999999;ERR;ERR;ERR;ERR;ERR;ERR;ERR
2991;0.02;True;0.01;False;0.02;False;16.22;False;0.9537754940000003;ERR;ERR;ERR;ERR;ERR;ERR;ERR
2992;0.01;True;0.01;False;0.0;False;ERR;ERR;ERR;ERR;ERR;ERR;ERR;ERR;ERR;ERR
2993;0.01;True;0.0;False;0.01;False;15.27;False;0.499106759;ERR;ERR;ERR;ERR;ERR;ERR;ERR
2994;0.01;True;0.01;False;0.01;False;15.34;False;0.5873327970000002;ERR;ERR;ERR;ERR;ERR;ERR;ERR
2995;0.01;True;0.01;False;0.01;False;ERR;ERR;ERR;ERR;ERR;ERR;ERR;ERR;ERR;ERR
2996;0.0;True;0.01;False;0.01;False;ERR;ERR;ERR;ERR;ERR;ERR;ERR;ERR;ERR;ERR
2997;0.02;True;0.0;False;0.01;False;15.07;False;0.5450659639999991;ERR;ERR;ERR;ERR;ERR;ERR;ERR
2998;0.01;True;6.75;False;0.0;False;ERR;ERR;ERR;ERR;ERR;ERR;ERR;ERR;ERR;ERR
2999;0.01;True;0.02;False;0.01;False;15.74;False;0.6949420049999997;ERR;ERR;ERR;ERR;ERR;ERR;ERR
3000;0.02;True;0.63;False;1.61;False;ERR;ERR;ERR;ERR;ERR;ERR;ERR;ERR;ERR;ERR
3001;0.02;True;0.0;False;0.01;False;15.26;False;0.6646768450000007;ERR;ERR;ERR;ERR;ERR;ERR;ERR
3002;0.0;True;2.11;False;0.09;False;ERR;ERR;ERR;0.45;False;0.03;False;0.23;False;ERR
3003;0.02;True;0.01;False;0.01;False;ERR;ERR;ERR;ERR;ERR;ERR;ERR;ERR;ERR;ERR
3004;0.01;True;26.1;False;0.01;False;ERR;ERR;ERR;ERR;ERR;ERR;ERR;ERR;ERR;ERR
3005;0.0;True;0.0;False;0.01;False;ERR;ERR;ERR;ERR;ERR;ERR;ERR;ERR;ERR;ERR
3006;0.01;True;0.7;False;0.02;False;ERR;ERR;ERR;ERR;ERR;ERR;ERR;ERR;ERR;ERR
3007;0.0;True;2.28;False;0.08;False;ERR;ERR;ERR;ERR;ERR;ERR;ERR;ERR;ERR;ERR
3008;0.02;True;0.01;False;0.01;False;15.56;False;0.9491814390000002;ERR;ERR;ERR;ERR;ERR;ERR;ERR
3009;0.01;True;0.01;False;0.01;False;ERR;ERR;ERR;ERR;ERR;ERR;ERR;ERR;ERR;ERR
3010;0.01;True;0.19;False;0.08;False;ERR;ERR;ERR;ERR;ERR;ERR;ERR;ERR;ERR;ERR
3011;0.01;True;0.92;False;2.46;False;ERR;ERR;ERR;0.55;False;0.16;False;2.29;False;ERR
3012;0.01;True;0.02;False;0.0;False;15.86;False;1.073243871999999;ERR;ERR;ERR;ERR;ERR;ERR;ERR
3013;0.02;True;0.01;False;0.01;False;ERR;ERR;ERR;ERR;ERR;ERR;ERR;ERR;ERR;ERR
3014;0.02;True;0.02;False;0.01;False;15.25;False;0.955956285000001;ERR;ERR;ERR;ERR;ERR;ERR;ERR
3015;0.01;True;0.01;False;0.01;False;ERR;ERR;ERR;ERR;ERR;ERR;ERR;ERR;ERR;ERR
3016;0.01;True;0.0;False;0.01;False;TO;TO;TO;ERR;ERR;ERR;ERR;ERR;ERR;ERR
3017;0.01;True;0.02;False;0.02;False;ERR;ERR;ERR;ERR;ERR;ERR;ERR;ERR;ERR;ERR
3018;0.01;True;0.0;False;0.01;False;ERR;ERR;ERR;ERR;ERR;ERR;ERR;ERR;ERR;ERR
3019;0.01;True;0.02;False;0.01;False;ERR;ERR;ERR;ERR;ERR;ERR;ERR;ERR;ERR;ERR
3020;0.01;True;0.01;False;0.01;False;15.35;False;0.5435219030000003;ERR;ERR;ERR;ERR;ERR;ERR;ERR
3021;0.02;True;0.02;False;0.01;False;ERR;ERR;ERR;ERR;ERR;ERR;ERR;ERR;ERR;ERR
3022;0.01;True;0.01;False;0.01;False;ERR;ERR;ERR;ERR;ERR;ERR;ERR;ERR;ERR;ERR
3023;0.01;True;0.01;False;0.01;False;15.37;False;0.6779274779999991;ERR;ERR;ERR;ERR;ERR;ERR;ERR
3024;0.0;True;0.01;False;0.01;False;ERR;ERR;ERR;0.06;False;0.04;False;0.04;False;ERR
3025;0.02;True;0.0;False;0.02;False;15.64;False;0.9622564120000003;ERR;ERR;ERR;ERR;ERR;ERR;ERR
3026;0.02;True;0.23;False;0.02;False;ERR;ERR;ERR;ERR;ERR;ERR;ERR;ERR;ERR;ERR
3027;0.01;True;0.02;False;0.01;False;14.9;False;0.635874566;ERR;ERR;ERR;ERR;ERR;ERR;ERR
3028;0.02;True;0.01;False;0.0;False;ERR;ERR;ERR;ERR;ERR;ERR;ERR;ERR;ERR;ERR
3029;0.02;True;0.01;False;0.01;False;ERR;ERR;ERR;ERR;ERR;ERR;ERR;ERR;ERR;ERR
3030;0.01;True;2.27;False;0.09;False;ERR;ERR;ERR;ERR;ERR;ERR;ERR;ERR;ERR;ERR
3031;0.02;True;0.01;False;0.01;False;16.04;False;0.9459288360000002;ERR;ERR;ERR;ERR;ERR;ERR;ERR
3032;0.01;True;0.01;False;0.01;False;ERR;ERR;ERR;0.06;False;0.03;False;0.04;False;ERR
3033;0.01;True;0.0;False;0.01;False;16.14;False;0.9444499450000006;ERR;ERR;ERR;ERR;ERR;ERR;ERR
3034;0.01;True;0.01;False;0.01;False;15.54;False;0.9566577069999997;ERR;ERR;ERR;ERR;ERR;ERR;ERR
3035;0.02;True;0.02;False;0.01;False;ERR;ERR;ERR;ERR;ERR;ERR;ERR;ERR;ERR;ERR
3036;0.02;True;0.02;False;0.0;False;ERR;ERR;ERR;ERR;ERR;ERR;ERR;ERR;ERR;ERR
3037;0.01;True;0.01;False;0.01;False;ERR;ERR;ERR;ERR;ERR;ERR;ERR;ERR;ERR;ERR
3038;0.01;True;0.01;False;0.01;False;15.25;False;0.942429451999999;ERR;ERR;ERR;ERR;ERR;ERR;ERR
3039;0.02;True;0.42;False;0.02;False;ERR;ERR;ERR;ERR;ERR;ERR;ERR;ERR;ERR;ERR
3040;0.02;True;0.01;False;0.0;False;15.25;False;0.6676751279999991;ERR;ERR;ERR;ERR;ERR;ERR;ERR
3041;0.02;True;0.01;False;0.01;False;ERR;ERR;ERR;ERR;ERR;ERR;ERR;ERR;ERR;ERR
3042;0.01;True;0.01;False;0.0;False;15.19;False;0.9565520369999998;ERR;ERR;ERR;ERR;ERR;ERR;ERR
3043;0.01;True;0.0;False;0.0;False;ERR;ERR;ERR;ERR;ERR;ERR;ERR;ERR;ERR;ERR
3044;0.01;True;0.01;False;0.01;False;ERR;ERR;ERR;ERR;ERR;ERR;ERR;ERR;ERR;ERR
3045;0.01;True;0.0;False;0.01;False;15.94;False;0.9569741670000003;ERR;ERR;ERR;ERR;ERR;ERR;ERR
3046;0.02;True;0.02;False;0.01;False;14.84;False;0.541169022;ERR;ERR;ERR;ERR;ERR;ERR;ERR
3047;0.02;True;0.01;False;0.0;False;ERR;ERR;ERR;ERR;ERR;ERR;ERR;ERR;ERR;ERR
3048;0.01;True;0.01;False;0.02;False;14.83;False;0.5345870139999995;ERR;ERR;ERR;ERR;ERR;ERR;ERR
3049;0.01;True;0.29;False;0.01;False;ERR;ERR;ERR;ERR;ERR;ERR;ERR;ERR;ERR;ERR
3050;0.01;True;0.01;False;0.02;False;ERR;ERR;ERR;ERR;ERR;ERR;ERR;ERR;ERR;ERR
3051;0.02;True;0.0;False;0.02;False;ERR;ERR;ERR;ERR;ERR;ERR;ERR;ERR;ERR;ERR
3052;0.02;True;2.44;False;0.01;False;ERR;ERR;ERR;ERR;ERR;ERR;ERR;ERR;ERR;ERR
3053;0.02;True;0.12;False;0.0;False;15.49;False;0.893030533000001;ERR;ERR;ERR;ERR;ERR;ERR;ERR
3054;0.01;True;0.01;False;0.02;False;14.92;False;0.5688284479999997;ERR;ERR;ERR;ERR;ERR;ERR;ERR
3055;0.01;True;0.02;False;0.01;False;ERR;ERR;ERR;ERR;ERR;ERR;ERR;ERR;ERR;ERR
3056;0.01;True;0.01;False;0.02;False;ERR;ERR;ERR;ERR;ERR;ERR;ERR;ERR;ERR;ERR
3057;0.01;True;1.83;False;0.11;False;ERR;ERR;ERR;ERR;ERR;ERR;ERR;ERR;ERR;ERR
3058;0.01;True;2.33;False;0.08;False;ERR;ERR;ERR;ERR;ERR;ERR;ERR;ERR;ERR;ERR
3059;0.02;True;2.52;False;0.01;False;ERR;ERR;ERR;ERR;ERR;ERR;ERR;ERR;ERR;ERR
3060;0.01;True;0.01;False;0.01;False;15.1;False;0.6492298590000001;ERR;ERR;ERR;ERR;ERR;ERR;ERR
3061;0.0;True;0.01;False;0.02;False;15.48;False;0.9408132810000005;ERR;ERR;ERR;ERR;ERR;ERR;ERR
3062;0.01;True;0.01;False;0.01;False;14.89;False;0.9297614000000003;ERR;ERR;ERR;ERR;ERR;ERR;ERR
3063;0.02;True;0.01;False;0.01;False;ERR;ERR;ERR;ERR;ERR;ERR;ERR;ERR;ERR;ERR
3064;0.01;True;0.01;False;0.01;False;15.31;False;0.9475666969999992;ERR;ERR;ERR;ERR;ERR;ERR;ERR
3065;0.02;True;0.02;False;0.02;False;ERR;ERR;ERR;ERR;ERR;ERR;ERR;ERR;ERR;ERR
3066;0.01;True;0.01;False;0.02;False;ERR;ERR;ERR;ERR;ERR;ERR;ERR;ERR;ERR;ERR
3067;0.01;True;0.02;False;0.01;False;ERR;ERR;ERR;ERR;ERR;ERR;ERR;ERR;ERR;ERR
3068;0.02;True;0.01;False;0.01;False;12.94;False;0.935675625;0.06;False;ERR;ERR;0.04;False;ERR
3069;0.02;True;0.13;False;0.01;False;15.65;False;0.9086708980000004;ERR;ERR;ERR;ERR;ERR;ERR;ERR
3070;0.01;True;0.01;False;0.0;False;ERR;ERR;ERR;ERR;ERR;ERR;ERR;ERR;ERR;ERR
3071;0.01;True;2.32;False;0.08;False;ERR;ERR;ERR;ERR;ERR;ERR;ERR;ERR;ERR;ERR
3072;0.01;True;0.01;False;0.01;False;ERR;ERR;ERR;ERR;ERR;ERR;ERR;ERR;ERR;ERR
3073;0.01;True;0.01;False;0.01;False;15.38;False;0.9339743139999985;ERR;ERR;ERR;ERR;ERR;ERR;ERR
3074;0.02;True;0.01;False;0.0;False;15.19;False;0.9240227240000003;ERR;ERR;ERR;ERR;ERR;ERR;ERR
3075;0.02;True;0.01;False;0.02;False;ERR;ERR;ERR;ERR;ERR;ERR;ERR;ERR;ERR;ERR
3076;0.02;True;0.01;False;0.01;False;16.01;False;0.972220651999999;ERR;ERR;ERR;ERR;ERR;ERR;ERR
3077;0.02;True;0.01;False;0.0;False;ERR;ERR;ERR;ERR;ERR;ERR;ERR;ERR;ERR;ERR
3078;0.02;True;0.01;False;0.02;False;ERR;ERR;ERR;ERR;ERR;ERR;ERR;ERR;ERR;ERR
3079;0.01;True;2.33;False;0.09;False;ERR;ERR;ERR;ERR;ERR;ERR;ERR;ERR;ERR;ERR
3080;0.01;True;0.01;False;0.01;False;14.9;False;0.674824813999999;ERR;ERR;ERR;ERR;ERR;ERR;ERR
3081;0.02;True;0.01;False;0.02;False;ERR;ERR;ERR;ERR;ERR;ERR;ERR;ERR;ERR;ERR
3082;0.01;True;0.56;False;1.44;False;ERR;ERR;ERR;ERR;ERR;ERR;ERR;ERR;ERR;ERR
3083;0.01;True;0.15;False;0.01;False;15.8;False;0.9491112389999987;ERR;ERR;ERR;ERR;ERR;ERR;ERR
3084;0.01;True;0.0;False;0.01;False;ERR;ERR;ERR;ERR;ERR;ERR;ERR;ERR;ERR;ERR
3085;0.01;True;0.14;False;0.01;False;15.68;False;0.8899613800000008;ERR;ERR;ERR;ERR;ERR;ERR;ERR
3086;0.01;True;0.01;False;0.01;False;ERR;ERR;ERR;ERR;ERR;ERR;ERR;ERR;ERR;ERR
3087;0.01;True;0.01;False;0.02;False;15.64;False;0.9537664229999994;ERR;ERR;ERR;ERR;ERR;ERR;ERR
3088;0.01;True;0.22;False;0.09;False;ERR;ERR;ERR;ERR;ERR;ERR;ERR;ERR;ERR;ERR
3089;0.01;True;0.01;False;0.0;False;ERR;ERR;ERR;ERR;ERR;ERR;ERR;ERR;ERR;ERR
3090;0.01;True;0.01;False;0.01;False;ERR;ERR;ERR;ERR;ERR;ERR;ERR;ERR;ERR;ERR
3091;0.01;True;0.01;False;0.01;False;15.44;False;0.6758772060000009;ERR;ERR;ERR;ERR;ERR;ERR;ERR
3092;0.02;True;0.01;False;0.02;False;ERR;ERR;ERR;ERR;ERR;ERR;ERR;ERR;ERR;ERR
3093;0.01;True;25.79;False;0.01;False;ERR;ERR;ERR;ERR;ERR;ERR;ERR;ERR;ERR;ERR
3094;0.01;True;0.01;False;0.0;False;ERR;ERR;ERR;ERR;ERR;ERR;ERR;ERR;ERR;ERR
3095;0.01;True;0.29;False;0.06;False;ERR;ERR;ERR;ERR;ERR;ERR;ERR;ERR;ERR;ERR
3096;0.0;True;0.02;False;0.01;False;ERR;ERR;ERR;ERR;ERR;ERR;ERR;ERR;ERR;ERR
3097;0.01;True;0.13;False;0.01;False;15.14;False;0.9462027759999998;ERR;ERR;ERR;ERR;ERR;ERR;ERR
3098;0.01;True;0.24;False;0.09;False;ERR;ERR;ERR;ERR;ERR;ERR;ERR;ERR;ERR;ERR
3099;0.01;True;0.14;False;0.12;False;ERR;ERR;ERR;ERR;ERR;ERR;ERR;ERR;ERR;ERR
3100;0.02;True;2.3;False;0.0;False;ERR;ERR;ERR;ERR;ERR;ERR;ERR;ERR;ERR;ERR
3101;0.01;True;0.01;False;0.01;False;15.23;False;0.6909105010000012;ERR;ERR;ERR;ERR;ERR;ERR;ERR
3102;0.01;True;0.01;False;0.01;False;15.28;False;0.5592440890000017;ERR;ERR;ERR;ERR;ERR;ERR;ERR
3103;0.01;True;0.01;False;0.01;False;15.33;False;0.632984703;ERR;ERR;ERR;ERR;ERR;ERR;ERR
3104;0.02;True;0.0;False;0.01;False;15.61;False;1.147968928000001;ERR;ERR;ERR;ERR;ERR;ERR;ERR
3105;0.01;True;0.01;False;0.01;False;ERR;ERR;ERR;ERR;ERR;ERR;ERR;ERR;ERR;ERR
3106;0.02;True;0.01;False;0.02;False;15.94;False;0.9459017259999989;ERR;ERR;ERR;ERR;ERR;ERR;ERR
3107;0.01;True;0.01;False;0.01;False;ERR;ERR;ERR;0.07;False;0.03;False;0.04;False;ERR
3108;0.01;True;0.01;False;0.01;False;15.44;False;0.5306564009999999;ERR;ERR;ERR;ERR;ERR;ERR;ERR
3109;0.02;True;0.01;False;0.01;False;ERR;ERR;ERR;ERR;ERR;ERR;ERR;ERR;ERR;ERR
3110;0.02;True;0.01;False;0.01;False;12.44;False;0.9216272920000002;0.07;False;ERR;ERR;0.03;False;ERR
3111;0.02;True;0.01;False;0.01;False;ERR;ERR;ERR;ERR;ERR;ERR;ERR;ERR;ERR;ERR
3112;0.02;True;0.01;False;0.02;False;ERR;ERR;ERR;ERR;ERR;ERR;ERR;ERR;ERR;ERR
3113;0.02;True;0.01;False;0.01;False;ERR;ERR;ERR;ERR;ERR;ERR;ERR;ERR;ERR;ERR
3114;0.02;True;0.01;False;0.01;False;ERR;ERR;ERR;ERR;ERR;ERR;ERR;ERR;ERR;ERR
3115;0.02;True;0.01;False;0.01;False;15.31;False;0.9314794310000014;ERR;ERR;ERR;ERR;ERR;ERR;ERR
3116;0.01;True;34.55;False;0.01;False;ERR;ERR;ERR;ERR;ERR;ERR;ERR;ERR;ERR;ERR
3117;0.01;True;0.02;False;0.01;False;ERR;ERR;ERR;ERR;ERR;ERR;ERR;ERR;ERR;ERR
3118;0.01;True;0.01;False;0.01;False;ERR;ERR;ERR;ERR;ERR;ERR;ERR;ERR;ERR;ERR
3119;0.01;True;2.38;False;0.09;False;ERR;ERR;ERR;ERR;ERR;ERR;ERR;ERR;ERR;ERR
3120;0.01;True;0.01;False;0.01;False;12.04;False;0.5029999230000008;0.06;False;ERR;ERR;0.04;False;ERR
3121;0.02;True;0.01;False;0.01;False;ERR;ERR;ERR;ERR;ERR;ERR;ERR;ERR;ERR;ERR
3122;0.0;True;1.8;False;0.09;False;ERR;ERR;ERR;ERR;ERR;ERR;ERR;ERR;ERR;ERR
3123;0.01;True;0.01;False;0.0;False;15.58;False;0.5151859050000009;ERR;ERR;ERR;ERR;ERR;ERR;ERR
3124;0.02;True;0.01;False;0.01;False;ERR;ERR;ERR;ERR;ERR;ERR;ERR;ERR;ERR;ERR
3125;0.01;True;0.01;False;0.01;False;15.78;False;0.9406589899999993;ERR;ERR;ERR;ERR;ERR;ERR;ERR
3126;0.01;True;0.22;False;0.02;False;ERR;ERR;ERR;ERR;ERR;ERR;ERR;ERR;ERR;ERR
3127;0.01;True;0.01;False;0.02;False;ERR;ERR;ERR;ERR;ERR;ERR;ERR;ERR;ERR;ERR
3128;0.01;True;0.02;False;0.01;False;ERR;ERR;ERR;ERR;ERR;ERR;ERR;ERR;ERR;ERR
3129;0.02;True;0.01;False;0.01;False;15.25;False;0.6118771219999992;ERR;ERR;ERR;ERR;ERR;ERR;ERR
3130;0.01;True;0.01;False;0.01;False;15.3;False;0.9351686150000003;ERR;ERR;ERR;ERR;ERR;ERR;ERR
3131;0.0;True;0.01;False;0.02;False;ERR;ERR;ERR;ERR;ERR;ERR;ERR;ERR;ERR;ERR
3132;0.01;True;0.01;False;0.01;False;ERR;ERR;ERR;ERR;ERR;ERR;ERR;ERR;ERR;ERR
3133;0.01;True;0.01;False;0.01;False;ERR;ERR;ERR;ERR;ERR;ERR;ERR;ERR;ERR;ERR
3134;0.02;True;0.01;False;0.02;False;15.74;False;0.9504055900000008;ERR;ERR;ERR;ERR;ERR;ERR;ERR
3135;0.01;True;0.53;False;0.0;False;ERR;ERR;ERR;ERR;ERR;ERR;ERR;ERR;ERR;ERR
3136;0.02;True;0.01;False;0.01;False;ERR;ERR;ERR;ERR;ERR;ERR;ERR;ERR;ERR;ERR
3137;0.01;True;2.28;False;0.09;False;ERR;ERR;ERR;ERR;ERR;ERR;ERR;ERR;ERR;ERR
3138;0.01;True;0.56;False;1.45;False;ERR;ERR;ERR;ERR;ERR;ERR;ERR;ERR;ERR;ERR
3139;0.01;True;0.01;False;0.01;False;15.28;False;0.549621028999999;ERR;ERR;ERR;ERR;ERR;ERR;ERR
3140;0.01;True;0.64;False;1.64;False;ERR;ERR;ERR;ERR;ERR;ERR;ERR;ERR;ERR;ERR
3141;0.02;True;0.01;False;0.0;False;ERR;ERR;ERR;ERR;ERR;ERR;ERR;ERR;ERR;ERR
3142;0.02;True;2.27;False;0.1;False;ERR;ERR;ERR;ERR;ERR;ERR;ERR;ERR;ERR;ERR
3143;0.02;True;0.0;False;0.01;False;15.25;False;0.9330453429999999;ERR;ERR;ERR;ERR;ERR;ERR;ERR
3144;0.01;True;0.01;False;0.01;False;14.79;False;0.5271365269999997;ERR;ERR;ERR;ERR;ERR;ERR;ERR
3145;0.02;True;0.01;False;0.02;False;14.68;False;0.5417522409999993;ERR;ERR;ERR;ERR;ERR;ERR;ERR
3146;0.01;True;0.02;False;0.02;False;15.8;False;0.9582167679999998;ERR;ERR;ERR;ERR;ERR;ERR;ERR
3147;0.01;True;0.13;False;0.01;False;16.11;False;1.0019654819999992;ERR;ERR;ERR;ERR;ERR;ERR;ERR
3148;0.02;True;0.01;False;0.01;False;ERR;ERR;ERR;ERR;ERR;ERR;ERR;ERR;ERR;ERR
3149;0.02;True;0.01;False;0.01;False;ERR;ERR;ERR;0.06;False;0.04;False;0.04;False;ERR
3150;0.01;True;0.12;False;0.01;False;15.44;False;0.9312279310000005;ERR;ERR;ERR;ERR;ERR;ERR;ERR
3151;0.01;True;0.01;False;0.01;False;ERR;ERR;ERR;ERR;ERR;ERR;ERR;ERR;ERR;ERR
3152;0.01;True;2.29;False;0.1;False;ERR;ERR;ERR;ERR;ERR;ERR;ERR;ERR;ERR;ERR
3153;0.02;True;0.02;False;0.01;False;ERR;ERR;ERR;ERR;ERR;ERR;ERR;ERR;ERR;ERR
3154;0.01;True;0.0;False;0.01;False;15.54;False;1.0096297299999986;ERR;ERR;ERR;ERR;ERR;ERR;ERR
3155;0.02;True;0.01;False;0.02;False;14.93;False;0.6877979879999998;ERR;ERR;ERR;ERR;ERR;ERR;ERR
3156;0.01;True;0.19;False;0.07;False;ERR;ERR;ERR;ERR;ERR;ERR;ERR;ERR;ERR;ERR
3157;0.01;True;0.42;False;0.0;False;ERR;ERR;ERR;ERR;ERR;ERR;ERR;ERR;ERR;ERR
3158;0.01;True;0.21;False;0.06;False;ERR;ERR;ERR;ERR;ERR;ERR;ERR;ERR;ERR;ERR
3159;0.02;True;0.01;False;0.01;False;14.91;False;0.49878398799999957;ERR;ERR;ERR;ERR;ERR;ERR;ERR
3160;0.01;True;0.0;False;0.01;False;ERR;ERR;ERR;ERR;ERR;ERR;ERR;ERR;ERR;ERR
3161;0.01;True;0.13;False;0.0;False;15.22;False;0.9164484460000004;ERR;ERR;ERR;ERR;ERR;ERR;ERR
3162;0.02;True;0.02;False;0.01;False;ERR;ERR;ERR;ERR;ERR;ERR;ERR;ERR;ERR;ERR
3163;0.01;True;0.01;False;0.01;False;ERR;ERR;ERR;0.06;False;0.04;False;0.04;False;ERR
3164;0.02;True;35.85;False;0.01;False;ERR;ERR;ERR;ERR;ERR;ERR;ERR;ERR;ERR;ERR
3165;0.01;True;0.01;False;0.01;False;ERR;ERR;ERR;0.06;False;0.04;False;0.04;False;ERR
3166;0.01;True;0.01;False;0.02;False;ERR;ERR;ERR;ERR;ERR;ERR;ERR;ERR;ERR;ERR
3167;0.01;True;7.25;False;0.01;False;ERR;ERR;ERR;ERR;ERR;ERR;ERR;ERR;ERR;ERR
3168;0.01;True;0.18;False;0.1;False;ERR;ERR;ERR;ERR;ERR;ERR;ERR;ERR;ERR;ERR
3169;0.01;True;0.01;False;0.01;False;15.3;False;0.584304143999999;ERR;ERR;ERR;ERR;ERR;ERR;ERR
3170;0.01;True;0.01;False;0.01;False;ERR;ERR;ERR;ERR;ERR;ERR;ERR;ERR;ERR;ERR
3171;0.01;True;0.01;False;0.01;False;ERR;ERR;ERR;ERR;ERR;ERR;ERR;ERR;ERR;ERR
3172;0.01;True;0.01;False;0.01;False;15.6;False;0.9409298809999989;ERR;ERR;ERR;ERR;ERR;ERR;ERR
3173;0.02;True;0.01;False;0.01;False;ERR;ERR;ERR;ERR;ERR;ERR;ERR;ERR;ERR;ERR
3174;0.02;True;0.19;False;0.08;False;ERR;ERR;ERR;ERR;ERR;ERR;ERR;ERR;ERR;ERR
3175;0.02;True;2.33;False;0.09;False;ERR;ERR;ERR;ERR;ERR;ERR;ERR;ERR;ERR;ERR
3176;0.02;True;0.01;False;0.0;False;ERR;ERR;ERR;ERR;ERR;ERR;ERR;ERR;ERR;ERR
3177;0.01;True;0.01;False;0.01;False;15.2;False;0.5383822690000013;ERR;ERR;ERR;ERR;ERR;ERR;ERR
3178;0.0;True;0.01;False;0.01;False;15.61;False;0.957536687000001;ERR;ERR;ERR;ERR;ERR;ERR;ERR
3179;0.01;True;0.01;False;0.01;False;ERR;ERR;ERR;ERR;ERR;ERR;ERR;ERR;ERR;ERR
3180;0.01;True;0.01;False;0.02;False;14.9;False;0.5279721970000004;ERR;ERR;ERR;ERR;ERR;ERR;ERR
3181;0.0;True;6.48;False;0.01;False;ERR;ERR;ERR;ERR;ERR;ERR;ERR;ERR;ERR;ERR
3182;0.02;True;0.01;False;0.01;False;ERR;ERR;ERR;ERR;ERR;ERR;ERR;ERR;ERR;ERR
3183;0.01;True;0.01;False;0.01;False;ERR;ERR;ERR;ERR;ERR;ERR;ERR;ERR;ERR;ERR
3184;0.01;True;6.63;False;0.01;False;ERR;ERR;ERR;ERR;ERR;ERR;ERR;ERR;ERR;ERR
3185;0.02;True;0.01;False;0.02;False;ERR;ERR;ERR;ERR;ERR;ERR;ERR;ERR;ERR;ERR
3186;0.01;True;0.02;False;0.01;False;15.0;False;0.5011528409999997;ERR;ERR;ERR;ERR;ERR;ERR;ERR
3187;0.02;True;0.01;False;0.01;False;ERR;ERR;ERR;ERR;ERR;ERR;ERR;ERR;ERR;ERR
3188;0.01;True;0.01;False;0.01;False;ERR;ERR;ERR;ERR;ERR;ERR;ERR;ERR;ERR;ERR
3189;0.01;True;0.01;False;0.0;False;ERR;ERR;ERR;ERR;ERR;ERR;ERR;ERR;ERR;ERR
3190;0.01;True;4.65;False;0.17;False;ERR;ERR;ERR;ERR;ERR;ERR;ERR;ERR;ERR;ERR
3191;0.01;True;0.23;False;0.01;False;ERR;ERR;ERR;ERR;ERR;ERR;ERR;ERR;ERR;ERR
3192;0.01;True;0.24;False;0.01;False;ERR;ERR;ERR;ERR;ERR;ERR;ERR;ERR;ERR;ERR
3193;0.01;True;1.61;False;0.09;False;ERR;ERR;ERR;0.49;False;0.04;False;0.23;False;ERR
3194;0.01;True;0.02;False;0.02;False;ERR;ERR;ERR;ERR;ERR;ERR;ERR;ERR;ERR;ERR
3195;0.02;True;1.75;False;0.09;False;ERR;ERR;ERR;0.46;False;0.04;False;0.24;False;ERR
3196;0.02;True;0.01;False;0.01;False;15.59;False;0.9787438089999991;ERR;ERR;ERR;ERR;ERR;ERR;ERR
3197;0.01;True;0.01;False;0.0;False;ERR;ERR;ERR;ERR;ERR;ERR;ERR;ERR;ERR;ERR
3198;0.01;True;0.01;False;0.01;False;15.32;False;0.9466390259999997;ERR;ERR;ERR;ERR;ERR;ERR;ERR
3199;0.01;True;0.02;False;0.0;False;ERR;ERR;ERR;ERR;ERR;ERR;ERR;ERR;ERR;ERR
3200;0.01;True;0.01;False;0.0;False;15.76;False;0.9476090859999999;ERR;ERR;ERR;ERR;ERR;ERR;ERR
3201;0.01;True;0.01;False;0.0;False;15.18;False;0.5376911680000003;ERR;ERR;ERR;ERR;ERR;ERR;ERR
3202;0.02;True;0.01;False;0.01;False;ERR;ERR;ERR;ERR;ERR;ERR;ERR;ERR;ERR;ERR
3203;0.01;True;0.01;False;0.02;False;ERR;ERR;ERR;ERR;ERR;ERR;ERR;ERR;ERR;ERR
3204;0.02;True;0.01;False;0.01;False;ERR;ERR;ERR;ERR;ERR;ERR;ERR;ERR;ERR;ERR
3205;0.01;True;0.43;False;1.05;False;ERR;ERR;ERR;ERR;ERR;ERR;ERR;ERR;ERR;ERR
3206;0.02;True;0.01;False;0.01;False;ERR;ERR;ERR;ERR;ERR;ERR;ERR;ERR;ERR;ERR
3207;0.02;True;0.02;False;0.01;False;ERR;ERR;ERR;ERR;ERR;ERR;ERR;ERR;ERR;ERR
3208;0.02;True;0.01;False;0.0;False;ERR;ERR;ERR;ERR;ERR;ERR;ERR;ERR;ERR;ERR
3209;0.01;True;0.24;False;0.0;False;ERR;ERR;ERR;ERR;ERR;ERR;ERR;ERR;ERR;ERR
3210;0.02;True;0.01;False;0.0;False;15.81;False;0.9745017239999996;ERR;ERR;ERR;ERR;ERR;ERR;ERR
3211;0.02;True;0.01;False;0.01;False;ERR;ERR;ERR;ERR;ERR;ERR;ERR;ERR;ERR;ERR
3212;0.01;True;0.24;False;0.01;False;ERR;ERR;ERR;ERR;ERR;ERR;ERR;ERR;ERR;ERR
3213;0.01;True;0.02;False;0.0;False;15.31;False;0.5886591989999985;ERR;ERR;ERR;ERR;ERR;ERR;ERR
3214;0.02;True;0.01;False;0.01;False;ERR;ERR;ERR;ERR;ERR;ERR;ERR;ERR;ERR;ERR
3215;0.0;True;0.02;False;0.01;False;ERR;ERR;ERR;ERR;ERR;ERR;ERR;ERR;ERR;ERR
3216;0.01;True;0.01;False;0.01;False;15.51;False;0.9501880699999994;ERR;ERR;ERR;ERR;ERR;ERR;ERR
3217;0.02;True;0.0;False;0.01;False;14.82;False;0.5744720539999992;ERR;ERR;ERR;ERR;ERR;ERR;ERR
3218;0.01;True;0.02;False;0.02;False;ERR;ERR;ERR;ERR;ERR;ERR;ERR;ERR;ERR;ERR
3219;0.01;True;0.13;False;0.01;False;14.96;False;0.9062213860000004;ERR;ERR;ERR;ERR;ERR;ERR;ERR
3220;0.01;True;0.01;False;0.02;False;16.57;False;0.9448022950000006;ERR;ERR;ERR;ERR;ERR;ERR;ERR
3221;0.01;True;0.01;False;0.01;False;ERR;ERR;ERR;ERR;ERR;ERR;ERR;ERR;ERR;ERR
3222;0.02;True;0.02;False;0.01;False;ERR;ERR;ERR;ERR;ERR;ERR;ERR;ERR;ERR;ERR
3223;0.01;True;0.01;False;0.01;False;ERR;ERR;ERR;0.06;False;0.04;False;0.04;False;ERR
3224;0.02;True;2.27;False;0.09;False;ERR;ERR;ERR;ERR;ERR;ERR;ERR;ERR;ERR;ERR
3225;0.01;True;0.01;False;0.01;False;ERR;ERR;ERR;ERR;ERR;ERR;ERR;ERR;ERR;ERR
3226;0.02;True;0.02;False;0.01;False;ERR;ERR;ERR;ERR;ERR;ERR;ERR;ERR;ERR;ERR
3227;0.01;True;2.67;False;0.01;False;ERR;ERR;ERR;ERR;ERR;ERR;ERR;ERR;ERR;ERR
3228;0.01;True;0.01;False;0.0;False;ERR;ERR;ERR;ERR;ERR;ERR;ERR;ERR;ERR;ERR
3229;0.01;True;0.01;False;0.01;False;15.63;False;0.9673268769999996;ERR;ERR;ERR;ERR;ERR;ERR;ERR
3230;0.01;True;0.01;False;0.01;False;ERR;ERR;ERR;ERR;ERR;ERR;ERR;ERR;ERR;ERR
3231;0.01;True;0.01;False;0.0;False;ERR;ERR;ERR;ERR;ERR;ERR;ERR;ERR;ERR;ERR
3232;0.02;True;0.01;False;0.02;False;ERR;ERR;ERR;ERR;ERR;ERR;ERR;ERR;ERR;ERR
3233;0.03;True;0.01;False;0.01;False;ERR;ERR;ERR;ERR;ERR;ERR;ERR;ERR;ERR;ERR
3234;0.01;True;0.01;False;0.01;False;15.85;False;0.9478229269999989;ERR;ERR;ERR;ERR;ERR;ERR;ERR
3235;0.01;True;0.02;False;0.01;False;15.32;False;0.5664524669999995;ERR;ERR;ERR;ERR;ERR;ERR;ERR
3236;0.0;True;0.0;False;0.0;False;ERR;ERR;ERR;ERR;ERR;ERR;ERR;ERR;ERR;ERR
3237;0.02;True;2.5;False;0.01;False;ERR;ERR;ERR;ERR;ERR;ERR;ERR;ERR;ERR;ERR
3238;0.02;True;0.02;False;0.01;False;ERR;ERR;ERR;ERR;ERR;ERR;ERR;ERR;ERR;ERR
3239;0.01;True;0.01;False;0.01;False;15.4;False;0.9655867249999996;ERR;ERR;ERR;ERR;ERR;ERR;ERR
3240;0.01;True;0.02;False;0.01;False;ERR;ERR;ERR;ERR;ERR;ERR;ERR;ERR;ERR;ERR
3241;0.02;True;25.54;False;0.01;False;ERR;ERR;ERR;ERR;ERR;ERR;ERR;ERR;ERR;ERR
3242;0.01;True;0.02;False;0.02;False;15.71;False;0.9719916519999998;ERR;ERR;ERR;ERR;ERR;ERR;ERR
3243;0.02;True;0.02;False;0.01;False;ERR;ERR;ERR;ERR;ERR;ERR;ERR;ERR;ERR;ERR
3244;0.02;True;0.01;False;0.01;False;ERR;ERR;ERR;ERR;ERR;ERR;ERR;ERR;ERR;ERR
3245;0.02;True;0.01;False;0.01;False;ERR;ERR;ERR;ERR;ERR;ERR;ERR;ERR;ERR;ERR
3246;0.0;True;0.01;False;0.01;False;ERR;ERR;ERR;ERR;ERR;ERR;ERR;ERR;ERR;ERR
3247;0.01;True;0.22;False;0.08;False;ERR;ERR;ERR;ERR;ERR;ERR;ERR;ERR;ERR;ERR
3248;0.02;True;0.01;False;0.01;False;14.94;False;0.5112450610000003;ERR;ERR;ERR;ERR;ERR;ERR;ERR
3249;0.02;True;0.01;False;0.01;False;15.97;False;0.9695095089999999;ERR;ERR;ERR;ERR;ERR;ERR;ERR
3250;0.03;True;0.15;False;0.08;False;ERR;ERR;ERR;ERR;ERR;ERR;ERR;ERR;ERR;ERR
3251;0.01;True;2.49;False;0.01;False;ERR;ERR;ERR;ERR;ERR;ERR;ERR;ERR;ERR;ERR
3252;0.0;True;0.01;False;0.01;False;ERR;ERR;ERR;ERR;ERR;ERR;ERR;ERR;ERR;ERR
3253;0.02;True;0.01;False;0.02;False;ERR;ERR;ERR;ERR;ERR;ERR;ERR;ERR;ERR;ERR
3254;0.01;True;2.65;False;0.02;False;ERR;ERR;ERR;ERR;ERR;ERR;ERR;ERR;ERR;ERR
3255;0.01;True;2.58;False;0.02;False;ERR;ERR;ERR;ERR;ERR;ERR;ERR;ERR;ERR;ERR
3256;0.01;True;0.35;False;0.82;False;ERR;ERR;ERR;ERR;ERR;ERR;ERR;ERR;ERR;ERR
3257;0.01;True;0.12;False;0.01;False;15.88;False;0.9403944199999987;ERR;ERR;ERR;ERR;ERR;ERR;ERR
3258;0.02;True;0.01;False;0.01;False;14.82;False;0.6286600279999988;ERR;ERR;ERR;ERR;ERR;ERR;ERR
3259;0.01;True;0.0;False;0.02;False;14.98;False;0.5953458450000007;ERR;ERR;ERR;ERR;ERR;ERR;ERR
3260;0.02;True;0.01;False;0.01;False;ERR;ERR;ERR;ERR;ERR;ERR;ERR;ERR;ERR;ERR
3261;0.02;True;0.01;False;0.02;False;ERR;ERR;ERR;ERR;ERR;ERR;ERR;ERR;ERR;ERR
3262;0.01;True;0.02;False;0.01;False;ERR;ERR;ERR;ERR;ERR;ERR;ERR;ERR;ERR;ERR
3263;0.01;True;2.3;False;0.09;False;ERR;ERR;ERR;ERR;ERR;ERR;ERR;ERR;ERR;ERR
3264;0.01;True;0.0;False;0.01;False;15.67;False;0.9450601849999991;ERR;ERR;ERR;ERR;ERR;ERR;ERR
3265;0.01;True;0.01;False;0.01;False;15.23;False;0.5689393690000006;ERR;ERR;ERR;ERR;ERR;ERR;ERR
3266;0.02;True;0.01;False;0.01;False;ERR;ERR;ERR;ERR;ERR;ERR;ERR;ERR;ERR;ERR
3267;0.01;True;0.01;False;0.01;False;15.44;False;0.6812550809999998;ERR;ERR;ERR;ERR;ERR;ERR;ERR
3268;0.01;True;35.08;False;0.01;False;ERR;ERR;ERR;ERR;ERR;ERR;ERR;ERR;ERR;ERR
3269;0.01;True;0.01;False;0.01;False;ERR;ERR;ERR;ERR;ERR;ERR;ERR;ERR;ERR;ERR
3270;0.01;True;0.01;False;0.01;False;14.8;False;0.682608922;ERR;ERR;ERR;ERR;ERR;ERR;ERR
3271;0.01;True;0.02;False;0.0;False;ERR;ERR;ERR;ERR;ERR;ERR;ERR;ERR;ERR;ERR
3272;0.02;True;0.01;False;0.01;False;ERR;ERR;ERR;ERR;ERR;ERR;ERR;ERR;ERR;ERR
3273;0.02;True;0.01;False;0.01;False;ERR;ERR;ERR;ERR;ERR;ERR;ERR;ERR;ERR;ERR
3274;0.01;True;0.0;False;0.02;False;15.39;False;0.9674235769999999;ERR;ERR;ERR;ERR;ERR;ERR;ERR
3275;0.01;True;0.01;False;0.01;False;14.75;False;0.5257116050000015;ERR;ERR;ERR;ERR;ERR;ERR;ERR
3276;0.01;True;0.0;False;0.01;False;14.94;False;0.5747704040000006;ERR;ERR;ERR;ERR;ERR;ERR;ERR
3277;0.02;True;0.01;False;0.01;False;ERR;ERR;ERR;ERR;ERR;ERR;ERR;ERR;ERR;ERR
3278;0.02;True;2.11;False;0.08;False;ERR;ERR;ERR;0.46;False;0.04;False;0.23;False;ERR
3279;0.02;True;34.21;False;0.01;False;ERR;ERR;ERR;ERR;ERR;ERR;ERR;ERR;ERR;ERR
3280;0.02;True;0.38;False;0.01;False;ERR;ERR;ERR;ERR;ERR;ERR;ERR;ERR;ERR;ERR
3281;0.01;True;0.01;False;0.01;False;ERR;ERR;ERR;ERR;ERR;ERR;ERR;ERR;ERR;ERR
3282;0.01;True;0.01;False;0.01;False;15.75;False;0.9387973679999995;ERR;ERR;ERR;ERR;ERR;ERR;ERR
3283;0.01;True;0.01;False;0.0;False;ERR;ERR;ERR;ERR;ERR;ERR;ERR;ERR;ERR;ERR
3284;0.0;True;0.01;False;0.01;False;15.62;False;0.939855248999999;ERR;ERR;ERR;ERR;ERR;ERR;ERR
3285;0.01;True;0.0;False;0.01;False;15.44;False;0.9892169079999995;ERR;ERR;ERR;ERR;ERR;ERR;ERR
3286;0.01;True;0.01;False;0.02;False;15.54;False;0.9922967119999999;ERR;ERR;ERR;ERR;ERR;ERR;ERR
3287;0.01;True;0.0;False;0.01;False;12.01;False;0.5850055049999998;0.08;False;ERR;ERR;0.04;False;ERR
3288;0.0;True;0.01;False;0.01;False;11.96;False;0.5024571420000008;0.05;False;ERR;ERR;0.03;False;ERR
3289;0.0;True;0.01;False;0.01;False;ERR;ERR;ERR;ERR;ERR;ERR;ERR;ERR;ERR;ERR
3290;0.02;True;0.0;False;0.01;False;ERR;ERR;ERR;ERR;ERR;ERR;ERR;ERR;ERR;ERR
3291;0.0;True;0.0;False;0.0;False;ERR;ERR;ERR;ERR;ERR;ERR;ERR;ERR;ERR;ERR
3292;0.02;True;0.12;False;0.01;False;15.7;False;0.933360253;ERR;ERR;ERR;ERR;ERR;ERR;ERR
3293;0.02;True;0.01;False;0.01;False;15.84;False;1.0589186979999994;ERR;ERR;ERR;ERR;ERR;ERR;ERR
3294;0.02;True;0.01;False;0.01;False;ERR;ERR;ERR;0.06;False;0.04;False;0.04;False;ERR
3295;0.01;True;0.01;False;0.01;False;ERR;ERR;ERR;ERR;ERR;ERR;ERR;ERR;ERR;ERR
3296;0.01;True;0.01;False;0.0;False;ERR;ERR;ERR;ERR;ERR;ERR;ERR;ERR;ERR;ERR
3297;0.01;True;0.01;False;0.02;False;ERR;ERR;ERR;ERR;ERR;ERR;ERR;ERR;ERR;ERR
3298;0.01;True;0.01;False;0.01;False;ERR;ERR;ERR;ERR;ERR;ERR;ERR;ERR;ERR;ERR
3299;0.0;True;0.01;False;0.01;False;ERR;ERR;ERR;ERR;ERR;ERR;ERR;ERR;ERR;ERR
3300;0.02;True;0.01;False;0.01;False;15.74;False;0.9448820050000002;ERR;ERR;ERR;ERR;ERR;ERR;ERR
3301;0.01;True;0.01;False;0.01;False;ERR;ERR;ERR;ERR;ERR;ERR;ERR;ERR;ERR;ERR
3302;0.03;True;0.01;False;0.01;False;ERR;ERR;ERR;ERR;ERR;ERR;ERR;ERR;ERR;ERR
3303;0.02;True;0.01;False;0.0;False;14.96;False;0.5835920439999995;ERR;ERR;ERR;ERR;ERR;ERR;ERR
3304;0.01;True;3.53;False;0.19;False;ERR;ERR;ERR;ERR;ERR;ERR;ERR;ERR;ERR;ERR
3305;0.01;True;0.11;False;0.01;False;15.55;False;0.9438416640000007;ERR;ERR;ERR;ERR;ERR;ERR;ERR
3306;0.02;True;0.01;False;0.01;False;15.43;False;0.9548536250000002;ERR;ERR;ERR;ERR;ERR;ERR;ERR
3307;0.01;True;0.01;False;0.01;False;ERR;ERR;ERR;ERR;ERR;ERR;ERR;ERR;ERR;ERR
3308;0.01;True;0.01;False;0.01;False;ERR;ERR;ERR;ERR;ERR;ERR;ERR;ERR;ERR;ERR
3309;0.01;True;0.01;False;0.01;False;16.57;False;0.9424828719999994;ERR;ERR;ERR;ERR;ERR;ERR;ERR
3310;0.01;True;0.01;False;0.01;False;ERR;ERR;ERR;ERR;ERR;ERR;ERR;ERR;ERR;ERR
3311;0.02;True;0.01;False;0.01;False;ERR;ERR;ERR;ERR;ERR;ERR;ERR;ERR;ERR;ERR
3312;0.02;True;0.01;False;0.02;False;15.32;False;0.9463051159999996;ERR;ERR;ERR;ERR;ERR;ERR;ERR
3313;0.01;True;0.02;False;0.01;False;15.14;False;0.968123477999999;ERR;ERR;ERR;ERR;ERR;ERR;ERR
3314;0.0;True;0.02;False;0.01;False;15.31;False;0.9306753499999996;ERR;ERR;ERR;ERR;ERR;ERR;ERR
3315;0.01;True;0.7;False;0.02;False;ERR;ERR;ERR;ERR;ERR;ERR;ERR;ERR;ERR;ERR
3316;0.01;True;34.33;False;0.01;False;ERR;ERR;ERR;ERR;ERR;ERR;ERR;ERR;ERR;ERR
3317;0.01;True;0.26;False;0.01;False;ERR;ERR;ERR;ERR;ERR;ERR;ERR;ERR;ERR;ERR
3318;0.01;True;0.02;False;0.02;False;12.07;False;0.6834063330000006;0.07;False;ERR;ERR;0.03;False;ERR
3319;0.02;True;0.23;False;0.0;False;ERR;ERR;ERR;ERR;ERR;ERR;ERR;ERR;ERR;ERR
3320;0.02;True;0.01;False;0.01;False;ERR;ERR;ERR;ERR;ERR;ERR;ERR;ERR;ERR;ERR
3321;0.01;True;0.01;False;0.01;False;15.97;False;1.0372429370000003;ERR;ERR;ERR;ERR;ERR;ERR;ERR
3322;0.02;True;2.26;False;0.09;False;ERR;ERR;ERR;ERR;ERR;ERR;ERR;ERR;ERR;ERR
3323;0.01;True;0.01;False;0.01;False;ERR;ERR;ERR;ERR;ERR;ERR;ERR;ERR;ERR;ERR
3324;0.0;True;0.02;False;0.01;False;ERR;ERR;ERR;ERR;ERR;ERR;ERR;ERR;ERR;ERR
3325;0.01;True;0.02;False;0.01;False;ERR;ERR;ERR;ERR;ERR;ERR;ERR;ERR;ERR;ERR
3326;0.02;True;27.0;False;0.0;False;ERR;ERR;ERR;ERR;ERR;ERR;ERR;ERR;ERR;ERR
3327;0.01;True;0.01;False;0.01;False;15.3;False;0.8912790200000007;ERR;ERR;ERR;ERR;ERR;ERR;ERR
3328;0.02;True;0.0;False;0.0;False;ERR;ERR;ERR;ERR;ERR;ERR;ERR;ERR;ERR;ERR
3329;0.02;True;0.0;False;0.02;False;ERR;ERR;ERR;ERR;ERR;ERR;ERR;ERR;ERR;ERR
3330;0.01;True;0.01;False;0.01;False;ERR;ERR;ERR;ERR;ERR;ERR;ERR;ERR;ERR;ERR
3331;0.01;True;0.01;False;0.01;False;15.02;False;0.529632809999999;ERR;ERR;ERR;ERR;ERR;ERR;ERR
3332;0.01;True;0.01;False;0.01;False;15.38;False;0.9520692220000004;ERR;ERR;ERR;ERR;ERR;ERR;ERR
3333;0.01;True;0.01;False;0.01;False;ERR;ERR;ERR;ERR;ERR;ERR;ERR;ERR;ERR;ERR
3334;0.02;True;0.01;False;0.0;False;15.63;False;0.9473808169999991;ERR;ERR;ERR;ERR;ERR;ERR;ERR
3335;0.02;True;0.01;False;0.01;False;ERR;ERR;ERR;ERR;ERR;ERR;ERR;ERR;ERR;ERR
3336;0.0;True;0.01;False;0.01;False;ERR;ERR;ERR;ERR;ERR;ERR;ERR;ERR;ERR;ERR
3337;0.01;True;0.12;False;0.01;False;15.39;False;0.9614057309999993;ERR;ERR;ERR;ERR;ERR;ERR;ERR
3338;0.02;True;2.29;False;0.1;False;ERR;ERR;ERR;ERR;ERR;ERR;ERR;ERR;ERR;ERR
3339;0.01;True;0.01;False;0.01;False;ERR;ERR;ERR;ERR;ERR;ERR;ERR;ERR;ERR;ERR
3340;0.01;True;0.12;False;0.02;False;15.46;False;0.8988632790000004;ERR;ERR;ERR;ERR;ERR;ERR;ERR
3341;0.02;True;0.01;False;0.01;False;ERR;ERR;ERR;0.08;False;0.04;False;0.05;False;ERR
3342;0.0;True;0.01;False;0.02;False;ERR;ERR;ERR;ERR;ERR;ERR;ERR;ERR;ERR;ERR
3343;0.0;True;0.01;False;0.0;False;ERR;ERR;ERR;ERR;ERR;ERR;ERR;ERR;ERR;ERR
3344;0.01;True;0.3;False;0.02;False;ERR;ERR;ERR;ERR;ERR;ERR;ERR;ERR;ERR;ERR
3345;0.01;True;0.01;False;0.01;False;ERR;ERR;ERR;ERR;ERR;ERR;ERR;ERR;ERR;ERR
3346;0.01;True;0.17;False;0.07;False;ERR;ERR;ERR;ERR;ERR;ERR;ERR;ERR;ERR;ERR
3347;0.01;True;0.01;False;0.01;False;ERR;ERR;ERR;ERR;ERR;ERR;ERR;ERR;ERR;ERR
3348;0.0;True;0.01;False;0.01;False;ERR;ERR;ERR;ERR;ERR;ERR;ERR;ERR;ERR;ERR
3349;0.02;True;0.01;False;0.01;False;14.95;False;0.5238474340000003;ERR;ERR;ERR;ERR;ERR;ERR;ERR
3350;0.01;True;0.0;False;0.0;False;ERR;ERR;ERR;ERR;ERR;ERR;ERR;ERR;ERR;ERR
3351;0.01;True;0.01;False;0.01;False;15.24;False;0.5503866300000002;ERR;ERR;ERR;ERR;ERR;ERR;ERR
3352;0.02;True;0.29;False;0.01;False;ERR;ERR;ERR;ERR;ERR;ERR;ERR;ERR;ERR;ERR
3353;0.02;True;0.0;False;0.01;False;16.02;False;0.9414701609999998;ERR;ERR;ERR;ERR;ERR;ERR;ERR
3354;0.01;True;0.01;False;0.02;False;15.17;False;0.5994189399999996;ERR;ERR;ERR;ERR;ERR;ERR;ERR
3355;0.01;True;0.01;False;0.01;False;15.2;False;0.6370218370000007;ERR;ERR;ERR;ERR;ERR;ERR;ERR
3356;0.02;True;0.01;False;0.01;False;ERR;ERR;ERR;ERR;ERR;ERR;ERR;ERR;ERR;ERR
3357;0.01;True;0.01;False;0.02;False;ERR;ERR;ERR;ERR;ERR;ERR;ERR;ERR;ERR;ERR
3358;0.02;True;0.01;False;0.01;False;ERR;ERR;ERR;ERR;ERR;ERR;ERR;ERR;ERR;ERR
3359;0.02;True;0.01;False;0.0;False;ERR;ERR;ERR;ERR;ERR;ERR;ERR;ERR;ERR;ERR
3360;0.0;True;6.51;False;0.01;False;ERR;ERR;ERR;ERR;ERR;ERR;ERR;ERR;ERR;ERR
3361;0.01;True;0.01;False;0.01;False;ERR;ERR;ERR;ERR;ERR;ERR;ERR;ERR;ERR;ERR
3362;0.01;True;0.02;False;0.01;False;ERR;ERR;ERR;ERR;ERR;ERR;ERR;ERR;ERR;ERR
3363;0.02;True;0.01;False;0.01;False;15.43;False;0.9388177379999991;ERR;ERR;ERR;ERR;ERR;ERR;ERR
3364;0.0;True;0.01;False;0.01;False;ERR;ERR;ERR;ERR;ERR;ERR;ERR;ERR;ERR;ERR
3365;0.02;True;0.02;False;0.01;False;ERR;ERR;ERR;ERR;ERR;ERR;ERR;ERR;ERR;ERR
3366;0.01;True;0.01;False;0.01;False;ERR;ERR;ERR;ERR;ERR;ERR;ERR;ERR;ERR;ERR
3367;0.01;True;0.6;False;1.55;False;ERR;ERR;ERR;ERR;ERR;ERR;ERR;ERR;ERR;ERR
3368;0.01;True;2.4;False;0.09;False;ERR;ERR;ERR;ERR;ERR;ERR;ERR;ERR;ERR;ERR
3369;0.01;True;0.01;False;0.01;False;ERR;ERR;ERR;ERR;ERR;ERR;ERR;ERR;ERR;ERR
3370;0.01;True;0.01;False;0.0;False;ERR;ERR;ERR;ERR;ERR;ERR;ERR;ERR;ERR;ERR
3371;0.01;True;0.01;False;0.02;False;ERR;ERR;ERR;ERR;ERR;ERR;ERR;ERR;ERR;ERR
3372;0.01;True;0.01;False;0.01;False;15.57;False;0.9612814309999997;ERR;ERR;ERR;ERR;ERR;ERR;ERR
3373;0.01;True;0.49;False;1.21;False;ERR;ERR;ERR;ERR;ERR;ERR;ERR;ERR;ERR;ERR
3374;0.02;True;0.0;False;0.01;False;ERR;ERR;ERR;ERR;ERR;ERR;ERR;ERR;ERR;ERR
3375;0.01;True;0.01;False;0.0;False;ERR;ERR;ERR;ERR;ERR;ERR;ERR;ERR;ERR;ERR
3376;0.01;True;0.01;False;0.01;False;15.32;False;0.5298287389999992;ERR;ERR;ERR;ERR;ERR;ERR;ERR
3377;0.02;True;2.28;False;0.08;False;ERR;ERR;ERR;ERR;ERR;ERR;ERR;ERR;ERR;ERR
3378;0.01;True;0.01;False;0.01;False;ERR;ERR;ERR;ERR;ERR;ERR;ERR;ERR;ERR;ERR
3379;0.01;True;0.01;False;0.0;False;12.06;False;0.49726262699999957;0.07;False;ERR;ERR;0.05;False;ERR
3380;0.01;True;0.01;False;0.0;False;ERR;ERR;ERR;ERR;ERR;ERR;ERR;ERR;ERR;ERR
3381;0.01;True;0.01;False;0.01;False;16.07;False;0.9685058879999993;ERR;ERR;ERR;ERR;ERR;ERR;ERR
3382;0.0;True;1.76;False;0.11;False;ERR;ERR;ERR;ERR;ERR;ERR;ERR;ERR;ERR;ERR
3383;0.01;True;26.83;False;0.01;False;ERR;ERR;ERR;ERR;ERR;ERR;ERR;ERR;ERR;ERR
3384;0.02;True;0.02;False;0.01;False;15.94;False;0.9530120829999991;ERR;ERR;ERR;ERR;ERR;ERR;ERR
3385;0.01;True;0.01;False;0.01;False;ERR;ERR;ERR;0.06;False;0.02;False;0.03;False;ERR
3386;0.01;True;0.01;False;0.01;False;ERR;ERR;ERR;ERR;ERR;ERR;ERR;ERR;ERR;ERR
3387;0.02;True;0.01;False;0.01;False;15.88;False;0.9267809070000013;ERR;ERR;ERR;ERR;ERR;ERR;ERR
3388;0.02;True;0.02;False;0.01;False;15.73;False;1.041571331;ERR;ERR;ERR;ERR;ERR;ERR;ERR
3389;0.01;True;0.01;False;0.0;False;15.86;False;0.9543889740000004;ERR;ERR;ERR;ERR;ERR;ERR;ERR
3390;0.0;True;0.02;False;0.02;False;ERR;ERR;ERR;ERR;ERR;ERR;ERR;ERR;ERR;ERR
3391;0.01;True;0.01;False;0.0;False;ERR;ERR;ERR;ERR;ERR;ERR;ERR;ERR;ERR;ERR
3392;0.01;True;2.36;False;0.09;False;ERR;ERR;ERR;ERR;ERR;ERR;ERR;ERR;ERR;ERR
3393;0.01;True;6.55;False;0.01;False;ERR;ERR;ERR;ERR;ERR;ERR;ERR;ERR;ERR;ERR
3394;0.01;True;0.46;False;0.99;False;ERR;ERR;ERR;ERR;ERR;ERR;ERR;ERR;ERR;ERR
3395;0.01;True;0.02;False;0.01;False;ERR;ERR;ERR;ERR;ERR;ERR;ERR;ERR;ERR;ERR
3396;0.01;True;0.01;False;0.01;False;16.0;False;0.9510466099999988;ERR;ERR;ERR;ERR;ERR;ERR;ERR
3397;0.01;True;0.0;False;0.01;False;15.57;False;0.6272779370000006;ERR;ERR;ERR;ERR;ERR;ERR;ERR
3398;0.01;True;0.01;False;0.01;False;15.9;False;0.9431269829999991;ERR;ERR;ERR;ERR;ERR;ERR;ERR
3399;0.02;True;0.0;False;0.01;False;ERR;ERR;ERR;ERR;ERR;ERR;ERR;ERR;ERR;ERR
3400;0.01;True;0.0;False;0.01;False;15.41;False;0.9384755580000004;ERR;ERR;ERR;ERR;ERR;ERR;ERR
3401;0.02;True;0.01;False;0.02;False;ERR;ERR;ERR;ERR;ERR;ERR;ERR;ERR;ERR;ERR
3402;0.01;True;1.81;False;0.09;False;ERR;ERR;ERR;ERR;ERR;ERR;ERR;ERR;ERR;ERR
3403;0.01;True;0.0;False;0.01;False;ERR;ERR;ERR;ERR;ERR;ERR;ERR;ERR;ERR;ERR
3404;0.0;True;0.01;False;0.01;False;ERR;ERR;ERR;ERR;ERR;ERR;ERR;ERR;ERR;ERR
3405;0.01;True;0.01;False;0.01;False;14.95;False;0.5496029399999998;ERR;ERR;ERR;ERR;ERR;ERR;ERR
3406;0.01;True;0.0;False;0.01;False;12.46;False;0.49178506199999994;0.07;False;ERR;ERR;0.04;False;ERR
3407;0.01;True;0.02;False;0.01;False;ERR;ERR;ERR;ERR;ERR;ERR;ERR;ERR;ERR;ERR
3408;0.03;True;0.01;False;0.01;False;ERR;ERR;ERR;ERR;ERR;ERR;ERR;ERR;ERR;ERR
3409;0.01;True;0.01;False;0.0;False;15.37;False;0.5242592449999997;ERR;ERR;ERR;ERR;ERR;ERR;ERR
3410;0.01;True;0.12;False;0.01;False;15.36;False;0.9103403100000005;ERR;ERR;ERR;ERR;ERR;ERR;ERR
3411;0.01;True;0.01;False;0.01;False;ERR;ERR;ERR;0.05;False;0.02;False;0.04;False;ERR
3412;0.01;True;0.02;False;0.01;False;ERR;ERR;ERR;ERR;ERR;ERR;ERR;ERR;ERR;ERR
3413;0.01;True;0.01;False;0.01;False;15.21;False;0.6720036310000008;ERR;ERR;ERR;ERR;ERR;ERR;ERR
3414;0.02;True;0.01;False;0.01;False;ERR;ERR;ERR;ERR;ERR;ERR;ERR;ERR;ERR;ERR
3415;0.02;True;2.3;False;0.1;False;ERR;ERR;ERR;ERR;ERR;ERR;ERR;ERR;ERR;ERR
3416;0.01;True;2.33;False;0.1;False;ERR;ERR;ERR;ERR;ERR;ERR;ERR;ERR;ERR;ERR
3417;0.0;True;0.01;False;0.01;False;15.75;False;0.972177971999999;ERR;ERR;ERR;ERR;ERR;ERR;ERR
3418;0.02;True;0.01;False;0.01;False;12.06;False;0.5112639619999992;0.07;False;ERR;ERR;0.04;False;ERR
3419;0.0;True;0.28;False;0.07;False;ERR;ERR;ERR;ERR;ERR;ERR;ERR;ERR;ERR;ERR
3420;0.01;True;0.01;False;0.0;False;15.72;False;1.0380714380000011;ERR;ERR;ERR;ERR;ERR;ERR;ERR
3421;0.01;True;0.01;False;0.01;False;ERR;ERR;ERR;ERR;ERR;ERR;ERR;ERR;ERR;ERR
3422;0.01;True;1.67;False;0.09;False;ERR;ERR;ERR;0.48;False;0.02;False;0.23;False;ERR
3423;0.02;True;0.45;False;0.01;False;ERR;ERR;ERR;ERR;ERR;ERR;ERR;ERR;ERR;ERR
3424;0.01;True;0.01;False;0.02;False;15.44;False;0.9582337980000002;ERR;ERR;ERR;ERR;ERR;ERR;ERR
3425;0.02;True;33.37;False;0.01;False;ERR;ERR;ERR;ERR;ERR;ERR;ERR;ERR;ERR;ERR
3426;0.01;True;0.02;False;0.01;False;ERR;ERR;ERR;ERR;ERR;ERR;ERR;ERR;ERR;ERR
3427;0.01;True;0.02;False;0.01;False;ERR;ERR;ERR;ERR;ERR;ERR;ERR;ERR;ERR;ERR
3428;0.01;True;0.02;False;0.01;False;15.73;False;0.9723731420000004;ERR;ERR;ERR;ERR;ERR;ERR;ERR
3429;0.01;True;0.0;False;0.01;False;15.79;False;1.0273946270000014;ERR;ERR;ERR;ERR;ERR;ERR;ERR
3430;0.01;True;0.01;False;0.01;False;ERR;ERR;ERR;ERR;ERR;ERR;ERR;ERR;ERR;ERR
3431;0.01;True;0.25;False;0.01;False;ERR;ERR;ERR;ERR;ERR;ERR;ERR;ERR;ERR;ERR
3432;0.02;True;0.01;False;0.02;False;ERR;ERR;ERR;ERR;ERR;ERR;ERR;ERR;ERR;ERR
3433;0.02;True;0.0;False;0.01;False;ERR;ERR;ERR;ERR;ERR;ERR;ERR;ERR;ERR;ERR
3434;0.02;True;0.01;False;0.01;False;17.8;False;0.5444559939999998;ERR;ERR;ERR;ERR;ERR;ERR;ERR
3435;0.02;True;0.02;False;0.0;False;ERR;ERR;ERR;ERR;ERR;ERR;ERR;ERR;ERR;ERR
3436;0.02;True;0.17;False;0.13;False;ERR;ERR;ERR;ERR;ERR;ERR;ERR;ERR;ERR;ERR
3437;0.02;True;34.66;False;0.01;False;ERR;ERR;ERR;ERR;ERR;ERR;ERR;ERR;ERR;ERR
3438;0.01;True;0.01;False;0.02;False;16.34;False;0.9428805829999991;ERR;ERR;ERR;ERR;ERR;ERR;ERR
3439;0.02;True;0.02;False;0.0;False;15.81;False;0.9319404219999985;ERR;ERR;ERR;ERR;ERR;ERR;ERR
3440;0.0;True;1.95;False;0.09;False;ERR;ERR;ERR;ERR;ERR;ERR;ERR;ERR;ERR;ERR
3441;0.01;True;0.0;False;0.0;False;15.48;False;0.922346752000001;ERR;ERR;ERR;ERR;ERR;ERR;ERR
3442;0.01;True;0.01;False;0.01;False;ERR;ERR;ERR;ERR;ERR;ERR;ERR;ERR;ERR;ERR
3443;0.01;True;0.01;False;0.01;False;16.95;False;0.5594465490000005;ERR;ERR;ERR;ERR;ERR;ERR;ERR
3444;0.02;True;0.01;False;0.0;False;15.27;False;0.6228992229999992;ERR;ERR;ERR;ERR;ERR;ERR;ERR
3445;0.01;True;0.01;False;0.01;False;ERR;ERR;ERR;ERR;ERR;ERR;ERR;ERR;ERR;ERR
3446;0.02;True;0.02;False;0.02;False;16.07;False;0.9884054280000001;ERR;ERR;ERR;ERR;ERR;ERR;ERR
3447;0.01;True;26.07;False;0.01;False;ERR;ERR;ERR;ERR;ERR;ERR;ERR;ERR;ERR;ERR
3448;0.01;True;0.13;False;0.01;False;15.54;False;0.8964098669999991;ERR;ERR;ERR;ERR;ERR;ERR;ERR
3449;0.02;True;0.01;False;0.01;False;15.36;False;0.5611641110000001;ERR;ERR;ERR;ERR;ERR;ERR;ERR
3450;0.01;True;2.28;False;0.09;False;ERR;ERR;ERR;ERR;ERR;ERR;ERR;ERR;ERR;ERR
3451;0.02;True;0.01;False;0.01;False;ERR;ERR;ERR;ERR;ERR;ERR;ERR;ERR;ERR;ERR
3452;0.01;True;0.02;False;0.01;False;ERR;ERR;ERR;ERR;ERR;ERR;ERR;ERR;ERR;ERR
3453;0.02;True;0.26;False;0.01;False;ERR;ERR;ERR;ERR;ERR;ERR;ERR;ERR;ERR;ERR
3454;0.02;True;0.01;False;0.01;False;ERR;ERR;ERR;ERR;ERR;ERR;ERR;ERR;ERR;ERR
3455;0.02;True;0.01;False;0.01;False;ERR;ERR;ERR;ERR;ERR;ERR;ERR;ERR;ERR;ERR
3456;0.02;True;0.01;False;0.01;False;ERR;ERR;ERR;ERR;ERR;ERR;ERR;ERR;ERR;ERR
3457;0.01;True;2.05;False;0.09;False;ERR;ERR;ERR;0.47;False;0.04;False;0.24;False;ERR
3458;0.01;True;0.01;False;0.01;False;12.41;False;0.9373540369999986;0.06;False;ERR;ERR;0.05;False;ERR
3459;0.01;True;0.22;False;0.01;False;ERR;ERR;ERR;ERR;ERR;ERR;ERR;ERR;ERR;ERR
3460;0.01;True;1.8;False;0.1;False;ERR;ERR;ERR;ERR;ERR;ERR;ERR;ERR;ERR;ERR
3461;0.01;True;0.02;False;0.01;False;ERR;ERR;ERR;ERR;ERR;ERR;ERR;ERR;ERR;ERR
3462;0.02;True;0.01;False;0.0;False;15.66;False;0.944555084000001;ERR;ERR;ERR;ERR;ERR;ERR;ERR
3463;0.02;True;0.01;False;0.01;False;15.73;False;0.9720538619999992;ERR;ERR;ERR;ERR;ERR;ERR;ERR
3464;0.02;True;0.01;False;0.01;False;ERR;ERR;ERR;ERR;ERR;ERR;ERR;ERR;ERR;ERR
3465;0.01;True;0.0;False;0.01;False;ERR;ERR;ERR;ERR;ERR;ERR;ERR;ERR;ERR;ERR
3466;0.01;True;0.01;False;0.01;False;15.55;False;0.9593364090000005;ERR;ERR;ERR;ERR;ERR;ERR;ERR
3467;0.01;True;0.01;False;0.01;False;ERR;ERR;ERR;ERR;ERR;ERR;ERR;ERR;ERR;ERR
3468;0.02;True;0.0;False;0.01;False;16.06;False;0.9767410069999993;ERR;ERR;ERR;ERR;ERR;ERR;ERR
3469;0.02;True;0.27;False;0.01;False;ERR;ERR;ERR;ERR;ERR;ERR;ERR;ERR;ERR;ERR
3470;0.01;True;0.01;False;0.01;False;15.06;False;0.5307385310000008;ERR;ERR;ERR;ERR;ERR;ERR;ERR
3471;0.0;True;1.82;False;0.09;False;ERR;ERR;ERR;ERR;ERR;ERR;ERR;ERR;ERR;ERR
3472;0.01;True;0.6;False;1.47;False;ERR;ERR;ERR;0.32;False;0.16;False;1.33;False;ERR
3473;0.01;True;0.01;False;0.02;False;15.84;False;0.978244307999999;ERR;ERR;ERR;ERR;ERR;ERR;ERR
3474;0.01;True;0.12;False;0.01;False;15.32;False;0.9202341;ERR;ERR;ERR;ERR;ERR;ERR;ERR
3475;0.02;True;0.01;False;0.01;False;ERR;ERR;ERR;ERR;ERR;ERR;ERR;ERR;ERR;ERR
3476;0.01;True;0.01;False;0.01;False;15.67;False;0.9927100530000015;ERR;ERR;ERR;ERR;ERR;ERR;ERR
3477;0.01;True;0.01;False;0.01;False;12.13;False;0.5349447050000009;0.06;False;ERR;ERR;0.04;False;ERR
3478;0.02;True;0.13;False;0.01;False;15.06;False;0.9349437150000011;ERR;ERR;ERR;ERR;ERR;ERR;ERR
3479;0.02;True;0.01;False;0.02;False;ERR;ERR;ERR;ERR;ERR;ERR;ERR;ERR;ERR;ERR
3480;0.02;True;0.01;False;0.01;False;ERR;ERR;ERR;ERR;ERR;ERR;ERR;ERR;ERR;ERR
3481;0.01;True;28.24;False;0.01;False;ERR;ERR;ERR;ERR;ERR;ERR;ERR;ERR;ERR;ERR
3482;0.02;True;0.12;False;0.02;False;15.49;False;0.9087223990000002;ERR;ERR;ERR;ERR;ERR;ERR;ERR
3483;0.02;True;0.0;False;0.02;False;14.9;False;0.5731559219999998;ERR;ERR;ERR;ERR;ERR;ERR;ERR
3484;0.02;True;0.01;False;0.01;False;ERR;ERR;ERR;ERR;ERR;ERR;ERR;ERR;ERR;ERR
3485;0.0;True;2.27;False;0.08;False;ERR;ERR;ERR;ERR;ERR;ERR;ERR;ERR;ERR;ERR
3486;0.01;True;0.19;False;0.11;False;ERR;ERR;ERR;ERR;ERR;ERR;ERR;ERR;ERR;ERR
3487;0.02;True;0.02;False;0.01;False;15.1;False;0.5441357540000009;ERR;ERR;ERR;ERR;ERR;ERR;ERR
3488;0.01;True;0.0;False;0.01;False;ERR;ERR;ERR;ERR;ERR;ERR;ERR;ERR;ERR;ERR
3489;0.01;True;2.78;False;0.02;False;ERR;ERR;ERR;ERR;ERR;ERR;ERR;ERR;ERR;ERR
3490;0.01;True;0.02;False;0.0;False;ERR;ERR;ERR;ERR;ERR;ERR;ERR;ERR;ERR;ERR
3491;0.01;True;0.01;False;0.01;False;ERR;ERR;ERR;ERR;ERR;ERR;ERR;ERR;ERR;ERR
3492;0.02;True;0.12;False;0.01;False;15.51;False;0.9113339210000007;ERR;ERR;ERR;ERR;ERR;ERR;ERR
3493;0.02;True;0.01;False;0.01;False;ERR;ERR;ERR;ERR;ERR;ERR;ERR;ERR;ERR;ERR
3494;0.01;True;0.01;False;0.01;False;ERR;ERR;ERR;ERR;ERR;ERR;ERR;ERR;ERR;ERR
3495;0.01;True;0.02;False;0.02;False;ERR;ERR;ERR;ERR;ERR;ERR;ERR;ERR;ERR;ERR
3496;0.01;True;0.01;False;0.01;False;15.57;False;0.9487456190000003;ERR;ERR;ERR;ERR;ERR;ERR;ERR
3497;0.01;True;0.01;False;0.01;False;ERR;ERR;ERR;ERR;ERR;ERR;ERR;ERR;ERR;ERR
3498;0.02;True;0.01;False;0.01;False;14.56;False;0.5193784790000002;ERR;ERR;ERR;ERR;ERR;ERR;ERR
3499;0.01;True;0.0;False;0.01;False;ERR;ERR;ERR;ERR;ERR;ERR;ERR;ERR;ERR;ERR
3500;0.01;True;0.2;False;0.06;False;ERR;ERR;ERR;ERR;ERR;ERR;ERR;ERR;ERR;ERR
3501;0.01;True;0.01;False;0.01;False;15.01;False;0.96083827;ERR;ERR;ERR;ERR;ERR;ERR;ERR
3502;0.02;True;6.43;False;0.0;False;ERR;ERR;ERR;ERR;ERR;ERR;ERR;ERR;ERR;ERR
3503;0.01;True;0.01;False;0.01;False;ERR;ERR;ERR;ERR;ERR;ERR;ERR;ERR;ERR;ERR
3504;0.02;True;0.01;False;0.0;False;ERR;ERR;ERR;ERR;ERR;ERR;ERR;ERR;ERR;ERR
3505;0.01;True;0.01;False;0.01;False;ERR;ERR;ERR;ERR;ERR;ERR;ERR;ERR;ERR;ERR
3506;0.0;True;2.25;False;0.09;False;ERR;ERR;ERR;ERR;ERR;ERR;ERR;ERR;ERR;ERR
3507;0.01;True;1.76;False;0.09;False;ERR;ERR;ERR;ERR;ERR;ERR;ERR;ERR;ERR;ERR
3508;0.03;True;0.02;False;0.02;False;ERR;ERR;ERR;ERR;ERR;ERR;ERR;ERR;ERR;ERR
3509;0.02;True;0.02;False;0.01;False;ERR;ERR;ERR;ERR;ERR;ERR;ERR;ERR;ERR;ERR
3510;0.02;True;0.0;False;0.01;False;ERR;ERR;ERR;ERR;ERR;ERR;ERR;ERR;ERR;ERR
3511;0.02;True;0.11;False;0.01;False;15.58;False;0.9310334010000005;ERR;ERR;ERR;ERR;ERR;ERR;ERR
3512;0.01;True;0.01;False;0.01;False;ERR;ERR;ERR;ERR;ERR;ERR;ERR;ERR;ERR;ERR
3513;0.02;True;0.25;False;0.01;False;ERR;ERR;ERR;ERR;ERR;ERR;ERR;ERR;ERR;ERR
3514;0.02;True;0.01;False;0.01;False;15.34;False;0.9395812299999999;ERR;ERR;ERR;ERR;ERR;ERR;ERR
3515;0.01;True;0.28;False;0.06;False;ERR;ERR;ERR;ERR;ERR;ERR;ERR;ERR;ERR;ERR
3516;0.01;True;0.0;False;0.01;False;15.35;False;0.9414837810000005;ERR;ERR;ERR;ERR;ERR;ERR;ERR
3517;0.02;True;0.01;False;0.01;False;14.98;False;0.5005015700000008;ERR;ERR;ERR;ERR;ERR;ERR;ERR
3518;0.02;True;0.01;False;0.01;False;15.48;False;0.9469704359999991;ERR;ERR;ERR;ERR;ERR;ERR;ERR
3519;0.02;True;0.01;False;0.01;False;15.58;False;0.9511845109999992;ERR;ERR;ERR;ERR;ERR;ERR;ERR
3520;0.01;True;0.01;False;0.01;False;ERR;ERR;ERR;ERR;ERR;ERR;ERR;ERR;ERR;ERR
3521;0.01;True;0.0;False;0.0;False;ERR;ERR;ERR;ERR;ERR;ERR;ERR;ERR;ERR;ERR
3522;0.01;True;0.02;False;0.01;False;ERR;ERR;ERR;ERR;ERR;ERR;ERR;ERR;ERR;ERR
3523;0.02;True;0.01;False;0.01;False;14.92;False;0.536561936;ERR;ERR;ERR;ERR;ERR;ERR;ERR
3524;0.01;True;2.26;False;0.09;False;ERR;ERR;ERR;ERR;ERR;ERR;ERR;ERR;ERR;ERR
3525;0.02;True;0.4;False;0.99;False;ERR;ERR;ERR;ERR;ERR;ERR;ERR;ERR;ERR;ERR
3526;0.01;True;0.01;False;0.01;False;ERR;ERR;ERR;ERR;ERR;ERR;ERR;ERR;ERR;ERR
3527;0.0;True;0.0;False;0.01;False;14.99;False;0.9739139629999993;ERR;ERR;ERR;ERR;ERR;ERR;ERR
3528;0.01;True;0.16;False;0.09;False;ERR;ERR;ERR;ERR;ERR;ERR;ERR;ERR;ERR;ERR
3529;0.02;True;0.17;False;0.06;False;ERR;ERR;ERR;ERR;ERR;ERR;ERR;ERR;ERR;ERR
3530;0.01;True;0.01;False;0.0;False;15.09;False;0.9401477099999997;ERR;ERR;ERR;ERR;ERR;ERR;ERR
3531;0.01;True;0.21;False;0.08;False;ERR;ERR;ERR;ERR;ERR;ERR;ERR;ERR;ERR;ERR
3532;0.02;True;0.01;False;0.01;False;ERR;ERR;ERR;ERR;ERR;ERR;ERR;ERR;ERR;ERR
3533;0.01;True;0.0;False;0.01;False;14.95;False;0.5381521879999998;ERR;ERR;ERR;ERR;ERR;ERR;ERR
3534;0.0;True;2.37;False;0.08;False;ERR;ERR;ERR;ERR;ERR;ERR;ERR;ERR;ERR;ERR
3535;0.0;True;0.0;False;0.01;False;15.2;False;0.9854497250000005;ERR;ERR;ERR;ERR;ERR;ERR;ERR
3536;0.02;True;0.01;False;0.01;False;15.39;False;0.9809391509999994;ERR;ERR;ERR;ERR;ERR;ERR;ERR
3537;0.0;True;0.01;False;0.01;False;ERR;ERR;ERR;ERR;ERR;ERR;ERR;ERR;ERR;ERR
3538;0.02;True;0.0;False;0.01;False;ERR;ERR;ERR;ERR;ERR;ERR;ERR;ERR;ERR;ERR
3539;0.0;True;0.01;False;0.01;False;14.93;False;0.6890848490000003;ERR;ERR;ERR;ERR;ERR;ERR;ERR
3540;0.01;True;0.01;False;0.01;False;14.73;False;0.5040013939999994;ERR;ERR;ERR;ERR;ERR;ERR;ERR
3541;0.01;True;0.12;False;0.01;False;14.89;False;0.8900053499999991;ERR;ERR;ERR;ERR;ERR;ERR;ERR
3542;0.01;True;4.52;False;0.17;False;ERR;ERR;ERR;ERR;ERR;ERR;ERR;ERR;ERR;ERR
3543;0.01;True;0.0;False;0.01;False;15.86;False;0.9405280000000005;ERR;ERR;ERR;ERR;ERR;ERR;ERR
3544;0.01;True;0.01;False;0.01;False;ERR;ERR;ERR;ERR;ERR;ERR;ERR;ERR;ERR;ERR
3545;0.02;True;0.75;False;0.01;False;ERR;ERR;ERR;ERR;ERR;ERR;ERR;ERR;ERR;ERR
3546;0.01;True;0.01;False;0.01;False;ERR;ERR;ERR;ERR;ERR;ERR;ERR;ERR;ERR;ERR
3547;0.01;True;0.01;False;0.01;False;15.27;False;0.6353303350000008;ERR;ERR;ERR;ERR;ERR;ERR;ERR
3548;0.02;True;0.01;False;0.01;False;15.27;False;0.9684922780000011;ERR;ERR;ERR;ERR;ERR;ERR;ERR
3549;0.01;True;0.0;False;0.01;False;15.1;False;0.9376916860000009;ERR;ERR;ERR;ERR;ERR;ERR;ERR
3550;0.01;True;0.01;False;0.02;False;ERR;ERR;ERR;ERR;ERR;ERR;ERR;ERR;ERR;ERR
3551;0.01;True;0.01;False;0.01;False;ERR;ERR;ERR;ERR;ERR;ERR;ERR;ERR;ERR;ERR
3552;0.02;True;1.77;False;0.1;False;ERR;ERR;ERR;ERR;ERR;ERR;ERR;ERR;ERR;ERR
3553;0.01;True;0.21;False;0.08;False;ERR;ERR;ERR;ERR;ERR;ERR;ERR;ERR;ERR;ERR
3554;0.01;True;0.01;False;0.01;False;ERR;ERR;ERR;ERR;ERR;ERR;ERR;ERR;ERR;ERR
3555;0.01;True;0.01;False;0.01;False;ERR;ERR;ERR;ERR;ERR;ERR;ERR;ERR;ERR;ERR
3556;0.01;True;0.01;False;0.01;False;ERR;ERR;ERR;ERR;ERR;ERR;ERR;ERR;ERR;ERR
3557;0.01;True;0.01;False;0.02;False;ERR;ERR;ERR;ERR;ERR;ERR;ERR;ERR;ERR;ERR
3558;0.01;True;0.01;False;0.02;False;14.62;False;0.49492637500000036;ERR;ERR;ERR;ERR;ERR;ERR;ERR
3559;0.01;True;0.01;False;0.0;False;15.15;False;0.503253792999999;ERR;ERR;ERR;ERR;ERR;ERR;ERR
3560;0.01;True;2.26;False;0.1;False;ERR;ERR;ERR;ERR;ERR;ERR;ERR;ERR;ERR;ERR
3561;0.01;True;0.02;False;0.01;False;ERR;ERR;ERR;ERR;ERR;ERR;ERR;ERR;ERR;ERR
3562;0.01;True;0.19;False;0.09;False;ERR;ERR;ERR;ERR;ERR;ERR;ERR;ERR;ERR;ERR
3563;0.01;True;0.34;False;0.81;False;ERR;ERR;ERR;ERR;ERR;ERR;ERR;ERR;ERR;ERR
3564;0.02;True;0.01;False;0.0;False;ERR;ERR;ERR;ERR;ERR;ERR;ERR;ERR;ERR;ERR
3565;0.02;True;0.01;False;0.01;False;ERR;ERR;ERR;ERR;ERR;ERR;ERR;ERR;ERR;ERR
3566;0.01;True;0.01;False;0.01;False;ERR;ERR;ERR;ERR;ERR;ERR;ERR;ERR;ERR;ERR
3567;0.01;True;0.12;False;0.01;False;15.45;False;0.9077317980000004;ERR;ERR;ERR;ERR;ERR;ERR;ERR
3568;0.03;True;0.01;False;0.01;False;ERR;ERR;ERR;ERR;ERR;ERR;ERR;ERR;ERR;ERR
3569;0.01;True;0.0;False;0.01;False;15.37;False;0.9448927040000008;ERR;ERR;ERR;ERR;ERR;ERR;ERR
3570;0.02;True;0.01;False;0.01;False;ERR;ERR;ERR;ERR;ERR;ERR;ERR;ERR;ERR;ERR
3571;0.01;True;0.0;False;0.01;False;14.74;False;0.5031482129999993;ERR;ERR;ERR;ERR;ERR;ERR;ERR
3572;0.01;True;0.08;False;0.01;False;11.8;False;0.4524029719999998;0.09;False;ERR;ERR;0.14;False;ERR
3573;0.0;True;0.41;False;0.0;False;ERR;ERR;ERR;ERR;ERR;ERR;ERR;ERR;ERR;ERR
3574;0.02;True;0.02;False;0.01;False;ERR;ERR;ERR;ERR;ERR;ERR;ERR;ERR;ERR;ERR
3575;0.0;True;0.11;False;0.01;False;15.56;False;0.921208451;ERR;ERR;ERR;ERR;ERR;ERR;ERR
3576;0.01;True;0.01;False;0.03;False;14.36;False;0.49339714399999934;ERR;ERR;ERR;ERR;ERR;ERR;ERR
3577;0.01;True;2.27;False;0.09;False;ERR;ERR;ERR;ERR;ERR;ERR;ERR;ERR;ERR;ERR
3578;0.01;True;0.0;False;0.02;False;15.96;False;1.0493222889999991;ERR;ERR;ERR;ERR;ERR;ERR;ERR
3579;0.01;True;0.01;False;0.01;False;ERR;ERR;ERR;ERR;ERR;ERR;ERR;ERR;ERR;ERR
3580;0.01;True;0.01;False;0.01;False;15.82;False;0.6693371090000007;ERR;ERR;ERR;ERR;ERR;ERR;ERR
3581;0.02;True;0.02;False;0.02;False;16.26;False;1.004833725000001;ERR;ERR;ERR;ERR;ERR;ERR;ERR
3582;0.01;True;0.01;False;0.01;False;14.66;False;0.49761070799999985;ERR;ERR;ERR;ERR;ERR;ERR;ERR
3583;0.01;True;0.01;False;0.01;False;ERR;ERR;ERR;ERR;ERR;ERR;ERR;ERR;ERR;ERR
3584;0.02;True;0.01;False;0.01;False;ERR;ERR;ERR;ERR;ERR;ERR;ERR;ERR;ERR;ERR
3585;0.01;True;0.0;False;0.01;False;15.47;False;1.0071219159999991;ERR;ERR;ERR;ERR;ERR;ERR;ERR
3586;0.02;True;0.12;False;0.01;False;15.25;False;0.9106529600000002;ERR;ERR;ERR;ERR;ERR;ERR;ERR
3587;0.01;True;0.01;False;0.0;False;ERR;ERR;ERR;ERR;ERR;ERR;ERR;ERR;ERR;ERR
3588;0.02;True;0.02;False;0.01;False;ERR;ERR;ERR;0.08;False;0.05;False;0.04;False;ERR
3589;0.0;True;0.02;False;0.01;False;ERR;ERR;ERR;ERR;ERR;ERR;ERR;ERR;ERR;ERR
3590;0.01;True;0.01;False;0.02;False;14.91;False;0.9646630649999999;ERR;ERR;ERR;ERR;ERR;ERR;ERR
3591;0.01;True;0.01;False;0.01;False;TO;TO;TO;ERR;ERR;ERR;ERR;ERR;ERR;ERR
3592;0.01;True;0.2;False;0.07;False;ERR;ERR;ERR;ERR;ERR;ERR;ERR;ERR;ERR;ERR
3593;0.01;True;0.01;False;0.01;False;ERR;ERR;ERR;ERR;ERR;ERR;ERR;ERR;ERR;ERR
3594;0.01;True;35.56;False;0.01;False;ERR;ERR;ERR;ERR;ERR;ERR;ERR;ERR;ERR;ERR
3595;0.02;True;1.85;False;0.09;False;ERR;ERR;ERR;ERR;ERR;ERR;ERR;ERR;ERR;ERR
3596;0.01;True;0.2;False;0.07;False;ERR;ERR;ERR;ERR;ERR;ERR;ERR;ERR;ERR;ERR
3597;0.01;True;0.01;False;0.01;False;ERR;ERR;ERR;ERR;ERR;ERR;ERR;ERR;ERR;ERR
3598;0.03;True;0.43;False;0.01;False;ERR;ERR;ERR;ERR;ERR;ERR;ERR;ERR;ERR;ERR
3599;0.01;True;0.01;False;0.01;False;ERR;ERR;ERR;ERR;ERR;ERR;ERR;ERR;ERR;ERR
3600;0.01;True;0.0;False;0.0;False;ERR;ERR;ERR;ERR;ERR;ERR;ERR;ERR;ERR;ERR
3601;0.02;True;0.02;False;0.0;False;15.8;False;0.943735684;ERR;ERR;ERR;ERR;ERR;ERR;ERR
3602;0.01;True;0.12;False;0.01;False;15.65;False;0.9266016560000008;ERR;ERR;ERR;ERR;ERR;ERR;ERR
3603;0.01;True;0.0;False;0.01;False;14.82;False;0.5247650139999998;ERR;ERR;ERR;ERR;ERR;ERR;ERR
3604;0.02;True;0.01;False;0.0;False;15.48;False;0.990580391;ERR;ERR;ERR;ERR;ERR;ERR;ERR
3605;0.01;True;2.27;False;0.08;False;ERR;ERR;ERR;ERR;ERR;ERR;ERR;ERR;ERR;ERR
3606;0.02;True;0.12;False;0.01;False;15.36;False;0.9147773439999991;ERR;ERR;ERR;ERR;ERR;ERR;ERR
3607;0.01;True;0.01;False;0.01;False;15.88;False;0.9581881980000002;ERR;ERR;ERR;ERR;ERR;ERR;ERR
3608;0.01;True;0.01;False;0.01;False;15.21;False;0.5582777080000003;ERR;ERR;ERR;ERR;ERR;ERR;ERR
3609;0.02;True;0.12;False;0.02;False;15.66;False;0.9264899260000004;ERR;ERR;ERR;ERR;ERR;ERR;ERR
3610;0.01;True;0.01;False;0.01;False;ERR;ERR;ERR;ERR;ERR;ERR;ERR;ERR;ERR;ERR
3611;0.02;True;0.01;False;0.01;False;15.92;False;0.9475619870000003;ERR;ERR;ERR;ERR;ERR;ERR;ERR
3612;0.01;True;0.02;False;0.02;False;ERR;ERR;ERR;ERR;ERR;ERR;ERR;ERR;ERR;ERR
3613;0.01;True;2.33;False;0.1;False;ERR;ERR;ERR;ERR;ERR;ERR;ERR;ERR;ERR;ERR
3614;0.02;True;0.0;False;0.02;False;ERR;ERR;ERR;ERR;ERR;ERR;ERR;ERR;ERR;ERR
3615;0.01;True;0.01;False;0.01;False;ERR;ERR;ERR;ERR;ERR;ERR;ERR;ERR;ERR;ERR
3616;0.02;True;0.01;False;0.01;False;ERR;ERR;ERR;ERR;ERR;ERR;ERR;ERR;ERR;ERR
3617;0.01;True;0.23;False;0.01;False;ERR;ERR;ERR;ERR;ERR;ERR;ERR;ERR;ERR;ERR
3618;0.01;True;0.02;False;0.01;False;ERR;ERR;ERR;ERR;ERR;ERR;ERR;ERR;ERR;ERR
3619;0.02;True;0.01;False;0.02;False;ERR;ERR;ERR;ERR;ERR;ERR;ERR;ERR;ERR;ERR
3620;0.02;True;0.01;False;0.01;False;ERR;ERR;ERR;ERR;ERR;ERR;ERR;ERR;ERR;ERR
3621;0.02;True;0.01;False;0.02;False;ERR;ERR;ERR;ERR;ERR;ERR;ERR;ERR;ERR;ERR
3622;0.01;True;0.01;False;0.01;False;12.34;False;0.5896421200000006;0.06;False;ERR;ERR;0.04;False;ERR
3623;0.02;True;0.24;False;0.01;False;ERR;ERR;ERR;ERR;ERR;ERR;ERR;ERR;ERR;ERR
3624;0.01;True;0.01;False;0.02;False;ERR;ERR;ERR;ERR;ERR;ERR;ERR;ERR;ERR;ERR
3625;0.01;True;0.01;False;0.02;False;ERR;ERR;ERR;ERR;ERR;ERR;ERR;ERR;ERR;ERR
3626;0.02;True;0.01;False;0.0;False;16.03;False;0.9480051879999998;ERR;ERR;ERR;ERR;ERR;ERR;ERR
3627;0.01;True;0.0;False;0.02;False;ERR;ERR;ERR;ERR;ERR;ERR;ERR;ERR;ERR;ERR
3628;0.01;True;26.82;False;0.02;False;ERR;ERR;ERR;ERR;ERR;ERR;ERR;ERR;ERR;ERR
3629;0.02;True;0.01;False;0.01;False;ERR;ERR;ERR;ERR;ERR;ERR;ERR;ERR;ERR;ERR
3630;0.01;True;2.34;False;0.09;False;ERR;ERR;ERR;ERR;ERR;ERR;ERR;ERR;ERR;ERR
3631;0.02;True;0.02;False;0.02;False;ERR;ERR;ERR;ERR;ERR;ERR;ERR;ERR;ERR;ERR
3632;0.01;True;0.02;False;0.01;False;ERR;ERR;ERR;ERR;ERR;ERR;ERR;ERR;ERR;ERR
3633;0.01;True;0.01;False;0.02;False;ERR;ERR;ERR;ERR;ERR;ERR;ERR;ERR;ERR;ERR
3634;0.01;True;0.01;False;0.02;False;15.53;False;0.6866392660000002;ERR;ERR;ERR;ERR;ERR;ERR;ERR
3635;0.01;True;0.02;False;0.0;False;15.03;False;0.9389195790000002;ERR;ERR;ERR;ERR;ERR;ERR;ERR
3636;0.01;True;0.16;False;0.05;False;ERR;ERR;ERR;ERR;ERR;ERR;ERR;ERR;ERR;ERR
3637;0.0;True;0.19;False;0.08;False;ERR;ERR;ERR;ERR;ERR;ERR;ERR;ERR;ERR;ERR
3638;0.01;True;0.0;False;0.01;False;15.45;False;0.9860658860000004;ERR;ERR;ERR;ERR;ERR;ERR;ERR
3639;0.02;True;0.01;False;0.01;False;ERR;ERR;ERR;ERR;ERR;ERR;ERR;ERR;ERR;ERR
3640;0.01;True;0.0;False;0.01;False;5.25;False;0.825482805;ERR;ERR;ERR;ERR;ERR;ERR;ERR
3641;0.01;True;0.0;False;0.02;False;5.15;False;0.8187562489999998;ERR;ERR;ERR;ERR;ERR;ERR;ERR
3642;0.02;True;0.01;False;0.0;False;5.16;False;0.8113852619999999;ERR;ERR;ERR;ERR;ERR;ERR;ERR
3643;0.01;True;0.0;False;0.01;False;5.19;False;0.829089368;ERR;ERR;ERR;ERR;ERR;ERR;ERR
3644;0.01;True;0.02;False;0.01;False;5.43;False;0.8844916139999999;ERR;ERR;ERR;ERR;ERR;ERR;ERR
3645;0.01;True;0.01;False;0.01;False;5.16;False;0.8320379520000003;ERR;ERR;ERR;ERR;ERR;ERR;ERR
3646;0.02;True;0.01;False;0.02;False;5.28;False;0.822783212;ERR;ERR;ERR;ERR;ERR;ERR;ERR
3647;0.01;True;0.01;False;0.0;False;5.19;False;0.7969799169999998;ERR;ERR;ERR;ERR;ERR;ERR;ERR
3648;0.01;True;0.01;False;0.0;False;5.18;False;0.8219158110000002;ERR;ERR;ERR;ERR;ERR;ERR;ERR
3649;0.01;True;0.02;False;0.01;False;5.06;False;0.8179292480000004;ERR;ERR;ERR;ERR;ERR;ERR;ERR
3650;0.01;True;0.01;False;0.01;False;5.19;False;0.8547463440000005;ERR;ERR;ERR;ERR;ERR;ERR;ERR
3651;0.01;True;0.0;False;0.02;False;5.22;False;0.8177020170000002;ERR;ERR;ERR;ERR;ERR;ERR;ERR
3652;0.02;True;0.01;False;0.01;False;5.28;False;0.8299501400000002;ERR;ERR;ERR;ERR;ERR;ERR;ERR
3653;0.02;True;0.01;False;0.0;False;5.32;False;0.8430569430000001;ERR;ERR;ERR;ERR;ERR;ERR;ERR
3654;0.02;True;0.01;False;0.0;False;5.11;False;0.851175891;ERR;ERR;ERR;ERR;ERR;ERR;ERR
3655;0.01;True;0.01;False;0.02;False;5.18;False;0.8518696010000002;ERR;ERR;ERR;ERR;ERR;ERR;ERR
3656;0.02;True;0.01;False;0.01;False;5.37;False;0.8324077819999998;ERR;ERR;ERR;ERR;ERR;ERR;ERR
3657;0.01;True;0.01;False;0.02;False;5.29;False;0.8157894749999999;ERR;ERR;ERR;ERR;ERR;ERR;ERR
3658;0.01;True;0.01;False;0.01;False;5.25;False;0.8120202809999997;ERR;ERR;ERR;ERR;ERR;ERR;ERR
3659;0.01;True;0.01;False;0.01;False;5.2;False;0.8129491130000002;ERR;ERR;ERR;ERR;ERR;ERR;ERR
3660;0.01;True;0.01;False;0.01;False;5.15;False;0.8559330760000003;ERR;ERR;ERR;ERR;ERR;ERR;ERR
3661;0.02;True;0.01;False;0.01;False;5.25;False;0.8346038850000004;ERR;ERR;ERR;ERR;ERR;ERR;ERR
3662;0.01;True;0.01;False;0.01;False;5.28;False;0.8374823870000005;ERR;ERR;ERR;ERR;ERR;ERR;ERR
3663;0.02;True;0.01;False;0.0;False;5.2;False;0.8174901769999998;ERR;ERR;ERR;ERR;ERR;ERR;ERR
3664;0.02;True;0.01;False;0.01;False;5.59;False;1.0579655779999992;ERR;ERR;ERR;ERR;ERR;ERR;ERR
3665;0.02;True;0.01;False;0.01;False;5.38;False;0.8114398020000007;ERR;ERR;ERR;ERR;ERR;ERR;ERR
3666;0.01;True;0.01;False;0.01;False;5.15;False;0.816336416;ERR;ERR;ERR;ERR;ERR;ERR;ERR
3667;0.01;True;0.0;False;0.01;False;5.2;False;0.8237767839999997;ERR;ERR;ERR;ERR;ERR;ERR;ERR
3668;0.01;True;0.01;False;0.0;False;5.21;False;0.8173966170000004;ERR;ERR;ERR;ERR;ERR;ERR;ERR
3669;0.01;True;0.01;False;0.01;False;5.27;False;0.8330667729999996;ERR;ERR;ERR;ERR;ERR;ERR;ERR
3670;0.01;True;0.01;False;0.01;False;5.18;False;0.8480110870000002;ERR;ERR;ERR;ERR;ERR;ERR;ERR
3671;0.02;True;0.0;False;0.01;False;5.28;False;0.8213099609999999;ERR;ERR;ERR;ERR;ERR;ERR;ERR
3672;0.02;True;0.01;False;0.0;False;5.32;False;0.8388528969999998;ERR;ERR;ERR;ERR;ERR;ERR;ERR
3673;0.01;True;0.02;False;0.01;False;14.86;False;0.6204109400000011;ERR;ERR;ERR;ERR;ERR;ERR;ERR
3674;0.01;True;0.01;False;0.01;False;5.42;False;0.839864349;ERR;ERR;ERR;ERR;ERR;ERR;ERR
3675;0.01;True;0.01;False;0.01;False;5.23;False;0.8518009419999997;ERR;ERR;ERR;ERR;ERR;ERR;ERR
3676;0.01;True;0.01;False;0.01;False;5.33;False;0.8375702170000006;ERR;ERR;ERR;ERR;ERR;ERR;ERR
3677;0.0;True;0.01;False;0.01;False;5.12;False;0.8581930679999998;ERR;ERR;ERR;ERR;ERR;ERR;ERR
3678;0.02;True;0.01;False;0.0;False;5.31;False;0.847765978;ERR;ERR;ERR;ERR;ERR;ERR;ERR
3679;0.01;True;0.01;False;0.01;False;5.1;False;0.8138583530000001;ERR;ERR;ERR;ERR;ERR;ERR;ERR
3680;0.02;True;0.01;False;0.01;False;5.07;False;0.8131992619999999;ERR;ERR;ERR;ERR;ERR;ERR;ERR
3681;0.01;True;0.01;False;0.02;False;5.25;False;0.8350495349999996;ERR;ERR;ERR;ERR;ERR;ERR;ERR
3682;0.01;True;0.02;False;0.01;False;5.24;False;0.8437920139999999;ERR;ERR;ERR;ERR;ERR;ERR;ERR
3683;0.02;True;0.01;False;0.01;False;14.86;False;0.4886490290000012;ERR;ERR;ERR;ERR;ERR;ERR;ERR
3684;0.01;True;4.55;False;0.16;False;ERR;ERR;ERR;ERR;ERR;ERR;ERR;ERR;ERR;ERR
3685;0.01;True;0.01;False;0.0;False;ERR;ERR;ERR;ERR;ERR;ERR;ERR;ERR;ERR;ERR
3686;0.01;True;0.0;False;0.01;False;ERR;ERR;ERR;ERR;ERR;ERR;ERR;ERR;ERR;ERR
3687;0.02;True;0.01;False;0.01;False;ERR;ERR;ERR;ERR;ERR;ERR;ERR;ERR;ERR;ERR
3688;0.01;True;0.01;False;0.01;False;15.39;False;0.967531537000001;ERR;ERR;ERR;ERR;ERR;ERR;ERR
3689;0.0;True;4.55;False;0.17;False;ERR;ERR;ERR;ERR;ERR;ERR;ERR;ERR;ERR;ERR
3690;0.01;True;0.14;False;0.01;False;15.58;False;0.9365869569999994;ERR;ERR;ERR;ERR;ERR;ERR;ERR
3691;0.01;True;0.12;False;0.01;False;14.71;False;0.9014493609999992;ERR;ERR;ERR;ERR;ERR;ERR;ERR
3692;0.02;True;0.0;False;0.02;False;14.67;False;0.5798430289999992;ERR;ERR;ERR;ERR;ERR;ERR;ERR
3693;0.02;True;0.01;False;0.01;False;15.66;False;0.6732866830000006;ERR;ERR;ERR;ERR;ERR;ERR;ERR
3694;0.02;True;0.01;False;0.01;False;ERR;ERR;ERR;ERR;ERR;ERR;ERR;ERR;ERR;ERR
3695;0.01;True;0.01;False;0.02;False;ERR;ERR;ERR;ERR;ERR;ERR;ERR;ERR;ERR;ERR
3696;0.01;True;0.01;False;0.01;False;ERR;ERR;ERR;ERR;ERR;ERR;ERR;ERR;ERR;ERR
3697;0.01;True;0.01;False;0.01;False;TO;TO;TO;ERR;ERR;ERR;ERR;ERR;ERR;ERR
3698;0.01;True;0.22;False;0.09;False;ERR;ERR;ERR;ERR;ERR;ERR;ERR;ERR;ERR;ERR
3699;0.01;True;0.26;False;0.01;False;ERR;ERR;ERR;ERR;ERR;ERR;ERR;ERR;ERR;ERR
3700;0.02;True;0.0;False;0.01;False;ERR;ERR;ERR;ERR;ERR;ERR;ERR;ERR;ERR;ERR
3701;0.03;True;2.25;False;0.01;False;ERR;ERR;ERR;ERR;ERR;ERR;ERR;ERR;ERR;ERR
3702;0.02;True;0.01;False;0.01;False;ERR;ERR;ERR;ERR;ERR;ERR;ERR;ERR;ERR;ERR
3703;0.01;True;0.67;False;1.79;False;ERR;ERR;ERR;ERR;ERR;ERR;ERR;ERR;ERR;ERR
3704;0.01;True;0.01;False;0.01;False;ERR;ERR;ERR;ERR;ERR;ERR;ERR;ERR;ERR;ERR
3705;0.01;True;0.24;False;0.01;False;ERR;ERR;ERR;ERR;ERR;ERR;ERR;ERR;ERR;ERR
3706;0.01;True;0.01;False;0.01;False;ERR;ERR;ERR;ERR;ERR;ERR;ERR;ERR;ERR;ERR
3707;0.01;True;0.66;False;1.52;False;ERR;ERR;ERR;ERR;ERR;ERR;ERR;ERR;ERR;ERR
3708;0.01;True;0.01;False;0.01;False;ERR;ERR;ERR;ERR;ERR;ERR;ERR;ERR;ERR;ERR
3709;0.01;True;0.19;False;0.09;False;ERR;ERR;ERR;ERR;ERR;ERR;ERR;ERR;ERR;ERR
3710;0.01;True;3.62;False;0.17;False;ERR;ERR;ERR;ERR;ERR;ERR;ERR;ERR;ERR;ERR
3711;0.01;True;0.01;False;0.01;False;ERR;ERR;ERR;ERR;ERR;ERR;ERR;ERR;ERR;ERR
3712;0.01;True;0.29;False;0.02;False;ERR;ERR;ERR;ERR;ERR;ERR;ERR;ERR;ERR;ERR
3713;0.02;True;0.01;False;0.01;False;ERR;ERR;ERR;ERR;ERR;ERR;ERR;ERR;ERR;ERR
3714;0.01;True;28.1;False;0.01;False;ERR;ERR;ERR;ERR;ERR;ERR;ERR;ERR;ERR;ERR
3715;0.02;True;0.01;False;0.01;False;16.92;False;0.9441810240000006;ERR;ERR;ERR;ERR;ERR;ERR;ERR
3716;0.02;True;0.01;False;0.01;False;ERR;ERR;ERR;ERR;ERR;ERR;ERR;ERR;ERR;ERR
3717;0.01;True;2.46;False;0.0;False;ERR;ERR;ERR;ERR;ERR;ERR;ERR;ERR;ERR;ERR
3718;0.0;True;0.01;False;0.02;False;ERR;ERR;ERR;ERR;ERR;ERR;ERR;ERR;ERR;ERR
3719;0.02;True;0.24;False;0.02;False;ERR;ERR;ERR;ERR;ERR;ERR;ERR;ERR;ERR;ERR
3720;0.02;True;0.02;False;0.01;False;ERR;ERR;ERR;ERR;ERR;ERR;ERR;ERR;ERR;ERR
3721;0.01;True;0.01;False;0.01;False;ERR;ERR;ERR;ERR;ERR;ERR;ERR;ERR;ERR;ERR
3722;0.02;True;0.01;False;0.01;False;ERR;ERR;ERR;ERR;ERR;ERR;ERR;ERR;ERR;ERR
3723;0.01;True;0.02;False;0.02;False;ERR;ERR;ERR;ERR;ERR;ERR;ERR;ERR;ERR;ERR
3724;0.01;True;0.0;False;0.01;False;ERR;ERR;ERR;ERR;ERR;ERR;ERR;ERR;ERR;ERR
3725;0.01;True;0.23;False;0.01;False;ERR;ERR;ERR;ERR;ERR;ERR;ERR;ERR;ERR;ERR
3726;0.01;True;4.02;False;0.17;False;ERR;ERR;ERR;ERR;ERR;ERR;ERR;ERR;ERR;ERR
3727;0.01;True;0.18;False;0.1;False;ERR;ERR;ERR;ERR;ERR;ERR;ERR;ERR;ERR;ERR
3728;0.01;True;0.01;False;0.01;False;ERR;ERR;ERR;ERR;ERR;ERR;ERR;ERR;ERR;ERR
3729;0.02;True;7.99;False;0.01;False;ERR;ERR;ERR;ERR;ERR;ERR;ERR;ERR;ERR;ERR
3730;0.01;True;0.02;False;0.01;False;ERR;ERR;ERR;ERR;ERR;ERR;ERR;ERR;ERR;ERR
3731;0.01;True;0.39;False;0.94;False;ERR;ERR;ERR;ERR;ERR;ERR;ERR;ERR;ERR;ERR
3732;0.01;True;0.74;False;0.01;False;ERR;ERR;ERR;ERR;ERR;ERR;ERR;ERR;ERR;ERR
3733;0.02;True;0.02;False;0.01;False;ERR;ERR;ERR;ERR;ERR;ERR;ERR;ERR;ERR;ERR
3734;0.01;True;0.01;False;0.01;False;ERR;ERR;ERR;ERR;ERR;ERR;ERR;ERR;ERR;ERR
3735;0.02;True;0.19;False;0.1;False;ERR;ERR;ERR;ERR;ERR;ERR;ERR;ERR;ERR;ERR
3736;0.01;True;0.01;False;0.01;False;ERR;ERR;ERR;ERR;ERR;ERR;ERR;ERR;ERR;ERR
3737;0.02;True;3.52;False;0.18;False;ERR;ERR;ERR;ERR;ERR;ERR;ERR;ERR;ERR;ERR
3738;0.01;True;0.02;False;0.02;False;15.44;False;0.928260538;ERR;ERR;ERR;ERR;ERR;ERR;ERR
3739;0.01;True;0.01;False;0.01;False;15.48;False;0.9615235320000011;ERR;ERR;ERR;ERR;ERR;ERR;ERR
3740;0.01;True;0.01;False;0.02;False;16.32;False;0.951169621;ERR;ERR;ERR;ERR;ERR;ERR;ERR
3741;0.01;True;0.01;False;0.01;False;15.65;False;0.9495134089999997;ERR;ERR;ERR;ERR;ERR;ERR;ERR
3742;0.02;True;0.02;False;0.02;False;15.5;False;0.9361081260000006;ERR;ERR;ERR;ERR;ERR;ERR;ERR
3743;0.01;True;0.0;False;0.01;False;15.63;False;1.001719241;ERR;ERR;ERR;ERR;ERR;ERR;ERR
3744;0.01;True;0.01;False;0.01;False;ERR;ERR;ERR;ERR;ERR;ERR;ERR;ERR;ERR;ERR
3745;0.01;True;4.54;False;0.21;False;ERR;ERR;ERR;ERR;ERR;ERR;ERR;ERR;ERR;ERR
3746;0.02;True;0.02;False;0.0;False;ERR;ERR;ERR;ERR;ERR;ERR;ERR;ERR;ERR;ERR
3747;0.02;True;0.25;False;0.08;False;ERR;ERR;ERR;ERR;ERR;ERR;ERR;ERR;ERR;ERR
3748;0.02;True;0.03;False;0.01;False;TO;TO;TO;ERR;ERR;ERR;ERR;ERR;ERR;ERR
3749;0.01;True;0.23;False;0.01;False;ERR;ERR;ERR;ERR;ERR;ERR;ERR;ERR;ERR;ERR
3750;0.02;True;0.01;False;0.01;False;ERR;ERR;ERR;ERR;ERR;ERR;ERR;ERR;ERR;ERR
3751;0.01;True;33.64;False;0.01;False;ERR;ERR;ERR;ERR;ERR;ERR;ERR;ERR;ERR;ERR
3752;0.01;True;0.24;False;0.01;False;ERR;ERR;ERR;ERR;ERR;ERR;ERR;ERR;ERR;ERR
3753;0.01;True;0.2;False;0.07;False;ERR;ERR;ERR;ERR;ERR;ERR;ERR;ERR;ERR;ERR
3754;0.01;True;0.19;False;0.08;False;ERR;ERR;ERR;ERR;ERR;ERR;ERR;ERR;ERR;ERR
3755;0.01;True;0.01;False;0.0;False;ERR;ERR;ERR;ERR;ERR;ERR;ERR;ERR;ERR;ERR
3756;0.02;True;0.25;False;0.1;False;ERR;ERR;ERR;ERR;ERR;ERR;ERR;ERR;ERR;ERR
3757;0.01;True;0.13;False;0.01;False;15.37;False;0.9071190169999994;ERR;ERR;ERR;ERR;ERR;ERR;ERR
3758;0.01;True;0.21;False;0.09;False;ERR;ERR;ERR;ERR;ERR;ERR;ERR;ERR;ERR;ERR
3759;0.01;True;0.0;False;0.01;False;ERR;ERR;ERR;ERR;ERR;ERR;ERR;ERR;ERR;ERR
3760;0.02;True;0.21;False;0.08;False;ERR;ERR;ERR;ERR;ERR;ERR;ERR;ERR;ERR;ERR
3761;0.01;True;0.02;False;0.01;False;ERR;ERR;ERR;ERR;ERR;ERR;ERR;ERR;ERR;ERR
3762;0.01;True;0.02;False;0.01;False;ERR;ERR;ERR;ERR;ERR;ERR;ERR;ERR;ERR;ERR
3763;0.01;True;0.32;False;0.09;False;ERR;ERR;ERR;ERR;ERR;ERR;ERR;ERR;ERR;ERR
3764;0.02;True;0.01;False;0.02;False;ERR;ERR;ERR;ERR;ERR;ERR;ERR;ERR;ERR;ERR
3765;0.02;True;33.33;False;0.02;False;ERR;ERR;ERR;ERR;ERR;ERR;ERR;ERR;ERR;ERR
3766;0.01;True;0.01;False;0.01;False;ERR;ERR;ERR;ERR;ERR;ERR;ERR;ERR;ERR;ERR
3767;0.02;True;0.35;False;0.79;False;ERR;ERR;ERR;ERR;ERR;ERR;ERR;ERR;ERR;ERR
3768;0.01;True;0.2;False;0.09;False;ERR;ERR;ERR;ERR;ERR;ERR;ERR;ERR;ERR;ERR
3769;0.01;True;0.23;False;0.01;False;ERR;ERR;ERR;ERR;ERR;ERR;ERR;ERR;ERR;ERR
3770;0.01;True;0.0;False;0.01;False;ERR;ERR;ERR;ERR;ERR;ERR;ERR;ERR;ERR;ERR
3771;0.01;True;0.02;False;0.01;False;ERR;ERR;ERR;ERR;ERR;ERR;ERR;ERR;ERR;ERR
3772;0.01;True;0.17;False;0.05;False;ERR;ERR;ERR;ERR;ERR;ERR;ERR;ERR;ERR;ERR
3773;0.02;True;0.01;False;0.01;False;ERR;ERR;ERR;ERR;ERR;ERR;ERR;ERR;ERR;ERR
3774;0.0;True;0.01;False;0.01;False;ERR;ERR;ERR;ERR;ERR;ERR;ERR;ERR;ERR;ERR
3775;0.01;True;3.75;False;0.18;False;ERR;ERR;ERR;ERR;ERR;ERR;ERR;ERR;ERR;ERR
3776;0.01;True;0.24;False;0.01;False;ERR;ERR;ERR;ERR;ERR;ERR;ERR;ERR;ERR;ERR
3777;0.02;True;0.01;False;0.01;False;ERR;ERR;ERR;ERR;ERR;ERR;ERR;ERR;ERR;ERR
3778;0.01;True;0.25;False;0.01;False;ERR;ERR;ERR;ERR;ERR;ERR;ERR;ERR;ERR;ERR
3779;0.01;True;0.19;False;0.12;False;ERR;ERR;ERR;ERR;ERR;ERR;ERR;ERR;ERR;ERR
3780;0.01;True;0.2;False;0.09;False;ERR;ERR;ERR;ERR;ERR;ERR;ERR;ERR;ERR;ERR
3781;0.02;True;25.29;False;0.01;False;ERR;ERR;ERR;ERR;ERR;ERR;ERR;ERR;ERR;ERR
3782;0.0;True;0.23;False;0.01;False;ERR;ERR;ERR;ERR;ERR;ERR;ERR;ERR;ERR;ERR
3783;0.01;True;0.2;False;0.09;False;ERR;ERR;ERR;ERR;ERR;ERR;ERR;ERR;ERR;ERR
3784;0.01;True;0.01;False;0.01;False;ERR;ERR;ERR;ERR;ERR;ERR;ERR;ERR;ERR;ERR
3785;0.01;True;0.2;False;0.06;False;ERR;ERR;ERR;ERR;ERR;ERR;ERR;ERR;ERR;ERR
3786;0.02;True;0.15;False;0.06;False;ERR;ERR;ERR;ERR;ERR;ERR;ERR;ERR;ERR;ERR
3787;0.02;True;0.02;False;0.01;False;ERR;ERR;ERR;ERR;ERR;ERR;ERR;ERR;ERR;ERR
3788;0.02;True;0.01;False;0.01;False;TO;TO;TO;ERR;ERR;ERR;ERR;ERR;ERR;ERR
3789;0.01;True;0.01;False;0.02;False;15.4;False;0.992377513000001;ERR;ERR;ERR;ERR;ERR;ERR;ERR
3790;0.02;True;33.63;False;0.01;False;ERR;ERR;ERR;ERR;ERR;ERR;ERR;ERR;ERR;ERR
3791;0.01;True;0.02;False;0.01;False;15.45;False;0.954305154;ERR;ERR;ERR;ERR;ERR;ERR;ERR
3792;0.01;True;0.2;False;0.06;False;ERR;ERR;ERR;ERR;ERR;ERR;ERR;ERR;ERR;ERR
3793;0.02;True;0.02;False;0.0;False;ERR;ERR;ERR;ERR;ERR;ERR;ERR;ERR;ERR;ERR
3794;0.01;True;0.19;False;0.11;False;ERR;ERR;ERR;ERR;ERR;ERR;ERR;ERR;ERR;ERR
3795;0.01;True;3.57;False;0.18;False;ERR;ERR;ERR;ERR;ERR;ERR;ERR;ERR;ERR;ERR
3796;0.0;True;6.49;False;0.0;False;ERR;ERR;ERR;ERR;ERR;ERR;ERR;ERR;ERR;ERR
3797;0.02;True;0.01;False;0.01;False;ERR;ERR;ERR;ERR;ERR;ERR;ERR;ERR;ERR;ERR
3798;0.02;True;33.23;False;0.01;False;ERR;ERR;ERR;ERR;ERR;ERR;ERR;ERR;ERR;ERR
3799;0.01;True;0.43;False;0.01;False;ERR;ERR;ERR;ERR;ERR;ERR;ERR;ERR;ERR;ERR
3800;0.01;True;3.56;False;0.17;False;ERR;ERR;ERR;ERR;ERR;ERR;ERR;ERR;ERR;ERR
3801;0.01;True;0.18;False;0.1;False;ERR;ERR;ERR;ERR;ERR;ERR;ERR;ERR;ERR;ERR
3802;0.01;True;4.67;False;0.17;False;ERR;ERR;ERR;ERR;ERR;ERR;ERR;ERR;ERR;ERR
3803;0.01;True;0.2;False;0.08;False;ERR;ERR;ERR;ERR;ERR;ERR;ERR;ERR;ERR;ERR
3804;0.01;True;0.02;False;0.0;False;ERR;ERR;ERR;ERR;ERR;ERR;ERR;ERR;ERR;ERR
3805;0.0;True;0.01;False;0.01;False;ERR;ERR;ERR;ERR;ERR;ERR;ERR;ERR;ERR;ERR
3806;0.01;True;0.02;False;0.01;False;ERR;ERR;ERR;ERR;ERR;ERR;ERR;ERR;ERR;ERR
3807;0.01;True;0.01;False;0.01;False;ERR;ERR;ERR;ERR;ERR;ERR;ERR;ERR;ERR;ERR
3808;0.0;True;0.17;False;0.07;False;ERR;ERR;ERR;ERR;ERR;ERR;ERR;ERR;ERR;ERR
3809;0.03;True;0.01;False;0.01;False;14.97;False;0.7474813569999998;ERR;ERR;ERR;ERR;ERR;ERR;ERR
3810;0.02;True;0.02;False;0.02;False;15.16;False;0.6821907819999993;ERR;ERR;ERR;ERR;ERR;ERR;ERR
3811;0.01;True;4.54;False;0.18;False;ERR;ERR;ERR;ERR;ERR;ERR;ERR;ERR;ERR;ERR
3812;0.01;True;0.19;False;0.11;False;ERR;ERR;ERR;ERR;ERR;ERR;ERR;ERR;ERR;ERR
3813;0.01;True;0.01;False;0.01;False;14.97;False;0.4987767190000003;ERR;ERR;ERR;ERR;ERR;ERR;ERR
3814;0.01;True;0.2;False;0.08;False;ERR;ERR;ERR;ERR;ERR;ERR;ERR;ERR;ERR;ERR
3815;0.0;True;0.0;False;0.01;False;15.53;False;0.999471539;ERR;ERR;ERR;ERR;ERR;ERR;ERR
3816;0.01;True;0.01;False;0.01;False;15.29;False;1.0113229910000001;ERR;ERR;ERR;ERR;ERR;ERR;ERR
3817;0.01;True;0.01;False;0.0;False;ERR;ERR;ERR;ERR;ERR;ERR;ERR;ERR;ERR;ERR
3818;0.02;True;0.01;False;0.01;False;ERR;ERR;ERR;ERR;ERR;ERR;ERR;ERR;ERR;ERR
3819;0.01;True;0.01;False;0.01;False;14.65;False;0.5713474410000003;ERR;ERR;ERR;ERR;ERR;ERR;ERR
3820;0.02;True;0.01;False;0.02;False;15.22;False;0.9457506860000002;ERR;ERR;ERR;ERR;ERR;ERR;ERR
3821;0.02;True;0.01;False;0.01;False;ERR;ERR;ERR;ERR;ERR;ERR;ERR;ERR;ERR;ERR
3822;0.02;True;0.01;False;0.02;False;ERR;ERR;ERR;ERR;ERR;ERR;ERR;ERR;ERR;ERR
3823;0.02;True;0.01;False;0.01;False;ERR;ERR;ERR;ERR;ERR;ERR;ERR;ERR;ERR;ERR
3824;0.01;True;0.01;False;0.01;False;ERR;ERR;ERR;ERR;ERR;ERR;ERR;ERR;ERR;ERR
3825;0.01;True;0.01;False;0.02;False;15.84;False;0.9700605399999986;ERR;ERR;ERR;ERR;ERR;ERR;ERR
3826;0.01;True;0.02;False;0.01;False;15.29;False;0.6242560050000012;ERR;ERR;ERR;ERR;ERR;ERR;ERR
3827;0.02;True;0.01;False;0.0;False;15.09;False;0.9611274909999992;ERR;ERR;ERR;ERR;ERR;ERR;ERR
3828;0.01;True;8.07;False;0.01;False;ERR;ERR;ERR;ERR;ERR;ERR;ERR;ERR;ERR;ERR
3829;0.01;True;0.19;False;0.08;False;ERR;ERR;ERR;ERR;ERR;ERR;ERR;ERR;ERR;ERR
3830;0.01;True;6.24;False;0.01;False;ERR;ERR;ERR;ERR;ERR;ERR;ERR;ERR;ERR;ERR
3831;0.01;True;0.01;False;0.01;False;ERR;ERR;ERR;ERR;ERR;ERR;ERR;ERR;ERR;ERR
3832;0.01;True;0.2;False;0.08;False;ERR;ERR;ERR;ERR;ERR;ERR;ERR;ERR;ERR;ERR
3833;0.01;True;0.18;False;0.07;False;ERR;ERR;ERR;ERR;ERR;ERR;ERR;ERR;ERR;ERR
3834;0.01;True;0.01;False;0.01;False;ERR;ERR;ERR;ERR;ERR;ERR;ERR;ERR;ERR;ERR
3835;0.01;True;0.19;False;0.1;False;ERR;ERR;ERR;ERR;ERR;ERR;ERR;ERR;ERR;ERR
3836;0.01;True;0.01;False;0.02;False;ERR;ERR;ERR;ERR;ERR;ERR;ERR;ERR;ERR;ERR
3837;0.02;True;0.01;False;0.01;False;ERR;ERR;ERR;ERR;ERR;ERR;ERR;ERR;ERR;ERR
3838;0.01;True;0.28;False;0.01;False;ERR;ERR;ERR;ERR;ERR;ERR;ERR;ERR;ERR;ERR
3839;0.01;True;0.2;False;0.07;False;ERR;ERR;ERR;ERR;ERR;ERR;ERR;ERR;ERR;ERR
3840;0.01;True;0.23;False;0.01;False;TO;TO;TO;ERR;ERR;ERR;ERR;ERR;ERR;ERR
3841;0.01;True;0.16;False;0.09;False;ERR;ERR;ERR;ERR;ERR;ERR;ERR;ERR;ERR;ERR
3842;0.01;True;0.74;False;1.97;False;ERR;ERR;ERR;ERR;ERR;ERR;ERR;ERR;ERR;ERR
3843;0.01;True;0.12;False;0.08;False;ERR;ERR;ERR;ERR;ERR;ERR;ERR;ERR;ERR;ERR
3844;0.01;True;0.0;False;0.02;False;ERR;ERR;ERR;ERR;ERR;ERR;ERR;ERR;ERR;ERR
3845;0.01;True;0.2;False;0.07;False;ERR;ERR;ERR;ERR;ERR;ERR;ERR;ERR;ERR;ERR
3846;0.01;True;0.12;False;0.09;False;ERR;ERR;ERR;ERR;ERR;ERR;ERR;ERR;ERR;ERR
3847;0.01;True;0.01;False;0.01;False;ERR;ERR;ERR;ERR;ERR;ERR;ERR;ERR;ERR;ERR
3848;0.01;True;TO;TO;0.02;False;ERR;ERR;ERR;ERR;ERR;ERR;ERR;ERR;ERR;ERR
3849;0.02;True;0.01;False;0.01;False;ERR;ERR;ERR;ERR;ERR;ERR;ERR;ERR;ERR;ERR
3850;0.02;True;0.01;False;0.01;False;ERR;ERR;ERR;ERR;ERR;ERR;ERR;ERR;ERR;ERR
3851;0.01;True;0.17;False;0.08;False;ERR;ERR;ERR;ERR;ERR;ERR;ERR;ERR;ERR;ERR
3852;0.01;True;0.2;False;0.06;False;ERR;ERR;ERR;ERR;ERR;ERR;ERR;ERR;ERR;ERR
3853;0.01;True;0.0;False;0.01;False;16.61;False;0.9473806570000001;ERR;ERR;ERR;ERR;ERR;ERR;ERR
3854;0.02;True;0.24;False;0.01;False;ERR;ERR;ERR;ERR;ERR;ERR;ERR;ERR;ERR;ERR
3855;0.01;True;0.01;False;0.02;False;ERR;ERR;ERR;ERR;ERR;ERR;ERR;ERR;ERR;ERR
3856;0.01;True;1.16;False;0.0;False;ERR;ERR;ERR;ERR;ERR;ERR;ERR;ERR;ERR;ERR
3857;0.02;True;0.01;False;0.01;False;ERR;ERR;ERR;ERR;ERR;ERR;ERR;ERR;ERR;ERR
3858;0.02;True;0.12;False;0.05;False;ERR;ERR;ERR;ERR;ERR;ERR;ERR;ERR;ERR;ERR
3859;0.01;True;0.5;False;1.29;False;ERR;ERR;ERR;ERR;ERR;ERR;ERR;ERR;ERR;ERR
3860;0.01;True;0.02;False;0.0;False;ERR;ERR;ERR;ERR;ERR;ERR;ERR;ERR;ERR;ERR
3861;0.02;True;0.0;False;0.01;False;ERR;ERR;ERR;0.06;False;0.03;False;0.04;False;ERR
3862;0.01;True;0.01;False;0.01;False;ERR;ERR;ERR;ERR;ERR;ERR;ERR;ERR;ERR;ERR
3863;0.01;True;0.01;False;0.01;False;ERR;ERR;ERR;ERR;ERR;ERR;ERR;ERR;ERR;ERR
3864;0.02;True;0.01;False;0.01;False;ERR;ERR;ERR;ERR;ERR;ERR;ERR;ERR;ERR;ERR
3865;0.02;True;0.19;False;0.1;False;ERR;ERR;ERR;ERR;ERR;ERR;ERR;ERR;ERR;ERR
3866;0.0;True;0.4;False;0.01;False;ERR;ERR;ERR;ERR;ERR;ERR;ERR;ERR;ERR;ERR
3867;0.01;True;0.21;False;0.1;False;ERR;ERR;ERR;ERR;ERR;ERR;ERR;ERR;ERR;ERR
3868;0.01;True;0.01;False;0.02;False;ERR;ERR;ERR;ERR;ERR;ERR;ERR;ERR;ERR;ERR
3869;0.01;True;31.01;False;0.01;False;TO;TO;TO;ERR;ERR;ERR;ERR;ERR;ERR;ERR
3870;0.01;True;0.01;False;0.01;False;ERR;ERR;ERR;ERR;ERR;ERR;ERR;ERR;ERR;ERR
3871;0.0;True;0.01;False;0.01;False;16.72;False;0.9429213120000011;ERR;ERR;ERR;ERR;ERR;ERR;ERR
3872;0.01;True;0.22;False;0.06;False;ERR;ERR;ERR;ERR;ERR;ERR;ERR;ERR;ERR;ERR
3873;0.01;True;0.16;False;0.07;False;ERR;ERR;ERR;ERR;ERR;ERR;ERR;ERR;ERR;ERR
3874;0.01;True;0.01;False;0.01;False;ERR;ERR;ERR;ERR;ERR;ERR;ERR;ERR;ERR;ERR
3875;0.0;True;TO;TO;0.01;False;ERR;ERR;ERR;ERR;ERR;ERR;ERR;ERR;ERR;ERR
3876;0.02;True;0.02;False;0.01;False;ERR;ERR;ERR;ERR;ERR;ERR;ERR;ERR;ERR;ERR
3877;0.01;True;0.12;False;0.01;False;17.0;False;0.9109282109999999;ERR;ERR;ERR;ERR;ERR;ERR;ERR
3878;0.01;True;0.12;False;0.01;False;16.43;False;0.9104476999999989;ERR;ERR;ERR;ERR;ERR;ERR;ERR
3879;0.01;True;0.02;False;0.02;False;ERR;ERR;ERR;ERR;ERR;ERR;ERR;ERR;ERR;ERR
3880;0.01;True;0.0;False;0.0;False;16.78;False;0.9539722840000007;ERR;ERR;ERR;ERR;ERR;ERR;ERR
3881;0.01;True;0.18;False;0.07;False;ERR;ERR;ERR;ERR;ERR;ERR;ERR;ERR;ERR;ERR
3882;0.02;True;0.0;False;0.0;False;17.03;False;0.9629116129999993;ERR;ERR;ERR;ERR;ERR;ERR;ERR
3883;0.01;True;0.53;False;0.01;False;ERR;ERR;ERR;ERR;ERR;ERR;ERR;ERR;ERR;ERR
3884;0.01;True;0.02;False;0.01;False;16.54;False;0.5304844300000013;ERR;ERR;ERR;ERR;ERR;ERR;ERR
3885;0.01;True;TO;TO;0.01;False;ERR;ERR;ERR;ERR;ERR;ERR;ERR;ERR;ERR;ERR
3886;0.02;True;TO;TO;0.01;False;ERR;ERR;ERR;ERR;ERR;ERR;ERR;ERR;ERR;ERR
3887;0.01;True;0.0;False;0.01;False;ERR;ERR;ERR;ERR;ERR;ERR;ERR;ERR;ERR;ERR
3888;0.0;True;0.18;False;0.07;False;ERR;ERR;ERR;ERR;ERR;ERR;ERR;ERR;ERR;ERR
3889;0.01;True;0.01;False;0.01;False;ERR;ERR;ERR;ERR;ERR;ERR;ERR;ERR;ERR;ERR
3890;0.02;True;0.02;False;0.01;False;ERR;ERR;ERR;ERR;ERR;ERR;ERR;ERR;ERR;ERR
3891;0.02;True;0.01;False;0.01;False;16.58;False;0.9407643799999992;ERR;ERR;ERR;ERR;ERR;ERR;ERR
3892;0.01;True;0.17;False;0.07;False;ERR;ERR;ERR;ERR;ERR;ERR;ERR;ERR;ERR;ERR
3893;0.02;True;0.01;False;0.01;False;ERR;ERR;ERR;ERR;ERR;ERR;ERR;ERR;ERR;ERR
3894;0.02;True;0.24;False;0.11;False;ERR;ERR;ERR;ERR;ERR;ERR;ERR;ERR;ERR;ERR
3895;0.01;True;0.26;False;0.11;False;ERR;ERR;ERR;ERR;ERR;ERR;ERR;ERR;ERR;ERR
3896;ERR;ERR;0.01;False;0.01;False;ERR;ERR;ERR;0.05;False;0.05;False;0.04;False;ERR
3897;ERR;ERR;0.01;False;0.01;False;ERR;ERR;ERR;0.06;False;0.07;False;0.03;False;ERR
3898;ERR;ERR;0.0;False;0.01;False;ERR;ERR;ERR;0.06;False;0.07;False;0.05;False;ERR
3899;ERR;ERR;0.01;False;0.0;False;ERR;ERR;ERR;0.07;False;0.08;False;0.05;False;ERR
3900;ERR;ERR;0.01;False;0.01;False;ERR;ERR;ERR;0.06;False;0.08;False;0.05;False;ERR
3901;0.24;True;0.01;False;0.02;False;ERR;ERR;ERR;0.05;False;0.06;False;0.04;False;ERR
3902;0.24;True;0.01;False;0.01;False;ERR;ERR;ERR;0.06;False;0.05;False;0.04;False;ERR
3903;0.27;True;0.0;False;0.02;False;ERR;ERR;ERR;0.06;False;0.06;False;0.04;False;ERR
3904;0.3;True;0.01;False;0.01;False;ERR;ERR;ERR;0.05;False;0.06;False;0.04;False;ERR
3905;0.28;True;0.01;False;0.0;False;ERR;ERR;ERR;0.06;False;0.06;False;0.05;False;ERR
3906;0.27;True;0.01;False;0.01;False;ERR;ERR;ERR;0.06;False;0.07;False;0.05;False;ERR
3907;0.25;True;0.01;False;0.01;False;ERR;ERR;ERR;0.05;False;0.06;False;0.04;False;ERR
3908;0.28;True;0.0;False;0.01;False;ERR;ERR;ERR;0.05;False;0.05;False;0.04;False;ERR
3909;0.27;True;0.01;False;0.0;False;ERR;ERR;ERR;0.05;False;0.06;False;0.04;False;ERR
3910;0.25;True;0.01;False;0.01;False;ERR;ERR;ERR;0.06;False;0.06;False;0.04;False;ERR
3911;0.44;True;0.01;False;0.01;False;ERR;ERR;ERR;0.06;False;0.07;False;0.04;False;ERR
3912;0.27;True;0.01;False;0.02;False;ERR;ERR;ERR;0.06;False;0.08;False;0.04;False;ERR
3913;0.41;True;0.01;False;0.0;False;ERR;ERR;ERR;0.07;False;0.07;False;0.04;False;ERR
3914;0.24;True;0.01;False;0.01;False;ERR;ERR;ERR;0.07;False;0.05;False;0.05;False;ERR
3915;0.27;True;0.01;False;0.0;False;ERR;ERR;ERR;0.06;False;0.06;False;0.04;False;ERR
3916;0.25;True;0.02;False;0.0;False;ERR;ERR;ERR;0.06;False;0.07;False;0.04;False;ERR
3917;0.25;True;0.01;False;0.01;False;ERR;ERR;ERR;0.05;False;0.06;False;0.04;False;ERR
3918;0.35;True;0.01;False;0.01;False;ERR;ERR;ERR;0.07;False;0.07;False;0.04;False;ERR
3919;0.35;True;0.01;False;0.0;False;ERR;ERR;ERR;0.06;False;0.05;False;0.04;False;ERR
3920;0.28;True;0.0;False;0.01;False;ERR;ERR;ERR;0.04;False;0.05;False;0.03;False;ERR
3921;0.26;True;0.02;False;0.01;False;ERR;ERR;ERR;0.06;False;0.05;False;0.05;False;ERR
3922;0.39;True;0.0;False;0.01;False;ERR;ERR;ERR;0.07;False;0.06;False;0.04;False;ERR
3923;0.28;True;0.01;False;0.01;False;ERR;ERR;ERR;0.06;False;0.05;False;0.04;False;ERR
3924;0.28;True;0.01;False;0.01;False;ERR;ERR;ERR;0.06;False;0.07;False;0.04;False;ERR
3925;0.39;True;0.01;False;0.02;False;ERR;ERR;ERR;0.07;False;0.05;False;0.04;False;ERR
3926;0.29;True;0.0;False;0.01;False;ERR;ERR;ERR;0.07;False;0.08;False;0.04;False;ERR
3927;0.29;True;0.01;False;0.01;False;ERR;ERR;ERR;0.05;False;0.05;False;0.04;False;ERR
3928;0.26;True;0.01;False;0.01;False;ERR;ERR;ERR;0.07;False;0.06;False;0.04;False;ERR
3929;0.27;True;0.02;False;0.01;False;ERR;ERR;ERR;0.07;False;0.04;False;0.05;False;ERR
3930;0.28;True;0.01;False;0.02;False;ERR;ERR;ERR;0.06;False;0.09;False;0.05;False;ERR
3931;0.27;True;0.0;False;0.01;False;ERR;ERR;ERR;0.07;False;0.06;False;0.05;False;ERR
3932;0.27;True;0.0;False;0.02;False;ERR;ERR;ERR;0.06;False;0.06;False;0.04;False;ERR
3933;0.3;True;0.01;False;0.01;False;ERR;ERR;ERR;0.06;False;0.07;False;0.05;False;ERR
3934;0.31;True;0.01;False;0.02;False;ERR;ERR;ERR;0.07;False;0.07;False;0.04;False;ERR
3935;0.3;True;0.0;False;0.01;False;ERR;ERR;ERR;0.06;False;0.05;False;0.05;False;ERR
3936;0.34;True;0.01;False;0.01;False;ERR;ERR;ERR;0.07;False;0.05;False;0.03;False;ERR
3937;0.26;True;0.02;False;0.0;False;ERR;ERR;ERR;0.06;False;0.06;False;0.04;False;ERR
3938;0.26;True;0.0;False;0.01;False;ERR;ERR;ERR;0.06;False;0.05;False;0.04;False;ERR
3939;0.28;True;0.01;False;0.01;False;ERR;ERR;ERR;0.06;False;0.06;False;0.05;False;ERR
3940;0.26;True;0.01;False;0.0;False;ERR;ERR;ERR;0.06;False;0.06;False;0.05;False;ERR
3941;0.29;True;0.01;False;0.01;False;ERR;ERR;ERR;0.07;False;0.07;False;0.06;False;ERR
3942;0.26;True;0.01;False;0.01;False;ERR;ERR;ERR;0.06;False;0.06;False;0.04;False;ERR
3943;0.25;True;0.01;False;0.01;False;ERR;ERR;ERR;0.06;False;0.07;False;0.04;False;ERR
3944;0.28;True;0.01;False;0.01;False;ERR;ERR;ERR;0.07;False;0.08;False;0.04;False;ERR
3945;0.29;True;0.01;False;0.02;False;ERR;ERR;ERR;0.06;False;0.08;False;0.03;False;ERR
3946;0.27;True;0.01;False;0.01;False;ERR;ERR;ERR;0.07;False;0.07;False;0.03;False;ERR
3947;0.27;True;0.01;False;0.01;False;ERR;ERR;ERR;0.06;False;0.06;False;0.05;False;ERR
3948;0.26;True;0.01;False;0.01;False;ERR;ERR;ERR;0.07;False;0.07;False;0.04;False;ERR
3949;0.27;True;0.01;False;0.02;False;ERR;ERR;ERR;0.07;False;0.07;False;0.03;False;ERR
3950;0.25;True;0.02;False;0.02;False;ERR;ERR;ERR;0.06;False;0.07;False;0.04;False;ERR
3951;0.3;True;0.01;False;0.01;False;ERR;ERR;ERR;0.07;False;0.06;False;0.04;False;ERR
3952;0.3;True;0.01;False;0.01;False;ERR;ERR;ERR;0.06;False;0.05;False;0.04;False;ERR
3953;0.29;True;0.01;False;0.01;False;ERR;ERR;ERR;0.06;False;0.06;False;0.05;False;ERR
3954;0.29;True;0.02;False;0.02;False;ERR;ERR;ERR;0.06;False;0.05;False;0.05;False;ERR
3955;0.36;True;0.01;False;0.0;False;ERR;ERR;ERR;0.06;False;0.06;False;0.05;False;ERR
3956;0.51;True;0.01;False;0.01;False;ERR;ERR;ERR;0.07;False;0.06;False;0.06;False;ERR
3957;0.26;True;0.01;False;0.01;False;ERR;ERR;ERR;0.07;False;0.05;False;0.03;False;ERR
3958;0.36;True;0.01;False;0.01;False;ERR;ERR;ERR;0.07;False;0.06;False;0.03;False;ERR
3959;0.36;True;0.01;False;0.01;False;ERR;ERR;ERR;0.06;False;0.05;False;0.04;False;ERR
3960;0.31;True;0.01;False;0.0;False;ERR;ERR;ERR;0.07;False;0.06;False;0.04;False;ERR
3961;0.27;True;0.01;False;0.01;False;ERR;ERR;ERR;0.07;False;0.05;False;0.05;False;ERR
3962;0.31;True;0.01;False;0.02;False;ERR;ERR;ERR;0.08;False;0.06;False;0.05;False;ERR
3963;0.37;True;0.0;False;0.01;False;ERR;ERR;ERR;0.07;False;0.06;False;0.04;False;ERR
3964;0.3;True;0.02;False;0.02;False;ERR;ERR;ERR;0.07;False;0.06;False;0.04;False;ERR
3965;0.28;True;0.01;False;0.01;False;ERR;ERR;ERR;0.06;False;0.06;False;0.04;False;ERR
3966;0.27;True;0.01;False;0.02;False;ERR;ERR;ERR;0.08;False;0.06;False;0.04;False;ERR
3967;0.35;True;0.02;False;0.0;False;ERR;ERR;ERR;0.06;False;0.07;False;0.05;False;ERR
3968;0.25;True;0.0;False;0.01;False;ERR;ERR;ERR;0.08;False;0.07;False;0.04;False;ERR
3969;0.4;True;0.01;False;0.01;False;ERR;ERR;ERR;0.07;False;0.06;False;0.04;False;ERR
3970;0.28;True;0.01;False;0.02;False;ERR;ERR;ERR;0.07;False;0.04;False;0.04;False;ERR
3971;0.27;True;0.01;False;0.0;False;ERR;ERR;ERR;0.05;False;0.05;False;0.04;False;ERR
3972;0.27;True;0.01;False;0.01;False;ERR;ERR;ERR;0.07;False;0.07;False;0.04;False;ERR
3973;0.29;True;0.01;False;0.01;False;ERR;ERR;ERR;0.07;False;0.05;False;0.04;False;ERR
3974;0.26;True;0.01;False;0.01;False;ERR;ERR;ERR;0.06;False;0.05;False;0.05;False;ERR
3975;0.27;True;0.01;False;0.01;False;ERR;ERR;ERR;0.06;False;0.06;False;0.04;False;ERR
3976;0.01;True;0.01;False;0.01;False;ERR;ERR;ERR;0.05;False;0.03;False;0.03;False;ERR
3977;0.01;True;0.01;False;0.01;False;36.94;False;0.19420690499999438;0.06;False;ERR;ERR;0.04;False;ERR
3978;0.01;True;0.5;False;1.43;False;ERR;ERR;ERR;ERR;ERR;ERR;ERR;ERR;ERR;ERR
3979;0.02;True;0.01;False;0.01;False;ERR;ERR;ERR;ERR;ERR;ERR;ERR;ERR;ERR;ERR
3980;0.01;True;0.01;False;0.0;False;36.18;False;0.1971687469999992;0.06;False;ERR;ERR;0.05;False;ERR
3981;0.01;True;0.0;False;0.01;False;ERR;ERR;ERR;ERR;ERR;ERR;ERR;ERR;ERR;ERR
3982;0.01;True;0.0;False;0.02;False;ERR;ERR;ERR;ERR;ERR;ERR;ERR;ERR;ERR;ERR
3983;0.01;True;0.0;False;0.02;False;ERR;ERR;ERR;0.07;False;0.04;False;0.03;False;ERR
3984;0.0;True;TO;TO;0.01;False;TO;TO;TO;TO;TO;TO;TO;TO;TO;ERR
3985;0.01;True;TO;TO;0.02;False;TO;TO;TO;TO;TO;TO;TO;TO;TO;ERR
3986;0.02;True;0.0;False;0.01;False;ERR;ERR;ERR;ERR;ERR;ERR;ERR;ERR;ERR;ERR
3987;0.01;True;TO;TO;0.01;False;TO;TO;TO;TO;TO;TO;TO;TO;TO;ERR
3988;0.01;True;TO;TO;0.01;False;TO;TO;TO;TO;TO;TO;TO;TO;TO;ERR
3989;0.02;True;0.01;False;0.0;False;ERR;ERR;ERR;ERR;ERR;ERR;ERR;ERR;ERR;ERR
3990;0.01;True;0.01;False;0.01;False;ERR;ERR;ERR;ERR;ERR;ERR;ERR;ERR;ERR;ERR
3991;0.01;True;0.01;False;0.01;False;ERR;ERR;ERR;0.06;False;0.07;False;0.04;False;ERR
3992;0.01;True;0.02;False;0.0;False;ERR;ERR;ERR;ERR;ERR;ERR;ERR;ERR;ERR;ERR
3993;0.01;True;0.0;False;0.0;False;ERR;ERR;ERR;ERR;ERR;ERR;ERR;ERR;ERR;ERR
3994;0.01;True;0.0;False;0.01;False;ERR;ERR;ERR;ERR;ERR;ERR;ERR;ERR;ERR;ERR
3995;0.0;True;0.0;False;0.02;False;ERR;ERR;ERR;0.04;False;0.02;False;0.03;False;ERR
3996;0.01;True;0.01;False;0.01;False;ERR;ERR;ERR;0.04;False;0.05;False;0.03;False;ERR
3997;0.02;True;0.01;False;0.01;False;ERR;ERR;ERR;ERR;ERR;ERR;ERR;ERR;ERR;ERR
3998;0.02;True;0.01;False;0.01;False;ERR;ERR;ERR;ERR;ERR;ERR;ERR;ERR;ERR;ERR
3999;0.01;True;0.01;False;0.01;False;ERR;ERR;ERR;ERR;ERR;ERR;ERR;ERR;ERR;ERR
4000;0.01;True;0.01;False;0.02;False;ERR;ERR;ERR;0.04;False;0.05;False;0.03;False;ERR
4001;0.01;True;1.72;False;0.01;False;ERR;ERR;ERR;2.6;False;0.18;False;22.39;False;ERR
4002;0.01;True;0.01;False;0.02;False;ERR;ERR;ERR;ERR;ERR;ERR;ERR;ERR;ERR;ERR
4003;0.01;True;0.0;False;0.0;False;ERR;ERR;ERR;ERR;ERR;ERR;ERR;ERR;ERR;ERR
4004;0.01;True;0.66;False;0.08;False;ERR;ERR;ERR;0.2;False;0.19;False;0.23;False;ERR
4005;0.01;True;0.02;False;0.02;False;ERR;ERR;ERR;ERR;ERR;ERR;ERR;ERR;ERR;ERR
4006;0.01;True;0.01;False;0.01;False;ERR;ERR;ERR;0.06;False;0.03;False;0.04;False;ERR
4007;0.01;True;0.62;False;0.01;False;ERR;ERR;ERR;ERR;ERR;ERR;ERR;ERR;ERR;ERR
4008;0.01;True;0.01;False;0.0;False;ERR;ERR;ERR;ERR;ERR;ERR;ERR;ERR;ERR;ERR
4009;0.01;True;0.01;False;0.01;False;ERR;ERR;ERR;ERR;ERR;ERR;ERR;ERR;ERR;ERR
4010;0.01;True;0.01;False;0.02;False;ERR;ERR;ERR;ERR;ERR;ERR;ERR;ERR;ERR;ERR
4011;0.01;True;0.0;False;0.01;False;ERR;ERR;ERR;0.06;False;0.06;False;0.03;False;ERR
4012;0.01;True;0.01;False;0.01;False;ERR;ERR;ERR;0.06;False;0.03;False;0.05;False;ERR
4013;0.01;True;0.01;False;0.0;False;ERR;ERR;ERR;ERR;ERR;ERR;ERR;ERR;ERR;ERR
4014;0.01;True;0.01;False;0.0;False;ERR;ERR;ERR;ERR;ERR;ERR;ERR;ERR;ERR;ERR
4015;0.01;True;1.61;False;0.01;False;ERR;ERR;ERR;1.16;False;0.17;False;5.87;False;ERR
4016;0.02;True;0.01;False;0.01;False;ERR;ERR;ERR;0.06;False;0.03;False;0.03;False;ERR
4017;0.01;True;1.19;False;0.0;False;ERR;ERR;ERR;0.73;False;1.08;False;8.65;False;ERR
4018;0.01;True;0.0;False;0.0;False;ERR;ERR;ERR;ERR;ERR;ERR;ERR;ERR;ERR;ERR
4019;0.01;True;0.38;False;0.01;False;TO;TO;TO;ERR;ERR;ERR;ERR;ERR;ERR;ERR
4020;0.02;True;0.04;False;0.02;False;ERR;ERR;ERR;ERR;ERR;ERR;ERR;ERR;ERR;ERR
4021;0.01;True;0.0;False;0.01;False;TO;TO;TO;0.05;False;ERR;ERR;0.04;False;ERR
4022;0.0;True;0.0;False;0.01;False;ERR;ERR;ERR;0.06;False;0.03;False;0.03;False;ERR
4023;0.01;True;0.1;False;0.06;False;ERR;ERR;ERR;0.08;False;0.05;False;0.11;False;ERR
4024;0.01;True;0.01;False;0.0;False;ERR;ERR;ERR;ERR;ERR;ERR;ERR;ERR;ERR;ERR
4025;0.02;True;0.01;False;0.0;False;ERR;ERR;ERR;0.05;False;0.04;False;0.04;False;ERR
4026;0.01;True;0.05;False;0.01;False;ERR;ERR;ERR;ERR;ERR;ERR;ERR;ERR;ERR;ERR
4027;0.01;True;0.95;False;0.01;False;ERR;ERR;ERR;ERR;ERR;ERR;ERR;ERR;ERR;ERR
4028;0.01;True;0.0;False;0.0;False;ERR;ERR;ERR;ERR;ERR;ERR;ERR;ERR;ERR;ERR
4029;0.0;True;0.01;False;0.02;False;ERR;ERR;ERR;ERR;ERR;ERR;ERR;ERR;ERR;ERR
4030;0.01;True;0.01;False;0.01;False;14.95;False;0.5282147780000006;ERR;ERR;ERR;ERR;ERR;ERR;ERR
4031;0.01;True;TO;TO;0.0;False;ERR;ERR;ERR;ERR;ERR;ERR;ERR;ERR;ERR;ERR
4032;0.01;True;9.45;False;0.01;False;0.5;False;0.21630317699999999;1.54;False;2.78;False;7.6;False;ERR
4033;0.01;True;0.01;False;0.01;False;ERR;ERR;ERR;ERR;ERR;ERR;ERR;ERR;ERR;ERR
4034;0.01;True;TO;TO;0.01;False;28.89;False;0.4378087380000011;ERR;ERR;ERR;ERR;ERR;ERR;ERR
4035;0.01;True;0.03;False;0.01;False;ERR;ERR;ERR;0.05;False;0.04;False;0.06;False;ERR
4036;0.01;True;0.01;False;0.0;False;ERR;ERR;ERR;ERR;ERR;ERR;ERR;ERR;ERR;ERR
4037;0.01;True;0.01;False;0.01;False;ERR;ERR;ERR;ERR;ERR;ERR;ERR;ERR;ERR;ERR
4038;0.01;True;0.01;False;0.01;False;ERR;ERR;ERR;ERR;ERR;ERR;ERR;ERR;ERR;ERR
4039;0.01;True;0.31;False;0.01;False;ERR;ERR;ERR;ERR;ERR;ERR;ERR;ERR;ERR;ERR
4040;0.01;True;0.01;False;0.0;False;ERR;ERR;ERR;ERR;ERR;ERR;ERR;ERR;ERR;ERR
4041;0.01;True;0.0;False;0.01;False;ERR;ERR;ERR;ERR;ERR;ERR;ERR;ERR;ERR;ERR
4042;0.0;True;0.0;False;0.01;False;ERR;ERR;ERR;ERR;ERR;ERR;ERR;ERR;ERR;ERR
4043;0.0;True;0.01;False;0.02;False;ERR;ERR;ERR;0.06;False;0.06;False;0.04;False;ERR
4044;0.01;True;0.01;False;0.01;False;ERR;ERR;ERR;0.06;False;0.12;False;0.03;False;ERR
4045;0.01;True;0.73;False;0.01;False;ERR;ERR;ERR;ERR;ERR;ERR;ERR;ERR;ERR;ERR
4046;0.02;True;0.0;False;0.01;False;ERR;ERR;ERR;ERR;ERR;ERR;ERR;ERR;ERR;ERR
4047;0.01;True;0.01;False;0.02;False;ERR;ERR;ERR;ERR;ERR;ERR;ERR;ERR;ERR;ERR
4048;0.02;True;0.08;False;0.01;False;ERR;ERR;ERR;ERR;ERR;ERR;ERR;ERR;ERR;ERR
4049;0.01;True;0.01;False;0.01;False;ERR;ERR;ERR;ERR;ERR;ERR;ERR;ERR;ERR;ERR
4050;0.01;True;0.0;False;0.01;False;TO;TO;TO;ERR;ERR;ERR;ERR;ERR;ERR;ERR
4051;0.01;True;2.62;False;0.01;False;ERR;ERR;ERR;0.47;False;1.23;False;1.36;False;ERR
4052;0.01;True;0.01;False;0.03;False;ERR;ERR;ERR;ERR;ERR;ERR;ERR;ERR;ERR;ERR
4053;0.02;True;TO;TO;0.01;False;ERR;ERR;ERR;TO;TO;TO;TO;TO;TO;ERR
4054;0.01;True;0.0;False;0.02;False;ERR;ERR;ERR;ERR;ERR;ERR;ERR;ERR;ERR;ERR
4055;0.01;True;0.01;False;0.01;False;ERR;ERR;ERR;ERR;ERR;ERR;ERR;ERR;ERR;ERR
4056;0.01;True;TO;TO;0.01;False;ERR;ERR;ERR;52.1;False;2.15;False;TO;TO;ERR
4057;0.02;True;0.66;False;0.01;False;ERR;ERR;ERR;ERR;ERR;ERR;ERR;ERR;ERR;ERR
4058;0.01;True;0.67;False;0.01;False;ERR;ERR;ERR;0.32;False;0.17;False;2.33;False;ERR
4059;0.01;True;0.01;False;0.0;False;ERR;ERR;ERR;ERR;ERR;ERR;ERR;ERR;ERR;ERR
4060;0.01;True;0.1;False;0.05;False;ERR;ERR;ERR;0.09;False;0.04;False;0.1;False;ERR
4061;0.01;True;0.01;False;0.01;False;ERR;ERR;ERR;0.05;False;0.05;False;0.04;False;ERR
4062;0.01;True;0.01;False;0.01;False;ERR;ERR;ERR;ERR;ERR;ERR;ERR;ERR;ERR;ERR
4063;0.01;True;0.01;False;0.01;False;ERR;ERR;ERR;0.06;False;0.04;False;0.04;False;ERR
4064;0.01;True;0.01;False;0.01;False;ERR;ERR;ERR;ERR;ERR;ERR;ERR;ERR;ERR;ERR
4065;0.01;True;0.03;False;0.01;False;TO;TO;TO;ERR;ERR;ERR;ERR;ERR;ERR;ERR
4066;0.01;True;1.69;False;0.02;False;ERR;ERR;ERR;ERR;ERR;ERR;ERR;ERR;ERR;ERR
4067;0.01;True;0.01;False;0.01;False;ERR;ERR;ERR;ERR;ERR;ERR;ERR;ERR;ERR;ERR
4068;0.0;True;0.01;False;0.01;False;ERR;ERR;ERR;ERR;ERR;ERR;ERR;ERR;ERR;ERR
4069;0.01;True;0.01;False;0.01;False;ERR;ERR;ERR;ERR;ERR;ERR;ERR;ERR;ERR;ERR
4070;0.01;True;0.01;False;0.01;False;ERR;ERR;ERR;ERR;ERR;ERR;ERR;ERR;ERR;ERR
4071;0.01;True;0.0;False;0.01;False;1.47;False;0.19401516400000007;ERR;ERR;ERR;ERR;ERR;ERR;ERR
4072;0.01;True;0.01;False;0.01;False;15.29;False;0.9424851220000008;ERR;ERR;ERR;ERR;ERR;ERR;ERR
4073;0.01;True;0.01;False;0.01;False;ERR;ERR;ERR;ERR;ERR;ERR;ERR;ERR;ERR;ERR
4074;0.01;True;0.0;False;0.0;False;ERR;ERR;ERR;ERR;ERR;ERR;ERR;ERR;ERR;ERR
4075;0.01;True;1.78;False;0.09;False;ERR;ERR;ERR;ERR;ERR;ERR;ERR;ERR;ERR;ERR
4076;0.01;True;0.01;False;0.01;False;ERR;ERR;ERR;0.06;False;ERR;ERR;0.04;False;ERR
4077;0.01;True;0.01;False;0.01;False;ERR;ERR;ERR;ERR;ERR;ERR;ERR;ERR;ERR;ERR
4078;0.01;True;0.01;False;0.01;False;ERR;ERR;ERR;ERR;ERR;ERR;ERR;ERR;ERR;ERR
4079;0.01;True;0.01;False;0.01;False;ERR;ERR;ERR;0.06;False;ERR;ERR;0.03;False;ERR
4080;0.01;True;0.01;False;0.02;False;ERR;ERR;ERR;ERR;ERR;ERR;ERR;ERR;ERR;ERR
4081;0.01;True;0.0;False;0.01;False;ERR;ERR;ERR;0.07;False;ERR;ERR;0.04;False;ERR
4082;0.01;True;0.01;False;0.01;False;ERR;ERR;ERR;ERR;ERR;ERR;ERR;ERR;ERR;ERR
4083;0.01;True;0.01;False;0.01;False;ERR;ERR;ERR;0.06;False;ERR;ERR;0.04;False;ERR
4084;0.01;True;0.01;False;0.01;False;ERR;ERR;ERR;0.05;False;ERR;ERR;0.03;False;ERR
4085;0.01;True;0.01;False;0.01;False;ERR;ERR;ERR;0.06;False;ERR;ERR;0.04;False;ERR
4086;0.01;True;0.01;False;0.01;False;ERR;ERR;ERR;ERR;ERR;ERR;ERR;ERR;ERR;ERR
4087;0.02;True;0.0;False;0.0;False;ERR;ERR;ERR;ERR;ERR;ERR;ERR;ERR;ERR;ERR
4088;0.02;True;0.01;False;0.0;False;ERR;ERR;ERR;0.06;False;ERR;ERR;0.03;False;ERR
4089;0.01;True;0.0;False;0.01;False;ERR;ERR;ERR;ERR;ERR;ERR;ERR;ERR;ERR;ERR
4090;0.0;True;0.01;False;0.01;False;ERR;ERR;ERR;ERR;ERR;ERR;ERR;ERR;ERR;ERR
4091;0.02;True;0.01;False;0.01;False;ERR;ERR;ERR;ERR;ERR;ERR;ERR;ERR;ERR;ERR
4092;0.01;True;0.01;False;0.02;False;ERR;ERR;ERR;0.06;False;ERR;ERR;0.03;False;ERR
4093;0.01;True;0.01;False;0.01;False;ERR;ERR;ERR;ERR;ERR;ERR;ERR;ERR;ERR;ERR
4094;0.01;True;0.01;False;0.01;False;ERR;ERR;ERR;0.06;False;ERR;ERR;0.04;False;ERR
4095;0.01;True;0.01;False;0.0;False;ERR;ERR;ERR;ERR;ERR;ERR;ERR;ERR;ERR;ERR
4096;0.01;True;0.01;False;0.01;False;ERR;ERR;ERR;ERR;ERR;ERR;ERR;ERR;ERR;ERR
4097;0.01;True;0.01;False;0.01;False;ERR;ERR;ERR;ERR;ERR;ERR;ERR;ERR;ERR;ERR
4098;0.01;True;0.02;False;0.02;False;ERR;ERR;ERR;ERR;ERR;ERR;ERR;ERR;ERR;ERR
4099;0.01;True;0.0;False;0.01;False;ERR;ERR;ERR;0.05;False;ERR;ERR;0.03;False;ERR
4100;0.01;True;0.01;False;0.02;False;ERR;ERR;ERR;ERR;ERR;ERR;ERR;ERR;ERR;ERR
4101;0.01;True;0.01;False;0.01;False;ERR;ERR;ERR;ERR;ERR;ERR;ERR;ERR;ERR;ERR
4102;0.01;True;0.02;False;0.02;False;ERR;ERR;ERR;ERR;ERR;ERR;ERR;ERR;ERR;ERR
4103;0.01;True;0.02;False;0.02;False;ERR;ERR;ERR;ERR;ERR;ERR;ERR;ERR;ERR;ERR
4104;0.01;True;0.01;False;0.01;False;ERR;ERR;ERR;ERR;ERR;ERR;ERR;ERR;ERR;ERR
4105;0.02;True;0.0;False;0.01;False;ERR;ERR;ERR;ERR;ERR;ERR;ERR;ERR;ERR;ERR
4106;0.01;True;0.01;False;0.02;False;ERR;ERR;ERR;ERR;ERR;ERR;ERR;ERR;ERR;ERR
4107;0.02;True;0.02;False;0.02;False;ERR;ERR;ERR;ERR;ERR;ERR;ERR;ERR;ERR;ERR
4108;0.02;True;0.02;False;0.03;False;ERR;ERR;ERR;ERR;ERR;ERR;ERR;ERR;ERR;ERR
4109;0.01;True;0.02;False;0.02;False;ERR;ERR;ERR;ERR;ERR;ERR;ERR;ERR;ERR;ERR
4110;0.01;True;0.01;False;0.01;False;ERR;ERR;ERR;ERR;ERR;ERR;ERR;ERR;ERR;ERR
4111;0.01;True;0.01;False;0.02;False;ERR;ERR;ERR;ERR;ERR;ERR;ERR;ERR;ERR;ERR
4112;0.0;True;0.02;False;0.02;False;ERR;ERR;ERR;ERR;ERR;ERR;ERR;ERR;ERR;ERR
4113;0.01;True;0.01;False;0.01;False;ERR;ERR;ERR;0.05;False;ERR;ERR;0.03;False;ERR
4114;0.02;True;0.0;False;0.01;False;ERR;ERR;ERR;ERR;ERR;ERR;ERR;ERR;ERR;ERR
4115;0.02;True;0.01;False;0.01;False;ERR;ERR;ERR;ERR;ERR;ERR;ERR;ERR;ERR;ERR
4116;0.01;True;0.01;False;0.01;False;ERR;ERR;ERR;ERR;ERR;ERR;ERR;ERR;ERR;ERR
4117;0.01;True;0.02;False;0.01;False;ERR;ERR;ERR;ERR;ERR;ERR;ERR;ERR;ERR;ERR
4118;0.01;True;0.01;False;0.0;False;ERR;ERR;ERR;ERR;ERR;ERR;ERR;ERR;ERR;ERR
4119;0.01;True;0.01;False;0.01;False;ERR;ERR;ERR;ERR;ERR;ERR;ERR;ERR;ERR;ERR
4120;0.02;True;0.0;False;0.02;False;ERR;ERR;ERR;ERR;ERR;ERR;ERR;ERR;ERR;ERR
4121;0.01;True;0.0;False;0.01;False;ERR;ERR;ERR;ERR;ERR;ERR;ERR;ERR;ERR;ERR
4122;0.01;True;0.01;False;0.02;False;ERR;ERR;ERR;ERR;ERR;ERR;ERR;ERR;ERR;ERR
4123;0.0;True;0.02;False;0.02;False;ERR;ERR;ERR;ERR;ERR;ERR;ERR;ERR;ERR;ERR
4124;0.02;True;0.02;False;0.02;False;ERR;ERR;ERR;ERR;ERR;ERR;ERR;ERR;ERR;ERR
4125;0.01;True;0.01;False;0.02;False;ERR;ERR;ERR;ERR;ERR;ERR;ERR;ERR;ERR;ERR
4126;0.02;True;0.02;False;0.02;False;ERR;ERR;ERR;ERR;ERR;ERR;ERR;ERR;ERR;ERR
4127;0.01;True;0.01;False;0.01;False;ERR;ERR;ERR;ERR;ERR;ERR;ERR;ERR;ERR;ERR
4128;0.02;True;0.01;False;0.02;False;ERR;ERR;ERR;ERR;ERR;ERR;ERR;ERR;ERR;ERR
4129;0.01;True;0.02;False;0.01;False;ERR;ERR;ERR;ERR;ERR;ERR;ERR;ERR;ERR;ERR
4130;0.01;True;0.01;False;0.02;False;ERR;ERR;ERR;ERR;ERR;ERR;ERR;ERR;ERR;ERR
4131;0.02;True;0.01;False;0.0;False;ERR;ERR;ERR;ERR;ERR;ERR;ERR;ERR;ERR;ERR
4132;0.01;True;0.01;False;0.02;False;ERR;ERR;ERR;ERR;ERR;ERR;ERR;ERR;ERR;ERR
4133;0.01;True;0.0;False;0.01;False;ERR;ERR;ERR;ERR;ERR;ERR;ERR;ERR;ERR;ERR
4134;0.01;True;0.01;False;0.01;False;ERR;ERR;ERR;0.06;False;ERR;ERR;0.04;False;ERR
4135;0.01;True;0.0;False;0.01;False;ERR;ERR;ERR;0.04;False;ERR;ERR;0.04;False;ERR
4136;0.01;True;0.01;False;0.0;False;ERR;ERR;ERR;ERR;ERR;ERR;ERR;ERR;ERR;ERR
4137;0.01;True;0.01;False;0.01;False;ERR;ERR;ERR;ERR;ERR;ERR;ERR;ERR;ERR;ERR
4138;0.01;True;0.01;False;0.01;False;ERR;ERR;ERR;ERR;ERR;ERR;ERR;ERR;ERR;ERR
4139;0.02;True;0.02;False;0.01;False;ERR;ERR;ERR;ERR;ERR;ERR;ERR;ERR;ERR;ERR
4140;0.01;True;0.01;False;0.01;False;ERR;ERR;ERR;ERR;ERR;ERR;ERR;ERR;ERR;ERR
4141;0.0;True;0.02;False;0.02;False;ERR;ERR;ERR;ERR;ERR;ERR;ERR;ERR;ERR;ERR
4142;0.01;True;0.01;False;0.02;False;ERR;ERR;ERR;ERR;ERR;ERR;ERR;ERR;ERR;ERR
4143;0.01;True;0.01;False;0.01;False;ERR;ERR;ERR;ERR;ERR;ERR;ERR;ERR;ERR;ERR
4144;0.0;True;0.0;False;0.01;False;ERR;ERR;ERR;0.07;False;ERR;ERR;0.04;False;ERR
4145;0.02;True;0.01;False;0.01;False;ERR;ERR;ERR;ERR;ERR;ERR;ERR;ERR;ERR;ERR
4146;0.02;True;0.02;False;0.02;False;ERR;ERR;ERR;ERR;ERR;ERR;ERR;ERR;ERR;ERR
4147;0.01;True;0.01;False;0.01;False;ERR;ERR;ERR;ERR;ERR;ERR;ERR;ERR;ERR;ERR
4148;0.01;True;0.01;False;0.01;False;ERR;ERR;ERR;ERR;ERR;ERR;ERR;ERR;ERR;ERR
4149;0.01;True;0.0;False;0.01;False;ERR;ERR;ERR;ERR;ERR;ERR;ERR;ERR;ERR;ERR
4150;0.01;True;0.01;False;0.01;False;ERR;ERR;ERR;ERR;ERR;ERR;ERR;ERR;ERR;ERR
4151;0.01;True;0.01;False;0.02;False;ERR;ERR;ERR;ERR;ERR;ERR;ERR;ERR;ERR;ERR
4152;0.01;True;0.01;False;0.01;False;ERR;ERR;ERR;ERR;ERR;ERR;ERR;ERR;ERR;ERR
4153;0.02;True;0.0;False;0.01;False;ERR;ERR;ERR;ERR;ERR;ERR;ERR;ERR;ERR;ERR
4154;0.01;True;0.01;False;0.01;False;ERR;ERR;ERR;0.06;False;ERR;ERR;0.03;False;ERR
4155;0.01;True;0.01;False;0.01;False;ERR;ERR;ERR;ERR;ERR;ERR;ERR;ERR;ERR;ERR
4156;0.01;True;0.01;False;0.02;False;ERR;ERR;ERR;ERR;ERR;ERR;ERR;ERR;ERR;ERR
4157;0.01;True;0.01;False;0.0;False;ERR;ERR;ERR;ERR;ERR;ERR;ERR;ERR;ERR;ERR
4158;0.01;True;0.01;False;0.0;False;ERR;ERR;ERR;0.07;False;ERR;ERR;0.04;False;ERR
4159;0.01;True;0.02;False;0.02;False;ERR;ERR;ERR;ERR;ERR;ERR;ERR;ERR;ERR;ERR
4160;0.01;True;0.01;False;0.01;False;ERR;ERR;ERR;ERR;ERR;ERR;ERR;ERR;ERR;ERR
4161;0.02;True;0.01;False;0.01;False;ERR;ERR;ERR;ERR;ERR;ERR;ERR;ERR;ERR;ERR
4162;0.01;True;0.01;False;0.01;False;ERR;ERR;ERR;ERR;ERR;ERR;ERR;ERR;ERR;ERR
4163;0.02;True;0.02;False;0.01;False;ERR;ERR;ERR;ERR;ERR;ERR;ERR;ERR;ERR;ERR
4164;0.0;True;0.02;False;0.01;False;ERR;ERR;ERR;ERR;ERR;ERR;ERR;ERR;ERR;ERR
4165;0.01;True;0.02;False;0.02;False;ERR;ERR;ERR;ERR;ERR;ERR;ERR;ERR;ERR;ERR
4166;0.02;True;0.02;False;0.01;False;ERR;ERR;ERR;ERR;ERR;ERR;ERR;ERR;ERR;ERR
4167;0.01;True;0.01;False;0.02;False;ERR;ERR;ERR;ERR;ERR;ERR;ERR;ERR;ERR;ERR
4168;0.01;True;0.01;False;0.01;False;ERR;ERR;ERR;ERR;ERR;ERR;ERR;ERR;ERR;ERR
4169;0.01;True;0.01;False;0.02;False;ERR;ERR;ERR;ERR;ERR;ERR;ERR;ERR;ERR;ERR
4170;0.01;True;0.02;False;0.02;False;ERR;ERR;ERR;ERR;ERR;ERR;ERR;ERR;ERR;ERR
4171;0.02;True;0.01;False;0.01;False;ERR;ERR;ERR;ERR;ERR;ERR;ERR;ERR;ERR;ERR
4172;0.02;True;0.01;False;0.01;False;ERR;ERR;ERR;ERR;ERR;ERR;ERR;ERR;ERR;ERR
4173;0.01;True;0.01;False;0.01;False;ERR;ERR;ERR;ERR;ERR;ERR;ERR;ERR;ERR;ERR
4174;0.01;True;0.01;False;0.01;False;ERR;ERR;ERR;ERR;ERR;ERR;ERR;ERR;ERR;ERR
4175;0.0;True;0.0;False;0.02;False;ERR;ERR;ERR;ERR;ERR;ERR;ERR;ERR;ERR;ERR
4176;0.01;True;0.01;False;0.01;False;ERR;ERR;ERR;ERR;ERR;ERR;ERR;ERR;ERR;ERR
4177;0.01;True;0.01;False;0.01;False;ERR;ERR;ERR;ERR;ERR;ERR;ERR;ERR;ERR;ERR
4178;0.0;True;0.02;False;0.02;False;ERR;ERR;ERR;ERR;ERR;ERR;ERR;ERR;ERR;ERR
4179;0.01;True;0.0;False;0.01;False;ERR;ERR;ERR;ERR;ERR;ERR;ERR;ERR;ERR;ERR
4180;0.02;True;0.01;False;0.01;False;ERR;ERR;ERR;ERR;ERR;ERR;ERR;ERR;ERR;ERR
4181;0.0;True;0.01;False;0.02;False;ERR;ERR;ERR;ERR;ERR;ERR;ERR;ERR;ERR;ERR
4182;0.01;True;0.01;False;0.01;False;ERR;ERR;ERR;ERR;ERR;ERR;ERR;ERR;ERR;ERR
4183;0.02;True;0.01;False;0.01;False;ERR;ERR;ERR;ERR;ERR;ERR;ERR;ERR;ERR;ERR
4184;0.02;True;0.0;False;0.0;False;ERR;ERR;ERR;ERR;ERR;ERR;ERR;ERR;ERR;ERR
4185;0.01;True;0.01;False;0.01;False;ERR;ERR;ERR;ERR;ERR;ERR;ERR;ERR;ERR;ERR
4186;0.01;True;0.0;False;0.01;False;ERR;ERR;ERR;ERR;ERR;ERR;ERR;ERR;ERR;ERR
4187;0.02;True;0.01;False;0.01;False;ERR;ERR;ERR;ERR;ERR;ERR;ERR;ERR;ERR;ERR
4188;0.01;True;0.01;False;0.01;False;ERR;ERR;ERR;ERR;ERR;ERR;ERR;ERR;ERR;ERR
4189;0.01;True;0.01;False;0.01;False;ERR;ERR;ERR;ERR;ERR;ERR;ERR;ERR;ERR;ERR
4190;0.01;True;0.02;False;0.02;False;ERR;ERR;ERR;ERR;ERR;ERR;ERR;ERR;ERR;ERR
4191;0.0;True;0.01;False;0.01;False;ERR;ERR;ERR;ERR;ERR;ERR;ERR;ERR;ERR;ERR
4192;0.01;True;0.01;False;0.02;False;ERR;ERR;ERR;ERR;ERR;ERR;ERR;ERR;ERR;ERR
4193;0.02;True;0.02;False;0.02;False;ERR;ERR;ERR;ERR;ERR;ERR;ERR;ERR;ERR;ERR
4194;0.02;True;0.01;False;0.01;False;ERR;ERR;ERR;ERR;ERR;ERR;ERR;ERR;ERR;ERR
4195;0.01;True;0.02;False;0.02;False;ERR;ERR;ERR;ERR;ERR;ERR;ERR;ERR;ERR;ERR
4196;0.01;True;0.01;False;0.01;False;ERR;ERR;ERR;0.08;False;ERR;ERR;0.04;False;ERR
4197;0.02;True;0.02;False;0.01;False;ERR;ERR;ERR;ERR;ERR;ERR;ERR;ERR;ERR;ERR
4198;0.01;True;0.01;False;0.01;False;ERR;ERR;ERR;ERR;ERR;ERR;ERR;ERR;ERR;ERR
4199;0.01;True;0.01;False;0.01;False;ERR;ERR;ERR;ERR;ERR;ERR;ERR;ERR;ERR;ERR
4200;0.01;True;0.02;False;0.01;False;ERR;ERR;ERR;ERR;ERR;ERR;ERR;ERR;ERR;ERR
4201;0.01;True;0.02;False;0.02;False;ERR;ERR;ERR;ERR;ERR;ERR;ERR;ERR;ERR;ERR
4202;0.01;True;0.01;False;0.01;False;ERR;ERR;ERR;ERR;ERR;ERR;ERR;ERR;ERR;ERR
4203;0.01;True;0.01;False;0.01;False;ERR;ERR;ERR;ERR;ERR;ERR;ERR;ERR;ERR;ERR
4204;0.01;True;0.01;False;0.0;False;ERR;ERR;ERR;ERR;ERR;ERR;ERR;ERR;ERR;ERR
4205;0.01;True;0.01;False;0.01;False;ERR;ERR;ERR;ERR;ERR;ERR;ERR;ERR;ERR;ERR
4206;0.01;True;0.01;False;0.01;False;ERR;ERR;ERR;ERR;ERR;ERR;ERR;ERR;ERR;ERR
4207;0.01;True;0.02;False;0.03;False;ERR;ERR;ERR;ERR;ERR;ERR;ERR;ERR;ERR;ERR
4208;0.01;True;0.02;False;0.03;False;ERR;ERR;ERR;ERR;ERR;ERR;ERR;ERR;ERR;ERR
4209;0.01;True;0.0;False;0.01;False;ERR;ERR;ERR;ERR;ERR;ERR;ERR;ERR;ERR;ERR
4210;0.02;True;0.01;False;0.0;False;ERR;ERR;ERR;ERR;ERR;ERR;ERR;ERR;ERR;ERR
4211;0.01;True;0.01;False;0.01;False;ERR;ERR;ERR;ERR;ERR;ERR;ERR;ERR;ERR;ERR
4212;0.01;True;0.02;False;0.03;False;ERR;ERR;ERR;ERR;ERR;ERR;ERR;ERR;ERR;ERR
4213;0.02;True;0.01;False;0.02;False;ERR;ERR;ERR;ERR;ERR;ERR;ERR;ERR;ERR;ERR
4214;0.0;True;0.02;False;0.01;False;ERR;ERR;ERR;ERR;ERR;ERR;ERR;ERR;ERR;ERR
4215;0.01;True;0.02;False;0.02;False;ERR;ERR;ERR;ERR;ERR;ERR;ERR;ERR;ERR;ERR
4216;0.01;True;0.01;False;0.01;False;ERR;ERR;ERR;0.07;False;ERR;ERR;0.03;False;ERR
4217;0.01;True;0.0;False;0.02;False;ERR;ERR;ERR;ERR;ERR;ERR;ERR;ERR;ERR;ERR
4218;0.01;True;0.02;False;0.02;False;ERR;ERR;ERR;ERR;ERR;ERR;ERR;ERR;ERR;ERR
4219;0.01;True;0.02;False;0.01;False;ERR;ERR;ERR;ERR;ERR;ERR;ERR;ERR;ERR;ERR
4220;0.01;True;0.01;False;0.0;False;ERR;ERR;ERR;ERR;ERR;ERR;ERR;ERR;ERR;ERR
4221;0.01;True;0.02;False;0.01;False;ERR;ERR;ERR;ERR;ERR;ERR;ERR;ERR;ERR;ERR
4222;0.01;True;0.02;False;0.02;False;ERR;ERR;ERR;ERR;ERR;ERR;ERR;ERR;ERR;ERR
4223;0.0;True;0.02;False;0.02;False;ERR;ERR;ERR;ERR;ERR;ERR;ERR;ERR;ERR;ERR
4224;0.02;True;0.02;False;0.02;False;ERR;ERR;ERR;ERR;ERR;ERR;ERR;ERR;ERR;ERR
4225;0.01;True;0.01;False;0.02;False;ERR;ERR;ERR;ERR;ERR;ERR;ERR;ERR;ERR;ERR
4226;0.02;True;0.02;False;0.01;False;ERR;ERR;ERR;ERR;ERR;ERR;ERR;ERR;ERR;ERR
4227;0.0;True;0.01;False;0.02;False;ERR;ERR;ERR;ERR;ERR;ERR;ERR;ERR;ERR;ERR
4228;0.01;True;0.0;False;0.01;False;ERR;ERR;ERR;ERR;ERR;ERR;ERR;ERR;ERR;ERR
4229;0.01;True;0.0;False;0.01;False;ERR;ERR;ERR;ERR;ERR;ERR;ERR;ERR;ERR;ERR
4230;0.0;True;0.01;False;0.01;False;ERR;ERR;ERR;ERR;ERR;ERR;ERR;ERR;ERR;ERR
4231;0.02;True;0.01;False;0.01;False;ERR;ERR;ERR;ERR;ERR;ERR;ERR;ERR;ERR;ERR
4232;0.01;True;0.01;False;0.02;False;ERR;ERR;ERR;ERR;ERR;ERR;ERR;ERR;ERR;ERR
4233;0.01;True;0.02;False;0.02;False;ERR;ERR;ERR;ERR;ERR;ERR;ERR;ERR;ERR;ERR
4234;0.01;True;0.02;False;0.0;False;ERR;ERR;ERR;ERR;ERR;ERR;ERR;ERR;ERR;ERR
4235;0.0;True;0.01;False;0.01;False;ERR;ERR;ERR;ERR;ERR;ERR;ERR;ERR;ERR;ERR
4236;0.01;True;0.01;False;0.02;False;ERR;ERR;ERR;ERR;ERR;ERR;ERR;ERR;ERR;ERR
4237;0.01;True;0.0;False;0.01;False;ERR;ERR;ERR;ERR;ERR;ERR;ERR;ERR;ERR;ERR
4238;0.01;True;0.01;False;0.01;False;ERR;ERR;ERR;ERR;ERR;ERR;ERR;ERR;ERR;ERR
4239;0.01;True;0.02;False;0.02;False;ERR;ERR;ERR;ERR;ERR;ERR;ERR;ERR;ERR;ERR
4240;0.01;True;0.02;False;0.02;False;ERR;ERR;ERR;ERR;ERR;ERR;ERR;ERR;ERR;ERR
4241;0.01;True;0.01;False;0.01;False;ERR;ERR;ERR;ERR;ERR;ERR;ERR;ERR;ERR;ERR
4242;0.01;True;0.01;False;0.02;False;ERR;ERR;ERR;ERR;ERR;ERR;ERR;ERR;ERR;ERR
4243;0.01;True;0.01;False;0.01;False;ERR;ERR;ERR;ERR;ERR;ERR;ERR;ERR;ERR;ERR
4244;0.01;True;0.0;False;0.01;False;ERR;ERR;ERR;ERR;ERR;ERR;ERR;ERR;ERR;ERR
4245;0.01;True;0.01;False;0.0;False;ERR;ERR;ERR;ERR;ERR;ERR;ERR;ERR;ERR;ERR
4246;0.01;True;0.01;False;0.01;False;ERR;ERR;ERR;ERR;ERR;ERR;ERR;ERR;ERR;ERR
4247;0.01;True;0.01;False;0.01;False;ERR;ERR;ERR;ERR;ERR;ERR;ERR;ERR;ERR;ERR
4248;0.01;True;0.0;False;0.01;False;ERR;ERR;ERR;ERR;ERR;ERR;ERR;ERR;ERR;ERR
4249;0.01;True;0.01;False;0.01;False;ERR;ERR;ERR;ERR;ERR;ERR;ERR;ERR;ERR;ERR
4250;0.01;True;0.02;False;0.01;False;ERR;ERR;ERR;ERR;ERR;ERR;ERR;ERR;ERR;ERR
4251;0.0;True;0.01;False;0.01;False;ERR;ERR;ERR;ERR;ERR;ERR;ERR;ERR;ERR;ERR
4252;0.01;True;0.01;False;0.01;False;ERR;ERR;ERR;ERR;ERR;ERR;ERR;ERR;ERR;ERR
4253;0.01;True;0.02;False;0.01;False;ERR;ERR;ERR;ERR;ERR;ERR;ERR;ERR;ERR;ERR
4254;0.02;True;0.02;False;0.01;False;ERR;ERR;ERR;ERR;ERR;ERR;ERR;ERR;ERR;ERR
4255;0.01;True;0.02;False;0.01;False;ERR;ERR;ERR;ERR;ERR;ERR;ERR;ERR;ERR;ERR
4256;0.01;True;0.02;False;0.02;False;ERR;ERR;ERR;ERR;ERR;ERR;ERR;ERR;ERR;ERR
4257;0.01;True;0.02;False;0.02;False;ERR;ERR;ERR;ERR;ERR;ERR;ERR;ERR;ERR;ERR
4258;0.01;True;0.01;False;0.02;False;ERR;ERR;ERR;ERR;ERR;ERR;ERR;ERR;ERR;ERR
4259;0.02;True;0.02;False;0.03;False;ERR;ERR;ERR;ERR;ERR;ERR;ERR;ERR;ERR;ERR
4260;0.01;True;0.0;False;0.01;False;ERR;ERR;ERR;ERR;ERR;ERR;ERR;ERR;ERR;ERR
4261;0.01;True;0.02;False;0.0;False;ERR;ERR;ERR;ERR;ERR;ERR;ERR;ERR;ERR;ERR
4262;0.01;True;0.02;False;0.02;False;ERR;ERR;ERR;ERR;ERR;ERR;ERR;ERR;ERR;ERR
4263;0.01;True;0.02;False;0.02;False;ERR;ERR;ERR;ERR;ERR;ERR;ERR;ERR;ERR;ERR
4264;0.01;True;0.01;False;0.02;False;ERR;ERR;ERR;ERR;ERR;ERR;ERR;ERR;ERR;ERR
4265;0.01;True;0.01;False;0.02;False;ERR;ERR;ERR;ERR;ERR;ERR;ERR;ERR;ERR;ERR
4266;0.01;True;0.02;False;0.01;False;ERR;ERR;ERR;ERR;ERR;ERR;ERR;ERR;ERR;ERR
4267;0.01;True;0.01;False;0.01;False;ERR;ERR;ERR;ERR;ERR;ERR;ERR;ERR;ERR;ERR
4268;0.01;True;0.0;False;0.02;False;ERR;ERR;ERR;ERR;ERR;ERR;ERR;ERR;ERR;ERR
4269;0.01;True;0.01;False;0.01;False;ERR;ERR;ERR;ERR;ERR;ERR;ERR;ERR;ERR;ERR
4270;0.01;True;0.01;False;0.01;False;ERR;ERR;ERR;ERR;ERR;ERR;ERR;ERR;ERR;ERR
4271;0.01;True;0.02;False;0.01;False;ERR;ERR;ERR;ERR;ERR;ERR;ERR;ERR;ERR;ERR
4272;0.01;True;0.01;False;0.01;False;ERR;ERR;ERR;ERR;ERR;ERR;ERR;ERR;ERR;ERR
4273;0.01;True;0.01;False;0.01;False;ERR;ERR;ERR;ERR;ERR;ERR;ERR;ERR;ERR;ERR
4274;0.01;True;0.01;False;0.01;False;ERR;ERR;ERR;ERR;ERR;ERR;ERR;ERR;ERR;ERR
4275;0.01;True;0.01;False;0.0;False;ERR;ERR;ERR;ERR;ERR;ERR;ERR;ERR;ERR;ERR
4276;0.01;True;0.01;False;0.01;False;ERR;ERR;ERR;ERR;ERR;ERR;ERR;ERR;ERR;ERR
4277;0.01;True;0.01;False;0.01;False;ERR;ERR;ERR;ERR;ERR;ERR;ERR;ERR;ERR;ERR
4278;0.01;True;0.01;False;0.02;False;ERR;ERR;ERR;ERR;ERR;ERR;ERR;ERR;ERR;ERR
4279;0.02;True;0.02;False;0.01;False;ERR;ERR;ERR;ERR;ERR;ERR;ERR;ERR;ERR;ERR
4280;0.01;True;0.02;False;0.02;False;ERR;ERR;ERR;ERR;ERR;ERR;ERR;ERR;ERR;ERR
4281;0.01;True;0.0;False;0.0;False;ERR;ERR;ERR;ERR;ERR;ERR;ERR;ERR;ERR;ERR
4282;0.01;True;0.01;False;0.01;False;ERR;ERR;ERR;ERR;ERR;ERR;ERR;ERR;ERR;ERR
4283;0.01;True;0.01;False;0.02;False;ERR;ERR;ERR;ERR;ERR;ERR;ERR;ERR;ERR;ERR
4284;0.0;True;0.01;False;0.01;False;ERR;ERR;ERR;0.06;False;ERR;ERR;0.03;False;ERR
4285;0.01;True;0.01;False;0.01;False;ERR;ERR;ERR;ERR;ERR;ERR;ERR;ERR;ERR;ERR
4286;0.02;True;0.01;False;0.02;False;ERR;ERR;ERR;ERR;ERR;ERR;ERR;ERR;ERR;ERR
4287;0.01;True;0.01;False;0.01;False;ERR;ERR;ERR;ERR;ERR;ERR;ERR;ERR;ERR;ERR
4288;0.01;True;0.01;False;0.0;False;ERR;ERR;ERR;ERR;ERR;ERR;ERR;ERR;ERR;ERR
4289;0.02;True;0.02;False;0.01;False;ERR;ERR;ERR;ERR;ERR;ERR;ERR;ERR;ERR;ERR
4290;0.01;True;0.01;False;0.01;False;ERR;ERR;ERR;ERR;ERR;ERR;ERR;ERR;ERR;ERR
4291;0.01;True;0.01;False;0.01;False;ERR;ERR;ERR;ERR;ERR;ERR;ERR;ERR;ERR;ERR
4292;0.01;True;0.02;False;0.02;False;ERR;ERR;ERR;ERR;ERR;ERR;ERR;ERR;ERR;ERR
4293;0.0;True;0.02;False;0.03;False;ERR;ERR;ERR;ERR;ERR;ERR;ERR;ERR;ERR;ERR
4294;0.02;True;0.01;False;0.01;False;ERR;ERR;ERR;ERR;ERR;ERR;ERR;ERR;ERR;ERR
4295;0.01;True;0.01;False;0.01;False;ERR;ERR;ERR;0.07;False;ERR;ERR;0.03;False;ERR
4296;0.01;True;0.02;False;0.02;False;ERR;ERR;ERR;ERR;ERR;ERR;ERR;ERR;ERR;ERR
4297;0.01;True;0.01;False;0.02;False;ERR;ERR;ERR;ERR;ERR;ERR;ERR;ERR;ERR;ERR
4298;0.01;True;0.01;False;0.02;False;ERR;ERR;ERR;ERR;ERR;ERR;ERR;ERR;ERR;ERR
4299;0.01;True;0.01;False;0.01;False;ERR;ERR;ERR;ERR;ERR;ERR;ERR;ERR;ERR;ERR
4300;0.02;True;0.01;False;0.01;False;ERR;ERR;ERR;ERR;ERR;ERR;ERR;ERR;ERR;ERR
4301;0.0;True;0.01;False;0.01;False;ERR;ERR;ERR;ERR;ERR;ERR;ERR;ERR;ERR;ERR
4302;0.01;True;0.01;False;0.01;False;ERR;ERR;ERR;ERR;ERR;ERR;ERR;ERR;ERR;ERR
4303;0.02;True;0.02;False;0.01;False;ERR;ERR;ERR;ERR;ERR;ERR;ERR;ERR;ERR;ERR
4304;0.01;True;0.01;False;0.02;False;ERR;ERR;ERR;ERR;ERR;ERR;ERR;ERR;ERR;ERR
4305;0.02;True;0.02;False;0.02;False;ERR;ERR;ERR;ERR;ERR;ERR;ERR;ERR;ERR;ERR
4306;0.01;True;0.01;False;0.02;False;ERR;ERR;ERR;ERR;ERR;ERR;ERR;ERR;ERR;ERR
4307;0.02;True;0.01;False;0.01;False;ERR;ERR;ERR;0.04;False;ERR;ERR;0.03;False;ERR
4308;0.01;True;0.01;False;0.01;False;ERR;ERR;ERR;ERR;ERR;ERR;ERR;ERR;ERR;ERR
4309;0.01;True;0.03;False;0.02;False;ERR;ERR;ERR;ERR;ERR;ERR;ERR;ERR;ERR;ERR
4310;0.02;True;0.01;False;0.0;False;ERR;ERR;ERR;ERR;ERR;ERR;ERR;ERR;ERR;ERR
4311;0.01;True;0.02;False;0.01;False;ERR;ERR;ERR;ERR;ERR;ERR;ERR;ERR;ERR;ERR
4312;0.01;True;0.01;False;0.01;False;ERR;ERR;ERR;ERR;ERR;ERR;ERR;ERR;ERR;ERR
4313;0.02;True;0.01;False;0.0;False;ERR;ERR;ERR;ERR;ERR;ERR;ERR;ERR;ERR;ERR
4314;0.01;True;0.02;False;0.01;False;ERR;ERR;ERR;ERR;ERR;ERR;ERR;ERR;ERR;ERR
4315;0.01;True;0.01;False;0.01;False;ERR;ERR;ERR;ERR;ERR;ERR;ERR;ERR;ERR;ERR
4316;0.01;True;0.01;False;0.01;False;ERR;ERR;ERR;ERR;ERR;ERR;ERR;ERR;ERR;ERR
4317;0.02;True;0.01;False;0.01;False;ERR;ERR;ERR;ERR;ERR;ERR;ERR;ERR;ERR;ERR
4318;0.01;True;0.02;False;0.02;False;ERR;ERR;ERR;ERR;ERR;ERR;ERR;ERR;ERR;ERR
4319;0.01;True;0.02;False;0.02;False;ERR;ERR;ERR;ERR;ERR;ERR;ERR;ERR;ERR;ERR
4320;0.01;True;0.01;False;0.01;False;ERR;ERR;ERR;ERR;ERR;ERR;ERR;ERR;ERR;ERR
4321;0.01;True;0.02;False;0.02;False;ERR;ERR;ERR;ERR;ERR;ERR;ERR;ERR;ERR;ERR
4322;0.01;True;0.01;False;0.02;False;ERR;ERR;ERR;ERR;ERR;ERR;ERR;ERR;ERR;ERR
4323;0.0;True;0.03;False;0.01;False;ERR;ERR;ERR;ERR;ERR;ERR;ERR;ERR;ERR;ERR
4324;0.01;True;0.02;False;0.01;False;ERR;ERR;ERR;ERR;ERR;ERR;ERR;ERR;ERR;ERR
4325;0.01;True;0.02;False;0.02;False;ERR;ERR;ERR;ERR;ERR;ERR;ERR;ERR;ERR;ERR
4326;0.02;True;0.01;False;0.03;False;ERR;ERR;ERR;ERR;ERR;ERR;ERR;ERR;ERR;ERR
4327;0.01;True;0.02;False;0.02;False;ERR;ERR;ERR;ERR;ERR;ERR;ERR;ERR;ERR;ERR
4328;0.01;True;0.02;False;0.01;False;ERR;ERR;ERR;ERR;ERR;ERR;ERR;ERR;ERR;ERR
4329;0.01;True;0.03;False;0.02;False;ERR;ERR;ERR;ERR;ERR;ERR;ERR;ERR;ERR;ERR
4330;0.01;True;0.01;False;0.01;False;ERR;ERR;ERR;ERR;ERR;ERR;ERR;ERR;ERR;ERR
4331;0.01;True;0.0;False;0.01;False;ERR;ERR;ERR;0.06;False;ERR;ERR;0.03;False;ERR
4332;0.01;True;0.01;False;0.01;False;ERR;ERR;ERR;ERR;ERR;ERR;ERR;ERR;ERR;ERR
4333;0.01;True;0.0;False;0.01;False;ERR;ERR;ERR;ERR;ERR;ERR;ERR;ERR;ERR;ERR
4334;0.01;True;0.02;False;0.01;False;ERR;ERR;ERR;ERR;ERR;ERR;ERR;ERR;ERR;ERR
4335;0.01;True;0.01;False;0.01;False;ERR;ERR;ERR;ERR;ERR;ERR;ERR;ERR;ERR;ERR
4336;0.02;True;0.02;False;0.02;False;ERR;ERR;ERR;ERR;ERR;ERR;ERR;ERR;ERR;ERR
4337;0.02;True;0.02;False;0.01;False;ERR;ERR;ERR;ERR;ERR;ERR;ERR;ERR;ERR;ERR
4338;0.01;True;0.03;False;0.01;False;ERR;ERR;ERR;ERR;ERR;ERR;ERR;ERR;ERR;ERR
4339;0.01;True;0.01;False;0.01;False;ERR;ERR;ERR;ERR;ERR;ERR;ERR;ERR;ERR;ERR
4340;0.01;True;0.01;False;0.01;False;ERR;ERR;ERR;ERR;ERR;ERR;ERR;ERR;ERR;ERR
4341;0.02;True;0.01;False;0.01;False;ERR;ERR;ERR;ERR;ERR;ERR;ERR;ERR;ERR;ERR
4342;0.01;True;0.01;False;0.01;False;ERR;ERR;ERR;ERR;ERR;ERR;ERR;ERR;ERR;ERR
4343;0.01;True;0.01;False;0.0;False;ERR;ERR;ERR;ERR;ERR;ERR;ERR;ERR;ERR;ERR
4344;0.0;True;0.01;False;0.01;False;ERR;ERR;ERR;ERR;ERR;ERR;ERR;ERR;ERR;ERR
4345;0.02;True;0.01;False;0.0;False;ERR;ERR;ERR;0.06;False;ERR;ERR;0.04;False;ERR
4346;0.01;True;0.01;False;0.02;False;ERR;ERR;ERR;ERR;ERR;ERR;ERR;ERR;ERR;ERR
4347;0.01;True;0.01;False;0.02;False;ERR;ERR;ERR;ERR;ERR;ERR;ERR;ERR;ERR;ERR
4348;0.01;True;0.0;False;0.01;False;ERR;ERR;ERR;ERR;ERR;ERR;ERR;ERR;ERR;ERR
4349;0.01;True;0.01;False;0.0;False;ERR;ERR;ERR;0.05;False;ERR;ERR;0.03;False;ERR
4350;0.01;True;0.01;False;0.01;False;ERR;ERR;ERR;ERR;ERR;ERR;ERR;ERR;ERR;ERR
4351;0.02;True;0.02;False;0.01;False;ERR;ERR;ERR;ERR;ERR;ERR;ERR;ERR;ERR;ERR
4352;0.01;True;0.01;False;0.02;False;ERR;ERR;ERR;ERR;ERR;ERR;ERR;ERR;ERR;ERR
4353;0.02;True;0.0;False;0.0;False;ERR;ERR;ERR;0.06;False;ERR;ERR;0.04;False;ERR
4354;0.02;True;0.0;False;0.01;False;ERR;ERR;ERR;ERR;ERR;ERR;ERR;ERR;ERR;ERR
4355;0.0;True;0.0;False;0.02;False;ERR;ERR;ERR;ERR;ERR;ERR;ERR;ERR;ERR;ERR
4356;0.01;True;0.01;False;0.01;False;ERR;ERR;ERR;0.07;False;ERR;ERR;0.05;False;ERR
4357;0.01;True;0.01;False;0.02;False;ERR;ERR;ERR;ERR;ERR;ERR;ERR;ERR;ERR;ERR
4358;0.01;True;0.02;False;0.02;False;ERR;ERR;ERR;ERR;ERR;ERR;ERR;ERR;ERR;ERR
4359;0.01;True;0.01;False;0.01;False;ERR;ERR;ERR;ERR;ERR;ERR;ERR;ERR;ERR;ERR
4360;0.01;True;0.02;False;0.02;False;ERR;ERR;ERR;ERR;ERR;ERR;ERR;ERR;ERR;ERR
4361;0.02;True;0.01;False;0.0;False;ERR;ERR;ERR;ERR;ERR;ERR;ERR;ERR;ERR;ERR
4362;0.02;True;0.02;False;0.01;False;ERR;ERR;ERR;ERR;ERR;ERR;ERR;ERR;ERR;ERR
4363;0.01;True;0.01;False;0.02;False;ERR;ERR;ERR;ERR;ERR;ERR;ERR;ERR;ERR;ERR
4364;0.02;True;0.02;False;0.02;False;ERR;ERR;ERR;ERR;ERR;ERR;ERR;ERR;ERR;ERR
4365;0.01;True;0.02;False;0.02;False;ERR;ERR;ERR;ERR;ERR;ERR;ERR;ERR;ERR;ERR
4366;0.01;True;0.02;False;0.02;False;ERR;ERR;ERR;ERR;ERR;ERR;ERR;ERR;ERR;ERR
4367;0.01;True;0.01;False;0.02;False;ERR;ERR;ERR;ERR;ERR;ERR;ERR;ERR;ERR;ERR
4368;0.01;True;0.0;False;0.01;False;ERR;ERR;ERR;ERR;ERR;ERR;ERR;ERR;ERR;ERR
4369;0.02;True;0.01;False;0.01;False;ERR;ERR;ERR;0.06;False;ERR;ERR;0.04;False;ERR
4370;0.01;True;0.0;False;0.01;False;ERR;ERR;ERR;ERR;ERR;ERR;ERR;ERR;ERR;ERR
4371;0.01;True;0.0;False;0.01;False;ERR;ERR;ERR;ERR;ERR;ERR;ERR;ERR;ERR;ERR
4372;0.01;True;0.01;False;0.01;False;ERR;ERR;ERR;ERR;ERR;ERR;ERR;ERR;ERR;ERR
4373;0.01;True;0.0;False;0.01;False;ERR;ERR;ERR;ERR;ERR;ERR;ERR;ERR;ERR;ERR
4374;0.01;True;0.02;False;0.02;False;ERR;ERR;ERR;ERR;ERR;ERR;ERR;ERR;ERR;ERR
4375;0.01;True;0.02;False;0.02;False;ERR;ERR;ERR;ERR;ERR;ERR;ERR;ERR;ERR;ERR
4376;0.01;True;0.02;False;0.01;False;ERR;ERR;ERR;ERR;ERR;ERR;ERR;ERR;ERR;ERR
4377;0.01;True;0.02;False;0.01;False;ERR;ERR;ERR;ERR;ERR;ERR;ERR;ERR;ERR;ERR
4378;0.01;True;0.01;False;0.01;False;ERR;ERR;ERR;ERR;ERR;ERR;ERR;ERR;ERR;ERR
4379;0.01;True;0.02;False;0.01;False;ERR;ERR;ERR;ERR;ERR;ERR;ERR;ERR;ERR;ERR
4380;0.0;True;0.0;False;0.01;False;ERR;ERR;ERR;ERR;ERR;ERR;ERR;ERR;ERR;ERR
4381;0.01;True;0.02;False;0.02;False;ERR;ERR;ERR;ERR;ERR;ERR;ERR;ERR;ERR;ERR
4382;0.0;True;0.02;False;0.01;False;ERR;ERR;ERR;ERR;ERR;ERR;ERR;ERR;ERR;ERR
4383;0.01;True;0.01;False;0.01;False;ERR;ERR;ERR;ERR;ERR;ERR;ERR;ERR;ERR;ERR
4384;0.01;True;0.01;False;0.01;False;ERR;ERR;ERR;ERR;ERR;ERR;ERR;ERR;ERR;ERR
4385;0.01;True;0.02;False;0.02;False;ERR;ERR;ERR;ERR;ERR;ERR;ERR;ERR;ERR;ERR
4386;0.01;True;0.01;False;0.01;False;ERR;ERR;ERR;ERR;ERR;ERR;ERR;ERR;ERR;ERR
4387;0.01;True;0.01;False;0.01;False;ERR;ERR;ERR;ERR;ERR;ERR;ERR;ERR;ERR;ERR
4388;0.02;True;0.01;False;0.0;False;ERR;ERR;ERR;ERR;ERR;ERR;ERR;ERR;ERR;ERR
4389;0.0;True;0.01;False;0.02;False;ERR;ERR;ERR;ERR;ERR;ERR;ERR;ERR;ERR;ERR
4390;0.0;True;0.01;False;0.01;False;ERR;ERR;ERR;ERR;ERR;ERR;ERR;ERR;ERR;ERR
4391;0.01;True;0.01;False;0.01;False;ERR;ERR;ERR;ERR;ERR;ERR;ERR;ERR;ERR;ERR
4392;0.02;True;0.02;False;0.02;False;ERR;ERR;ERR;ERR;ERR;ERR;ERR;ERR;ERR;ERR
4393;0.01;True;0.02;False;0.02;False;ERR;ERR;ERR;ERR;ERR;ERR;ERR;ERR;ERR;ERR
4394;0.01;True;0.02;False;0.01;False;ERR;ERR;ERR;ERR;ERR;ERR;ERR;ERR;ERR;ERR
4395;0.02;True;0.02;False;0.0;False;ERR;ERR;ERR;ERR;ERR;ERR;ERR;ERR;ERR;ERR
4396;0.02;True;0.0;False;0.01;False;ERR;ERR;ERR;ERR;ERR;ERR;ERR;ERR;ERR;ERR
4397;0.01;True;0.01;False;0.01;False;ERR;ERR;ERR;ERR;ERR;ERR;ERR;ERR;ERR;ERR
4398;0.01;True;0.01;False;0.02;False;ERR;ERR;ERR;ERR;ERR;ERR;ERR;ERR;ERR;ERR
4399;0.01;True;0.01;False;0.01;False;ERR;ERR;ERR;ERR;ERR;ERR;ERR;ERR;ERR;ERR
4400;0.02;True;0.01;False;0.01;False;ERR;ERR;ERR;ERR;ERR;ERR;ERR;ERR;ERR;ERR
4401;0.01;True;0.02;False;0.03;False;ERR;ERR;ERR;ERR;ERR;ERR;ERR;ERR;ERR;ERR
4402;0.01;True;0.0;False;0.01;False;ERR;ERR;ERR;ERR;ERR;ERR;ERR;ERR;ERR;ERR
4403;0.01;True;0.01;False;0.01;False;ERR;ERR;ERR;ERR;ERR;ERR;ERR;ERR;ERR;ERR
4404;0.02;True;0.01;False;0.02;False;ERR;ERR;ERR;ERR;ERR;ERR;ERR;ERR;ERR;ERR
4405;0.01;True;0.01;False;0.01;False;ERR;ERR;ERR;ERR;ERR;ERR;ERR;ERR;ERR;ERR
4406;0.01;True;0.01;False;0.0;False;ERR;ERR;ERR;ERR;ERR;ERR;ERR;ERR;ERR;ERR
4407;0.0;True;0.01;False;0.02;False;ERR;ERR;ERR;ERR;ERR;ERR;ERR;ERR;ERR;ERR
4408;0.0;True;0.01;False;0.01;False;ERR;ERR;ERR;ERR;ERR;ERR;ERR;ERR;ERR;ERR
4409;0.02;True;0.01;False;0.02;False;ERR;ERR;ERR;ERR;ERR;ERR;ERR;ERR;ERR;ERR
4410;0.01;True;0.02;False;0.02;False;ERR;ERR;ERR;ERR;ERR;ERR;ERR;ERR;ERR;ERR
4411;0.01;True;0.01;False;0.02;False;ERR;ERR;ERR;ERR;ERR;ERR;ERR;ERR;ERR;ERR
4412;0.01;True;0.01;False;0.01;False;ERR;ERR;ERR;ERR;ERR;ERR;ERR;ERR;ERR;ERR
4413;0.01;True;0.01;False;0.01;False;ERR;ERR;ERR;ERR;ERR;ERR;ERR;ERR;ERR;ERR
4414;0.0;True;0.01;False;0.02;False;ERR;ERR;ERR;ERR;ERR;ERR;ERR;ERR;ERR;ERR
4415;0.01;True;0.01;False;0.02;False;ERR;ERR;ERR;ERR;ERR;ERR;ERR;ERR;ERR;ERR
4416;0.01;True;0.02;False;0.01;False;ERR;ERR;ERR;ERR;ERR;ERR;ERR;ERR;ERR;ERR
4417;0.0;True;0.02;False;0.02;False;ERR;ERR;ERR;ERR;ERR;ERR;ERR;ERR;ERR;ERR
4418;0.01;True;0.02;False;0.02;False;ERR;ERR;ERR;ERR;ERR;ERR;ERR;ERR;ERR;ERR
4419;0.01;True;0.01;False;0.01;False;ERR;ERR;ERR;ERR;ERR;ERR;ERR;ERR;ERR;ERR
4420;0.01;True;0.02;False;0.02;False;ERR;ERR;ERR;ERR;ERR;ERR;ERR;ERR;ERR;ERR
4421;0.01;True;0.01;False;0.01;False;ERR;ERR;ERR;ERR;ERR;ERR;ERR;ERR;ERR;ERR
4422;0.02;True;0.01;False;0.01;False;ERR;ERR;ERR;ERR;ERR;ERR;ERR;ERR;ERR;ERR
4423;0.01;True;0.01;False;0.0;False;ERR;ERR;ERR;ERR;ERR;ERR;ERR;ERR;ERR;ERR
4424;0.01;True;0.01;False;0.02;False;ERR;ERR;ERR;ERR;ERR;ERR;ERR;ERR;ERR;ERR
4425;0.01;True;0.01;False;0.01;False;ERR;ERR;ERR;ERR;ERR;ERR;ERR;ERR;ERR;ERR
4426;0.01;True;0.02;False;0.03;False;ERR;ERR;ERR;ERR;ERR;ERR;ERR;ERR;ERR;ERR
4427;0.01;True;0.01;False;0.01;False;ERR;ERR;ERR;ERR;ERR;ERR;ERR;ERR;ERR;ERR
4428;0.02;True;0.01;False;0.01;False;ERR;ERR;ERR;ERR;ERR;ERR;ERR;ERR;ERR;ERR
4429;0.01;True;0.01;False;0.01;False;ERR;ERR;ERR;ERR;ERR;ERR;ERR;ERR;ERR;ERR
4430;0.02;True;0.02;False;0.02;False;ERR;ERR;ERR;ERR;ERR;ERR;ERR;ERR;ERR;ERR
4431;0.01;True;0.02;False;0.01;False;ERR;ERR;ERR;ERR;ERR;ERR;ERR;ERR;ERR;ERR
4432;0.01;True;0.01;False;0.01;False;ERR;ERR;ERR;ERR;ERR;ERR;ERR;ERR;ERR;ERR
4433;0.0;True;0.01;False;0.02;False;ERR;ERR;ERR;ERR;ERR;ERR;ERR;ERR;ERR;ERR
4434;0.01;True;0.01;False;0.01;False;ERR;ERR;ERR;ERR;ERR;ERR;ERR;ERR;ERR;ERR
4435;0.01;True;0.01;False;0.02;False;ERR;ERR;ERR;ERR;ERR;ERR;ERR;ERR;ERR;ERR
4436;0.02;True;0.02;False;0.02;False;ERR;ERR;ERR;ERR;ERR;ERR;ERR;ERR;ERR;ERR
4437;0.02;True;0.02;False;0.01;False;ERR;ERR;ERR;ERR;ERR;ERR;ERR;ERR;ERR;ERR
4438;0.01;True;0.01;False;0.01;False;ERR;ERR;ERR;ERR;ERR;ERR;ERR;ERR;ERR;ERR
4439;0.01;True;0.0;False;0.01;False;ERR;ERR;ERR;ERR;ERR;ERR;ERR;ERR;ERR;ERR
4440;0.01;True;0.01;False;0.02;False;ERR;ERR;ERR;ERR;ERR;ERR;ERR;ERR;ERR;ERR
4441;0.01;True;0.01;False;0.01;False;ERR;ERR;ERR;ERR;ERR;ERR;ERR;ERR;ERR;ERR
4442;0.01;True;0.01;False;0.01;False;ERR;ERR;ERR;ERR;ERR;ERR;ERR;ERR;ERR;ERR
4443;0.02;True;0.01;False;0.01;False;ERR;ERR;ERR;ERR;ERR;ERR;ERR;ERR;ERR;ERR
4444;0.01;True;0.01;False;0.01;False;ERR;ERR;ERR;ERR;ERR;ERR;ERR;ERR;ERR;ERR
4445;0.01;True;0.02;False;0.02;False;ERR;ERR;ERR;ERR;ERR;ERR;ERR;ERR;ERR;ERR
4446;0.01;True;0.0;False;0.01;False;ERR;ERR;ERR;0.05;False;ERR;ERR;0.04;False;ERR
4447;0.01;True;0.02;False;0.02;False;ERR;ERR;ERR;ERR;ERR;ERR;ERR;ERR;ERR;ERR
4448;0.01;True;0.01;False;0.02;False;ERR;ERR;ERR;ERR;ERR;ERR;ERR;ERR;ERR;ERR
4449;0.01;True;0.02;False;0.01;False;ERR;ERR;ERR;ERR;ERR;ERR;ERR;ERR;ERR;ERR
4450;0.01;True;0.01;False;0.01;False;ERR;ERR;ERR;0.06;False;ERR;ERR;0.03;False;ERR
4451;0.01;True;0.01;False;0.02;False;ERR;ERR;ERR;ERR;ERR;ERR;ERR;ERR;ERR;ERR
4452;0.01;True;0.02;False;0.02;False;ERR;ERR;ERR;ERR;ERR;ERR;ERR;ERR;ERR;ERR
4453;0.01;True;0.02;False;0.02;False;ERR;ERR;ERR;ERR;ERR;ERR;ERR;ERR;ERR;ERR
4454;0.01;True;0.01;False;0.01;False;ERR;ERR;ERR;ERR;ERR;ERR;ERR;ERR;ERR;ERR
4455;0.01;True;0.02;False;0.01;False;ERR;ERR;ERR;ERR;ERR;ERR;ERR;ERR;ERR;ERR
4456;0.01;True;0.01;False;0.01;False;ERR;ERR;ERR;ERR;ERR;ERR;ERR;ERR;ERR;ERR
4457;0.0;True;0.01;False;0.02;False;ERR;ERR;ERR;0.05;False;ERR;ERR;0.03;False;ERR
4458;0.02;True;0.02;False;0.02;False;ERR;ERR;ERR;ERR;ERR;ERR;ERR;ERR;ERR;ERR
4459;0.02;True;0.01;False;0.01;False;ERR;ERR;ERR;ERR;ERR;ERR;ERR;ERR;ERR;ERR
4460;0.01;True;0.01;False;0.02;False;ERR;ERR;ERR;ERR;ERR;ERR;ERR;ERR;ERR;ERR
4461;0.01;True;0.01;False;0.01;False;ERR;ERR;ERR;ERR;ERR;ERR;ERR;ERR;ERR;ERR
4462;0.01;True;0.01;False;0.0;False;ERR;ERR;ERR;0.06;False;ERR;ERR;0.03;False;ERR
4463;0.02;True;0.01;False;0.01;False;ERR;ERR;ERR;ERR;ERR;ERR;ERR;ERR;ERR;ERR
4464;0.01;True;0.01;False;0.02;False;ERR;ERR;ERR;ERR;ERR;ERR;ERR;ERR;ERR;ERR
4465;0.01;True;0.01;False;0.01;False;ERR;ERR;ERR;ERR;ERR;ERR;ERR;ERR;ERR;ERR
4466;0.01;True;0.01;False;0.01;False;ERR;ERR;ERR;ERR;ERR;ERR;ERR;ERR;ERR;ERR
4467;0.01;True;0.01;False;0.01;False;ERR;ERR;ERR;ERR;ERR;ERR;ERR;ERR;ERR;ERR
4468;0.01;True;0.01;False;0.02;False;ERR;ERR;ERR;ERR;ERR;ERR;ERR;ERR;ERR;ERR
4469;0.01;True;0.01;False;0.01;False;ERR;ERR;ERR;ERR;ERR;ERR;ERR;ERR;ERR;ERR
4470;0.01;True;0.0;False;0.01;False;ERR;ERR;ERR;ERR;ERR;ERR;ERR;ERR;ERR;ERR
4471;0.02;True;0.01;False;0.01;False;ERR;ERR;ERR;ERR;ERR;ERR;ERR;ERR;ERR;ERR
4472;0.0;True;0.02;False;0.01;False;ERR;ERR;ERR;ERR;ERR;ERR;ERR;ERR;ERR;ERR
4473;0.01;True;0.01;False;0.02;False;ERR;ERR;ERR;ERR;ERR;ERR;ERR;ERR;ERR;ERR
4474;0.01;True;0.01;False;0.01;False;ERR;ERR;ERR;0.05;False;ERR;ERR;0.03;False;ERR
4475;0.01;True;0.02;False;0.01;False;ERR;ERR;ERR;ERR;ERR;ERR;ERR;ERR;ERR;ERR
4476;0.01;True;0.0;False;0.02;False;ERR;ERR;ERR;ERR;ERR;ERR;ERR;ERR;ERR;ERR
4477;0.01;True;0.02;False;0.01;False;ERR;ERR;ERR;ERR;ERR;ERR;ERR;ERR;ERR;ERR
4478;0.01;True;0.01;False;0.01;False;ERR;ERR;ERR;ERR;ERR;ERR;ERR;ERR;ERR;ERR
4479;0.02;True;0.02;False;0.01;False;ERR;ERR;ERR;ERR;ERR;ERR;ERR;ERR;ERR;ERR
4480;0.01;True;0.02;False;0.03;False;ERR;ERR;ERR;ERR;ERR;ERR;ERR;ERR;ERR;ERR
4481;0.01;True;0.02;False;0.01;False;ERR;ERR;ERR;ERR;ERR;ERR;ERR;ERR;ERR;ERR
4482;0.01;True;0.02;False;0.02;False;ERR;ERR;ERR;ERR;ERR;ERR;ERR;ERR;ERR;ERR
4483;0.01;True;0.02;False;0.02;False;ERR;ERR;ERR;ERR;ERR;ERR;ERR;ERR;ERR;ERR
4484;0.01;True;0.01;False;0.0;False;ERR;ERR;ERR;ERR;ERR;ERR;ERR;ERR;ERR;ERR
4485;0.01;True;0.01;False;0.01;False;ERR;ERR;ERR;ERR;ERR;ERR;ERR;ERR;ERR;ERR
4486;0.02;True;0.02;False;0.01;False;ERR;ERR;ERR;ERR;ERR;ERR;ERR;ERR;ERR;ERR
4487;0.01;True;0.0;False;0.01;False;ERR;ERR;ERR;ERR;ERR;ERR;ERR;ERR;ERR;ERR
4488;0.01;True;0.02;False;0.01;False;ERR;ERR;ERR;ERR;ERR;ERR;ERR;ERR;ERR;ERR
4489;0.01;True;0.02;False;0.02;False;ERR;ERR;ERR;ERR;ERR;ERR;ERR;ERR;ERR;ERR
4490;0.01;True;0.01;False;0.0;False;ERR;ERR;ERR;ERR;ERR;ERR;ERR;ERR;ERR;ERR
4491;0.01;True;0.01;False;0.01;False;ERR;ERR;ERR;ERR;ERR;ERR;ERR;ERR;ERR;ERR
4492;0.01;True;0.02;False;0.01;False;ERR;ERR;ERR;ERR;ERR;ERR;ERR;ERR;ERR;ERR
4493;0.0;True;0.01;False;0.02;False;ERR;ERR;ERR;ERR;ERR;ERR;ERR;ERR;ERR;ERR
4494;0.02;True;0.01;False;0.02;False;ERR;ERR;ERR;ERR;ERR;ERR;ERR;ERR;ERR;ERR
4495;0.01;True;0.02;False;0.01;False;ERR;ERR;ERR;ERR;ERR;ERR;ERR;ERR;ERR;ERR
4496;0.01;True;0.02;False;0.01;False;ERR;ERR;ERR;ERR;ERR;ERR;ERR;ERR;ERR;ERR
4497;0.02;True;0.02;False;0.01;False;ERR;ERR;ERR;ERR;ERR;ERR;ERR;ERR;ERR;ERR
4498;0.01;True;0.01;False;0.01;False;ERR;ERR;ERR;ERR;ERR;ERR;ERR;ERR;ERR;ERR
4499;0.01;True;0.0;False;0.01;False;ERR;ERR;ERR;ERR;ERR;ERR;ERR;ERR;ERR;ERR
4500;0.01;True;0.02;False;0.02;False;ERR;ERR;ERR;ERR;ERR;ERR;ERR;ERR;ERR;ERR
4501;0.01;True;0.01;False;0.01;False;ERR;ERR;ERR;ERR;ERR;ERR;ERR;ERR;ERR;ERR
4502;0.01;True;0.01;False;0.02;False;ERR;ERR;ERR;ERR;ERR;ERR;ERR;ERR;ERR;ERR
4503;0.01;True;0.01;False;0.01;False;ERR;ERR;ERR;ERR;ERR;ERR;ERR;ERR;ERR;ERR
4504;0.01;True;0.01;False;0.02;False;ERR;ERR;ERR;ERR;ERR;ERR;ERR;ERR;ERR;ERR
4505;0.01;True;0.0;False;0.01;False;ERR;ERR;ERR;ERR;ERR;ERR;ERR;ERR;ERR;ERR
4506;0.01;True;0.01;False;0.01;False;ERR;ERR;ERR;ERR;ERR;ERR;ERR;ERR;ERR;ERR
4507;0.01;True;0.01;False;0.01;False;ERR;ERR;ERR;ERR;ERR;ERR;ERR;ERR;ERR;ERR
4508;0.01;True;0.01;False;0.0;False;ERR;ERR;ERR;ERR;ERR;ERR;ERR;ERR;ERR;ERR
4509;0.02;True;0.0;False;0.01;False;ERR;ERR;ERR;ERR;ERR;ERR;ERR;ERR;ERR;ERR
4510;0.01;True;0.01;False;0.01;False;ERR;ERR;ERR;ERR;ERR;ERR;ERR;ERR;ERR;ERR
4511;0.02;True;0.01;False;0.01;False;ERR;ERR;ERR;ERR;ERR;ERR;ERR;ERR;ERR;ERR
4512;0.01;True;0.0;False;0.01;False;ERR;ERR;ERR;ERR;ERR;ERR;ERR;ERR;ERR;ERR
4513;0.01;True;0.01;False;0.01;False;ERR;ERR;ERR;ERR;ERR;ERR;ERR;ERR;ERR;ERR
4514;0.01;True;0.01;False;0.01;False;ERR;ERR;ERR;ERR;ERR;ERR;ERR;ERR;ERR;ERR
4515;0.01;True;0.01;False;0.01;False;ERR;ERR;ERR;ERR;ERR;ERR;ERR;ERR;ERR;ERR
4516;0.01;True;0.0;False;0.01;False;ERR;ERR;ERR;ERR;ERR;ERR;ERR;ERR;ERR;ERR
4517;0.0;True;0.02;False;0.01;False;ERR;ERR;ERR;ERR;ERR;ERR;ERR;ERR;ERR;ERR
4518;0.01;True;0.01;False;0.01;False;ERR;ERR;ERR;ERR;ERR;ERR;ERR;ERR;ERR;ERR
4519;0.02;True;0.01;False;0.02;False;ERR;ERR;ERR;ERR;ERR;ERR;ERR;ERR;ERR;ERR
4520;0.02;True;0.01;False;0.01;False;ERR;ERR;ERR;ERR;ERR;ERR;ERR;ERR;ERR;ERR
4521;0.01;True;0.01;False;0.0;False;ERR;ERR;ERR;ERR;ERR;ERR;ERR;ERR;ERR;ERR
4522;0.01;True;0.02;False;0.01;False;ERR;ERR;ERR;ERR;ERR;ERR;ERR;ERR;ERR;ERR
4523;0.01;True;0.01;False;0.01;False;ERR;ERR;ERR;ERR;ERR;ERR;ERR;ERR;ERR;ERR
4524;0.01;True;0.01;False;0.01;False;ERR;ERR;ERR;ERR;ERR;ERR;ERR;ERR;ERR;ERR
4525;0.02;True;0.02;False;0.01;False;ERR;ERR;ERR;ERR;ERR;ERR;ERR;ERR;ERR;ERR
4526;0.01;True;0.01;False;0.01;False;ERR;ERR;ERR;ERR;ERR;ERR;ERR;ERR;ERR;ERR
4527;0.01;True;0.02;False;0.02;False;ERR;ERR;ERR;ERR;ERR;ERR;ERR;ERR;ERR;ERR
4528;0.02;True;0.01;False;0.01;False;ERR;ERR;ERR;ERR;ERR;ERR;ERR;ERR;ERR;ERR
4529;0.0;True;0.01;False;0.01;False;ERR;ERR;ERR;ERR;ERR;ERR;ERR;ERR;ERR;ERR
4530;0.01;True;0.02;False;0.02;False;ERR;ERR;ERR;ERR;ERR;ERR;ERR;ERR;ERR;ERR
4531;0.01;True;0.02;False;0.02;False;ERR;ERR;ERR;ERR;ERR;ERR;ERR;ERR;ERR;ERR
4532;0.0;True;0.01;False;0.0;False;ERR;ERR;ERR;ERR;ERR;ERR;ERR;ERR;ERR;ERR
4533;0.0;True;0.03;False;0.01;False;ERR;ERR;ERR;ERR;ERR;ERR;ERR;ERR;ERR;ERR
4534;0.01;True;0.02;False;0.02;False;ERR;ERR;ERR;ERR;ERR;ERR;ERR;ERR;ERR;ERR
4535;0.02;True;0.01;False;0.01;False;ERR;ERR;ERR;ERR;ERR;ERR;ERR;ERR;ERR;ERR
4536;0.01;True;0.0;False;0.0;False;ERR;ERR;ERR;ERR;ERR;ERR;ERR;ERR;ERR;ERR
4537;0.01;True;0.01;False;0.0;False;ERR;ERR;ERR;ERR;ERR;ERR;ERR;ERR;ERR;ERR
4538;0.01;True;0.01;False;0.01;False;ERR;ERR;ERR;ERR;ERR;ERR;ERR;ERR;ERR;ERR
4539;0.01;True;0.0;False;0.0;False;ERR;ERR;ERR;ERR;ERR;ERR;ERR;ERR;ERR;ERR
4540;0.01;True;0.0;False;0.01;False;ERR;ERR;ERR;ERR;ERR;ERR;ERR;ERR;ERR;ERR
4541;0.0;True;0.01;False;0.01;False;ERR;ERR;ERR;ERR;ERR;ERR;ERR;ERR;ERR;ERR
4542;0.01;True;0.02;False;0.02;False;ERR;ERR;ERR;ERR;ERR;ERR;ERR;ERR;ERR;ERR
4543;0.01;True;0.0;False;0.01;False;ERR;ERR;ERR;ERR;ERR;ERR;ERR;ERR;ERR;ERR
4544;0.01;True;0.02;False;0.02;False;ERR;ERR;ERR;ERR;ERR;ERR;ERR;ERR;ERR;ERR
4545;0.01;True;0.01;False;0.01;False;ERR;ERR;ERR;ERR;ERR;ERR;ERR;ERR;ERR;ERR
4546;0.02;True;0.01;False;0.01;False;ERR;ERR;ERR;ERR;ERR;ERR;ERR;ERR;ERR;ERR
4547;0.01;True;0.01;False;0.01;False;ERR;ERR;ERR;ERR;ERR;ERR;ERR;ERR;ERR;ERR
4548;0.01;True;0.01;False;0.01;False;ERR;ERR;ERR;ERR;ERR;ERR;ERR;ERR;ERR;ERR
4549;0.01;True;0.01;False;0.02;False;ERR;ERR;ERR;ERR;ERR;ERR;ERR;ERR;ERR;ERR
4550;0.01;True;0.01;False;0.0;False;ERR;ERR;ERR;ERR;ERR;ERR;ERR;ERR;ERR;ERR
4551;0.01;True;0.01;False;0.02;False;ERR;ERR;ERR;ERR;ERR;ERR;ERR;ERR;ERR;ERR
4552;0.01;True;0.01;False;0.01;False;ERR;ERR;ERR;ERR;ERR;ERR;ERR;ERR;ERR;ERR
4553;0.01;True;0.01;False;0.01;False;ERR;ERR;ERR;ERR;ERR;ERR;ERR;ERR;ERR;ERR
4554;0.01;True;0.02;False;0.01;False;ERR;ERR;ERR;ERR;ERR;ERR;ERR;ERR;ERR;ERR
4555;0.02;True;0.01;False;0.0;False;ERR;ERR;ERR;ERR;ERR;ERR;ERR;ERR;ERR;ERR
4556;0.01;True;0.02;False;0.02;False;ERR;ERR;ERR;ERR;ERR;ERR;ERR;ERR;ERR;ERR
4557;0.01;True;0.02;False;0.02;False;ERR;ERR;ERR;ERR;ERR;ERR;ERR;ERR;ERR;ERR
4558;0.0;True;0.01;False;0.01;False;ERR;ERR;ERR;ERR;ERR;ERR;ERR;ERR;ERR;ERR
4559;0.01;True;0.02;False;0.01;False;ERR;ERR;ERR;ERR;ERR;ERR;ERR;ERR;ERR;ERR
4560;0.01;True;0.01;False;0.01;False;ERR;ERR;ERR;ERR;ERR;ERR;ERR;ERR;ERR;ERR
4561;0.01;True;0.01;False;0.01;False;ERR;ERR;ERR;ERR;ERR;ERR;ERR;ERR;ERR;ERR
4562;0.01;True;0.0;False;0.01;False;ERR;ERR;ERR;ERR;ERR;ERR;ERR;ERR;ERR;ERR
4563;0.01;True;0.01;False;0.0;False;ERR;ERR;ERR;ERR;ERR;ERR;ERR;ERR;ERR;ERR
4564;0.01;True;0.01;False;0.0;False;ERR;ERR;ERR;ERR;ERR;ERR;ERR;ERR;ERR;ERR
4565;0.0;True;0.01;False;0.01;False;ERR;ERR;ERR;ERR;ERR;ERR;ERR;ERR;ERR;ERR
4566;0.01;True;0.0;False;0.01;False;ERR;ERR;ERR;ERR;ERR;ERR;ERR;ERR;ERR;ERR
4567;0.02;True;0.01;False;0.01;False;ERR;ERR;ERR;ERR;ERR;ERR;ERR;ERR;ERR;ERR
4568;0.01;True;0.01;False;0.02;False;ERR;ERR;ERR;ERR;ERR;ERR;ERR;ERR;ERR;ERR
4569;0.01;True;0.01;False;0.01;False;ERR;ERR;ERR;ERR;ERR;ERR;ERR;ERR;ERR;ERR
4570;0.01;True;0.02;False;0.01;False;ERR;ERR;ERR;ERR;ERR;ERR;ERR;ERR;ERR;ERR
4571;0.01;True;0.02;False;0.01;False;ERR;ERR;ERR;ERR;ERR;ERR;ERR;ERR;ERR;ERR
4572;0.02;True;0.01;False;0.01;False;ERR;ERR;ERR;ERR;ERR;ERR;ERR;ERR;ERR;ERR
4573;0.01;True;0.02;False;0.01;False;ERR;ERR;ERR;ERR;ERR;ERR;ERR;ERR;ERR;ERR
4574;0.01;True;0.01;False;0.01;False;ERR;ERR;ERR;ERR;ERR;ERR;ERR;ERR;ERR;ERR
4575;0.02;True;0.01;False;0.01;False;ERR;ERR;ERR;ERR;ERR;ERR;ERR;ERR;ERR;ERR
4576;0.01;True;0.01;False;0.01;False;ERR;ERR;ERR;ERR;ERR;ERR;ERR;ERR;ERR;ERR
4577;0.01;True;0.01;False;0.01;False;ERR;ERR;ERR;ERR;ERR;ERR;ERR;ERR;ERR;ERR
4578;0.01;True;0.02;False;0.01;False;ERR;ERR;ERR;ERR;ERR;ERR;ERR;ERR;ERR;ERR
4579;0.01;True;0.01;False;0.02;False;ERR;ERR;ERR;ERR;ERR;ERR;ERR;ERR;ERR;ERR
4580;0.01;True;0.01;False;0.01;False;ERR;ERR;ERR;ERR;ERR;ERR;ERR;ERR;ERR;ERR
4581;0.0;True;0.01;False;0.01;False;ERR;ERR;ERR;ERR;ERR;ERR;ERR;ERR;ERR;ERR
4582;0.01;True;0.01;False;0.01;False;ERR;ERR;ERR;ERR;ERR;ERR;ERR;ERR;ERR;ERR
4583;0.01;True;0.01;False;0.01;False;ERR;ERR;ERR;ERR;ERR;ERR;ERR;ERR;ERR;ERR
4584;0.02;True;0.01;False;0.01;False;ERR;ERR;ERR;ERR;ERR;ERR;ERR;ERR;ERR;ERR
4585;0.02;True;0.01;False;0.01;False;ERR;ERR;ERR;ERR;ERR;ERR;ERR;ERR;ERR;ERR
4586;0.01;True;0.01;False;0.0;False;ERR;ERR;ERR;ERR;ERR;ERR;ERR;ERR;ERR;ERR
4587;0.0;True;0.02;False;0.02;False;ERR;ERR;ERR;ERR;ERR;ERR;ERR;ERR;ERR;ERR
4588;0.02;True;0.01;False;0.02;False;ERR;ERR;ERR;ERR;ERR;ERR;ERR;ERR;ERR;ERR
4589;0.01;True;0.0;False;0.01;False;ERR;ERR;ERR;ERR;ERR;ERR;ERR;ERR;ERR;ERR
4590;0.01;True;0.01;False;0.02;False;ERR;ERR;ERR;ERR;ERR;ERR;ERR;ERR;ERR;ERR
4591;0.0;True;0.01;False;0.02;False;ERR;ERR;ERR;ERR;ERR;ERR;ERR;ERR;ERR;ERR
4592;0.01;True;0.01;False;0.01;False;ERR;ERR;ERR;ERR;ERR;ERR;ERR;ERR;ERR;ERR
4593;0.01;True;0.02;False;0.02;False;ERR;ERR;ERR;ERR;ERR;ERR;ERR;ERR;ERR;ERR
4594;0.01;True;0.01;False;0.02;False;ERR;ERR;ERR;ERR;ERR;ERR;ERR;ERR;ERR;ERR
4595;0.01;True;0.01;False;0.01;False;ERR;ERR;ERR;ERR;ERR;ERR;ERR;ERR;ERR;ERR
4596;0.0;True;0.01;False;0.01;False;ERR;ERR;ERR;ERR;ERR;ERR;ERR;ERR;ERR;ERR
4597;0.02;True;0.0;False;0.01;False;ERR;ERR;ERR;ERR;ERR;ERR;ERR;ERR;ERR;ERR
4598;0.02;True;0.0;False;0.01;False;ERR;ERR;ERR;ERR;ERR;ERR;ERR;ERR;ERR;ERR
4599;0.01;True;0.01;False;0.02;False;ERR;ERR;ERR;ERR;ERR;ERR;ERR;ERR;ERR;ERR
4600;0.01;True;0.02;False;0.02;False;ERR;ERR;ERR;ERR;ERR;ERR;ERR;ERR;ERR;ERR
4601;0.01;True;0.02;False;0.02;False;ERR;ERR;ERR;ERR;ERR;ERR;ERR;ERR;ERR;ERR
4602;0.01;True;0.01;False;0.01;False;ERR;ERR;ERR;ERR;ERR;ERR;ERR;ERR;ERR;ERR
4603;0.02;True;0.0;False;0.02;False;ERR;ERR;ERR;ERR;ERR;ERR;ERR;ERR;ERR;ERR
4604;0.01;True;0.01;False;0.01;False;ERR;ERR;ERR;ERR;ERR;ERR;ERR;ERR;ERR;ERR
4605;0.01;True;0.01;False;0.01;False;ERR;ERR;ERR;ERR;ERR;ERR;ERR;ERR;ERR;ERR
4606;0.02;True;0.01;False;0.01;False;ERR;ERR;ERR;ERR;ERR;ERR;ERR;ERR;ERR;ERR
4607;0.01;True;0.01;False;0.0;False;ERR;ERR;ERR;ERR;ERR;ERR;ERR;ERR;ERR;ERR
4608;0.02;True;0.02;False;0.01;False;ERR;ERR;ERR;ERR;ERR;ERR;ERR;ERR;ERR;ERR
4609;0.01;True;0.01;False;0.0;False;ERR;ERR;ERR;ERR;ERR;ERR;ERR;ERR;ERR;ERR
4610;0.0;True;0.01;False;0.0;False;ERR;ERR;ERR;ERR;ERR;ERR;ERR;ERR;ERR;ERR
4611;0.01;True;0.01;False;0.0;False;ERR;ERR;ERR;ERR;ERR;ERR;ERR;ERR;ERR;ERR
4612;0.02;True;0.01;False;0.02;False;ERR;ERR;ERR;ERR;ERR;ERR;ERR;ERR;ERR;ERR
4613;0.01;True;0.01;False;0.01;False;ERR;ERR;ERR;ERR;ERR;ERR;ERR;ERR;ERR;ERR
4614;0.01;True;0.01;False;0.01;False;ERR;ERR;ERR;ERR;ERR;ERR;ERR;ERR;ERR;ERR
4615;0.01;True;0.02;False;0.02;False;ERR;ERR;ERR;ERR;ERR;ERR;ERR;ERR;ERR;ERR
4616;0.01;True;0.01;False;0.01;False;ERR;ERR;ERR;ERR;ERR;ERR;ERR;ERR;ERR;ERR
4617;0.01;True;0.02;False;0.02;False;ERR;ERR;ERR;ERR;ERR;ERR;ERR;ERR;ERR;ERR
4618;0.01;True;0.01;False;0.01;False;ERR;ERR;ERR;ERR;ERR;ERR;ERR;ERR;ERR;ERR
4619;0.01;True;0.01;False;0.01;False;ERR;ERR;ERR;ERR;ERR;ERR;ERR;ERR;ERR;ERR
4620;0.02;True;0.01;False;0.01;False;ERR;ERR;ERR;ERR;ERR;ERR;ERR;ERR;ERR;ERR
4621;0.02;True;0.01;False;0.01;False;ERR;ERR;ERR;ERR;ERR;ERR;ERR;ERR;ERR;ERR
4622;0.01;True;0.01;False;0.0;False;ERR;ERR;ERR;ERR;ERR;ERR;ERR;ERR;ERR;ERR
4623;0.01;True;0.02;False;0.01;False;ERR;ERR;ERR;ERR;ERR;ERR;ERR;ERR;ERR;ERR
4624;0.01;True;0.02;False;0.01;False;ERR;ERR;ERR;ERR;ERR;ERR;ERR;ERR;ERR;ERR
4625;0.02;True;0.0;False;0.01;False;ERR;ERR;ERR;ERR;ERR;ERR;ERR;ERR;ERR;ERR
4626;0.02;True;0.02;False;0.01;False;ERR;ERR;ERR;ERR;ERR;ERR;ERR;ERR;ERR;ERR
4627;0.01;True;0.02;False;0.01;False;ERR;ERR;ERR;ERR;ERR;ERR;ERR;ERR;ERR;ERR
4628;0.01;True;0.03;False;0.02;False;ERR;ERR;ERR;ERR;ERR;ERR;ERR;ERR;ERR;ERR
4629;0.01;True;0.01;False;0.01;False;ERR;ERR;ERR;ERR;ERR;ERR;ERR;ERR;ERR;ERR
4630;0.01;True;0.02;False;0.01;False;ERR;ERR;ERR;ERR;ERR;ERR;ERR;ERR;ERR;ERR
4631;0.01;True;0.0;False;0.02;False;ERR;ERR;ERR;ERR;ERR;ERR;ERR;ERR;ERR;ERR
4632;0.01;True;0.01;False;0.01;False;ERR;ERR;ERR;ERR;ERR;ERR;ERR;ERR;ERR;ERR
4633;0.01;True;0.01;False;0.0;False;ERR;ERR;ERR;ERR;ERR;ERR;ERR;ERR;ERR;ERR
4634;0.01;True;0.02;False;0.02;False;ERR;ERR;ERR;ERR;ERR;ERR;ERR;ERR;ERR;ERR
4635;0.01;True;0.0;False;0.01;False;ERR;ERR;ERR;ERR;ERR;ERR;ERR;ERR;ERR;ERR
4636;0.02;True;0.01;False;0.01;False;ERR;ERR;ERR;ERR;ERR;ERR;ERR;ERR;ERR;ERR
4637;0.01;True;0.01;False;0.02;False;ERR;ERR;ERR;ERR;ERR;ERR;ERR;ERR;ERR;ERR
4638;0.01;True;0.0;False;0.01;False;ERR;ERR;ERR;ERR;ERR;ERR;ERR;ERR;ERR;ERR
4639;0.01;True;0.02;False;0.01;False;ERR;ERR;ERR;ERR;ERR;ERR;ERR;ERR;ERR;ERR
4640;0.02;True;0.02;False;0.01;False;ERR;ERR;ERR;ERR;ERR;ERR;ERR;ERR;ERR;ERR
4641;0.02;True;0.01;False;0.01;False;ERR;ERR;ERR;ERR;ERR;ERR;ERR;ERR;ERR;ERR
4642;0.01;True;0.01;False;0.0;False;ERR;ERR;ERR;ERR;ERR;ERR;ERR;ERR;ERR;ERR
4643;0.01;True;0.0;False;0.01;False;ERR;ERR;ERR;ERR;ERR;ERR;ERR;ERR;ERR;ERR
4644;0.0;True;0.02;False;0.01;False;ERR;ERR;ERR;ERR;ERR;ERR;ERR;ERR;ERR;ERR
4645;0.01;True;0.02;False;0.01;False;ERR;ERR;ERR;ERR;ERR;ERR;ERR;ERR;ERR;ERR
4646;0.01;True;0.01;False;0.01;False;ERR;ERR;ERR;ERR;ERR;ERR;ERR;ERR;ERR;ERR
4647;0.01;True;0.02;False;0.01;False;ERR;ERR;ERR;ERR;ERR;ERR;ERR;ERR;ERR;ERR
4648;0.02;True;0.0;False;0.02;False;ERR;ERR;ERR;ERR;ERR;ERR;ERR;ERR;ERR;ERR
4649;0.01;True;0.0;False;0.01;False;ERR;ERR;ERR;ERR;ERR;ERR;ERR;ERR;ERR;ERR
4650;0.02;True;0.02;False;0.01;False;ERR;ERR;ERR;ERR;ERR;ERR;ERR;ERR;ERR;ERR
4651;0.01;True;0.0;False;0.01;False;ERR;ERR;ERR;ERR;ERR;ERR;ERR;ERR;ERR;ERR
4652;0.01;True;0.01;False;0.01;False;ERR;ERR;ERR;ERR;ERR;ERR;ERR;ERR;ERR;ERR
4653;0.01;True;0.0;False;0.02;False;ERR;ERR;ERR;ERR;ERR;ERR;ERR;ERR;ERR;ERR
4654;0.01;True;0.0;False;0.02;False;ERR;ERR;ERR;ERR;ERR;ERR;ERR;ERR;ERR;ERR
4655;0.0;True;0.01;False;0.01;False;ERR;ERR;ERR;ERR;ERR;ERR;ERR;ERR;ERR;ERR
4656;0.01;True;0.0;False;0.01;False;ERR;ERR;ERR;ERR;ERR;ERR;ERR;ERR;ERR;ERR
4657;0.01;True;0.01;False;0.0;False;ERR;ERR;ERR;ERR;ERR;ERR;ERR;ERR;ERR;ERR
4658;0.01;True;0.0;False;0.01;False;ERR;ERR;ERR;ERR;ERR;ERR;ERR;ERR;ERR;ERR
4659;0.0;True;0.01;False;0.01;False;ERR;ERR;ERR;ERR;ERR;ERR;ERR;ERR;ERR;ERR
4660;0.02;True;0.01;False;0.01;False;ERR;ERR;ERR;ERR;ERR;ERR;ERR;ERR;ERR;ERR
4661;0.0;True;0.01;False;0.01;False;ERR;ERR;ERR;ERR;ERR;ERR;ERR;ERR;ERR;ERR
4662;0.01;True;0.0;False;0.01;False;ERR;ERR;ERR;ERR;ERR;ERR;ERR;ERR;ERR;ERR
4663;0.01;True;0.01;False;0.01;False;ERR;ERR;ERR;ERR;ERR;ERR;ERR;ERR;ERR;ERR
4664;0.01;True;0.01;False;0.01;False;ERR;ERR;ERR;ERR;ERR;ERR;ERR;ERR;ERR;ERR
4665;0.01;True;0.01;False;0.01;False;ERR;ERR;ERR;ERR;ERR;ERR;ERR;ERR;ERR;ERR
4666;0.01;True;0.0;False;0.01;False;ERR;ERR;ERR;ERR;ERR;ERR;ERR;ERR;ERR;ERR
4667;0.01;True;0.01;False;0.01;False;ERR;ERR;ERR;ERR;ERR;ERR;ERR;ERR;ERR;ERR
4668;0.01;True;0.01;False;0.01;False;ERR;ERR;ERR;ERR;ERR;ERR;ERR;ERR;ERR;ERR
4669;0.01;True;0.01;False;0.01;False;ERR;ERR;ERR;ERR;ERR;ERR;ERR;ERR;ERR;ERR
4670;0.01;True;0.01;False;0.01;False;ERR;ERR;ERR;ERR;ERR;ERR;ERR;ERR;ERR;ERR
4671;0.01;True;0.01;False;0.01;False;ERR;ERR;ERR;ERR;ERR;ERR;ERR;ERR;ERR;ERR
4672;0.01;True;0.01;False;0.01;False;ERR;ERR;ERR;ERR;ERR;ERR;ERR;ERR;ERR;ERR
4673;0.01;True;0.01;False;0.02;False;ERR;ERR;ERR;ERR;ERR;ERR;ERR;ERR;ERR;ERR
4674;0.02;True;0.0;False;0.01;False;ERR;ERR;ERR;ERR;ERR;ERR;ERR;ERR;ERR;ERR
4675;0.01;True;0.01;False;0.02;False;ERR;ERR;ERR;ERR;ERR;ERR;ERR;ERR;ERR;ERR
4676;0.01;True;0.01;False;0.0;False;ERR;ERR;ERR;ERR;ERR;ERR;ERR;ERR;ERR;ERR
4677;0.01;True;0.01;False;0.01;False;ERR;ERR;ERR;ERR;ERR;ERR;ERR;ERR;ERR;ERR
4678;0.02;True;0.01;False;0.02;False;ERR;ERR;ERR;ERR;ERR;ERR;ERR;ERR;ERR;ERR
4679;0.01;True;0.01;False;0.0;False;ERR;ERR;ERR;ERR;ERR;ERR;ERR;ERR;ERR;ERR
4680;0.01;True;0.0;False;0.01;False;ERR;ERR;ERR;ERR;ERR;ERR;ERR;ERR;ERR;ERR
4681;0.01;True;0.01;False;0.01;False;ERR;ERR;ERR;ERR;ERR;ERR;ERR;ERR;ERR;ERR
4682;0.01;True;0.01;False;0.02;False;ERR;ERR;ERR;ERR;ERR;ERR;ERR;ERR;ERR;ERR
4683;0.01;True;0.01;False;0.01;False;ERR;ERR;ERR;ERR;ERR;ERR;ERR;ERR;ERR;ERR
4684;0.0;True;0.01;False;0.02;False;ERR;ERR;ERR;ERR;ERR;ERR;ERR;ERR;ERR;ERR
4685;0.01;True;0.01;False;0.0;False;ERR;ERR;ERR;ERR;ERR;ERR;ERR;ERR;ERR;ERR
4686;0.0;True;0.01;False;0.0;False;ERR;ERR;ERR;ERR;ERR;ERR;ERR;ERR;ERR;ERR
4687;0.01;True;0.0;False;0.01;False;ERR;ERR;ERR;ERR;ERR;ERR;ERR;ERR;ERR;ERR
4688;0.01;True;0.01;False;0.01;False;ERR;ERR;ERR;ERR;ERR;ERR;ERR;ERR;ERR;ERR
4689;0.01;True;0.01;False;0.0;False;ERR;ERR;ERR;ERR;ERR;ERR;ERR;ERR;ERR;ERR
4690;0.0;True;0.02;False;0.01;False;ERR;ERR;ERR;ERR;ERR;ERR;ERR;ERR;ERR;ERR
4691;0.01;True;0.01;False;0.01;False;ERR;ERR;ERR;ERR;ERR;ERR;ERR;ERR;ERR;ERR
4692;0.02;True;0.01;False;0.01;False;ERR;ERR;ERR;ERR;ERR;ERR;ERR;ERR;ERR;ERR
4693;0.01;True;0.0;False;0.0;False;ERR;ERR;ERR;ERR;ERR;ERR;ERR;ERR;ERR;ERR
4694;0.02;True;0.0;False;0.01;False;ERR;ERR;ERR;ERR;ERR;ERR;ERR;ERR;ERR;ERR
4695;0.01;True;0.0;False;0.0;False;ERR;ERR;ERR;ERR;ERR;ERR;ERR;ERR;ERR;ERR
4696;0.01;True;0.01;False;0.01;False;ERR;ERR;ERR;ERR;ERR;ERR;ERR;ERR;ERR;ERR
4697;0.01;True;0.01;False;0.01;False;ERR;ERR;ERR;ERR;ERR;ERR;ERR;ERR;ERR;ERR
4698;0.02;True;0.0;False;0.01;False;ERR;ERR;ERR;ERR;ERR;ERR;ERR;ERR;ERR;ERR
4699;0.01;True;0.0;False;0.01;False;ERR;ERR;ERR;ERR;ERR;ERR;ERR;ERR;ERR;ERR
4700;0.01;True;0.01;False;0.01;False;ERR;ERR;ERR;ERR;ERR;ERR;ERR;ERR;ERR;ERR
4701;0.02;True;0.02;False;0.01;False;ERR;ERR;ERR;ERR;ERR;ERR;ERR;ERR;ERR;ERR
4702;0.01;True;0.0;False;0.01;False;ERR;ERR;ERR;ERR;ERR;ERR;ERR;ERR;ERR;ERR
4703;0.01;True;0.01;False;0.01;False;ERR;ERR;ERR;ERR;ERR;ERR;ERR;ERR;ERR;ERR
4704;0.01;True;0.01;False;0.01;False;ERR;ERR;ERR;ERR;ERR;ERR;ERR;ERR;ERR;ERR
4705;0.02;True;0.02;False;0.02;False;ERR;ERR;ERR;ERR;ERR;ERR;ERR;ERR;ERR;ERR
4706;0.0;True;0.01;False;0.01;False;ERR;ERR;ERR;ERR;ERR;ERR;ERR;ERR;ERR;ERR
4707;0.01;True;0.01;False;0.01;False;ERR;ERR;ERR;ERR;ERR;ERR;ERR;ERR;ERR;ERR
4708;0.0;True;0.0;False;0.0;False;ERR;ERR;ERR;ERR;ERR;ERR;ERR;ERR;ERR;ERR
4709;0.02;True;0.01;False;0.01;False;ERR;ERR;ERR;ERR;ERR;ERR;ERR;ERR;ERR;ERR
4710;0.02;True;0.0;False;0.01;False;ERR;ERR;ERR;ERR;ERR;ERR;ERR;ERR;ERR;ERR
4711;0.01;True;0.01;False;0.02;False;ERR;ERR;ERR;ERR;ERR;ERR;ERR;ERR;ERR;ERR
4712;0.02;True;0.0;False;0.01;False;ERR;ERR;ERR;ERR;ERR;ERR;ERR;ERR;ERR;ERR
4713;0.02;True;0.0;False;0.01;False;ERR;ERR;ERR;ERR;ERR;ERR;ERR;ERR;ERR;ERR
4714;0.01;True;0.0;False;0.0;False;ERR;ERR;ERR;ERR;ERR;ERR;ERR;ERR;ERR;ERR
4715;0.02;True;0.01;False;0.01;False;ERR;ERR;ERR;ERR;ERR;ERR;ERR;ERR;ERR;ERR
4716;0.01;True;0.01;False;0.0;False;ERR;ERR;ERR;ERR;ERR;ERR;ERR;ERR;ERR;ERR
4717;0.01;True;0.02;False;0.02;False;ERR;ERR;ERR;ERR;ERR;ERR;ERR;ERR;ERR;ERR
4718;0.01;True;0.01;False;0.01;False;ERR;ERR;ERR;ERR;ERR;ERR;ERR;ERR;ERR;ERR
4719;0.01;True;0.02;False;0.02;False;ERR;ERR;ERR;ERR;ERR;ERR;ERR;ERR;ERR;ERR
4720;0.02;True;0.01;False;0.02;False;ERR;ERR;ERR;ERR;ERR;ERR;ERR;ERR;ERR;ERR
4721;0.02;True;0.01;False;0.01;False;ERR;ERR;ERR;ERR;ERR;ERR;ERR;ERR;ERR;ERR
4722;0.01;True;0.01;False;0.01;False;ERR;ERR;ERR;ERR;ERR;ERR;ERR;ERR;ERR;ERR
4723;0.02;True;0.0;False;0.01;False;ERR;ERR;ERR;ERR;ERR;ERR;ERR;ERR;ERR;ERR
4724;0.01;True;0.02;False;0.02;False;ERR;ERR;ERR;ERR;ERR;ERR;ERR;ERR;ERR;ERR
4725;0.02;True;0.0;False;0.0;False;ERR;ERR;ERR;ERR;ERR;ERR;ERR;ERR;ERR;ERR
4726;0.01;True;0.0;False;0.01;False;ERR;ERR;ERR;ERR;ERR;ERR;ERR;ERR;ERR;ERR
4727;0.02;True;0.02;False;0.01;False;ERR;ERR;ERR;ERR;ERR;ERR;ERR;ERR;ERR;ERR
4728;0.01;True;0.01;False;0.01;False;ERR;ERR;ERR;ERR;ERR;ERR;ERR;ERR;ERR;ERR
4729;0.01;True;0.02;False;0.01;False;ERR;ERR;ERR;ERR;ERR;ERR;ERR;ERR;ERR;ERR
4730;0.02;True;0.01;False;0.01;False;ERR;ERR;ERR;ERR;ERR;ERR;ERR;ERR;ERR;ERR
4731;0.02;True;0.02;False;0.02;False;ERR;ERR;ERR;ERR;ERR;ERR;ERR;ERR;ERR;ERR
4732;0.01;True;0.01;False;0.01;False;ERR;ERR;ERR;ERR;ERR;ERR;ERR;ERR;ERR;ERR
4733;0.01;True;0.01;False;0.01;False;ERR;ERR;ERR;ERR;ERR;ERR;ERR;ERR;ERR;ERR
4734;0.0;True;0.01;False;0.0;False;ERR;ERR;ERR;ERR;ERR;ERR;ERR;ERR;ERR;ERR
4735;0.01;True;0.01;False;0.01;False;ERR;ERR;ERR;ERR;ERR;ERR;ERR;ERR;ERR;ERR
4736;0.0;True;0.01;False;0.01;False;ERR;ERR;ERR;ERR;ERR;ERR;ERR;ERR;ERR;ERR
4737;0.01;True;0.01;False;0.0;False;ERR;ERR;ERR;ERR;ERR;ERR;ERR;ERR;ERR;ERR
4738;0.01;True;0.0;False;0.02;False;ERR;ERR;ERR;ERR;ERR;ERR;ERR;ERR;ERR;ERR
4739;0.01;True;0.01;False;0.01;False;ERR;ERR;ERR;ERR;ERR;ERR;ERR;ERR;ERR;ERR
4740;0.01;True;0.01;False;0.02;False;ERR;ERR;ERR;ERR;ERR;ERR;ERR;ERR;ERR;ERR
4741;0.02;True;0.02;False;0.01;False;ERR;ERR;ERR;ERR;ERR;ERR;ERR;ERR;ERR;ERR
4742;0.01;True;0.01;False;0.02;False;ERR;ERR;ERR;ERR;ERR;ERR;ERR;ERR;ERR;ERR
4743;0.01;True;0.01;False;0.01;False;ERR;ERR;ERR;ERR;ERR;ERR;ERR;ERR;ERR;ERR
4744;0.01;True;0.02;False;0.01;False;ERR;ERR;ERR;ERR;ERR;ERR;ERR;ERR;ERR;ERR
4745;0.01;True;0.01;False;0.01;False;ERR;ERR;ERR;ERR;ERR;ERR;ERR;ERR;ERR;ERR
4746;0.01;True;0.01;False;0.01;False;ERR;ERR;ERR;ERR;ERR;ERR;ERR;ERR;ERR;ERR
4747;0.02;True;0.02;False;0.01;False;ERR;ERR;ERR;ERR;ERR;ERR;ERR;ERR;ERR;ERR
4748;0.01;True;0.0;False;0.01;False;ERR;ERR;ERR;ERR;ERR;ERR;ERR;ERR;ERR;ERR
4749;0.0;True;0.01;False;0.01;False;ERR;ERR;ERR;ERR;ERR;ERR;ERR;ERR;ERR;ERR
4750;0.01;True;0.01;False;0.02;False;ERR;ERR;ERR;ERR;ERR;ERR;ERR;ERR;ERR;ERR
4751;0.01;True;0.01;False;0.02;False;ERR;ERR;ERR;ERR;ERR;ERR;ERR;ERR;ERR;ERR
4752;0.01;True;0.01;False;0.0;False;ERR;ERR;ERR;ERR;ERR;ERR;ERR;ERR;ERR;ERR
4753;0.01;True;0.01;False;0.0;False;ERR;ERR;ERR;ERR;ERR;ERR;ERR;ERR;ERR;ERR
4754;0.01;True;0.01;False;0.02;False;ERR;ERR;ERR;ERR;ERR;ERR;ERR;ERR;ERR;ERR
4755;0.01;True;0.02;False;0.01;False;ERR;ERR;ERR;ERR;ERR;ERR;ERR;ERR;ERR;ERR
4756;0.02;True;0.02;False;0.02;False;ERR;ERR;ERR;ERR;ERR;ERR;ERR;ERR;ERR;ERR
4757;0.01;True;0.02;False;0.02;False;ERR;ERR;ERR;ERR;ERR;ERR;ERR;ERR;ERR;ERR
4758;0.01;True;0.01;False;0.02;False;ERR;ERR;ERR;ERR;ERR;ERR;ERR;ERR;ERR;ERR
4759;0.01;True;0.01;False;0.01;False;ERR;ERR;ERR;ERR;ERR;ERR;ERR;ERR;ERR;ERR
4760;0.01;True;0.01;False;0.0;False;ERR;ERR;ERR;ERR;ERR;ERR;ERR;ERR;ERR;ERR
4761;0.01;True;0.0;False;0.01;False;ERR;ERR;ERR;ERR;ERR;ERR;ERR;ERR;ERR;ERR
4762;0.01;True;0.01;False;0.0;False;ERR;ERR;ERR;ERR;ERR;ERR;ERR;ERR;ERR;ERR
4763;0.01;True;0.01;False;0.01;False;ERR;ERR;ERR;ERR;ERR;ERR;ERR;ERR;ERR;ERR
4764;0.02;True;0.01;False;0.02;False;ERR;ERR;ERR;ERR;ERR;ERR;ERR;ERR;ERR;ERR
4765;0.0;True;0.01;False;0.01;False;ERR;ERR;ERR;ERR;ERR;ERR;ERR;ERR;ERR;ERR
4766;0.01;True;0.01;False;0.01;False;ERR;ERR;ERR;ERR;ERR;ERR;ERR;ERR;ERR;ERR
4767;0.02;True;0.02;False;0.02;False;ERR;ERR;ERR;ERR;ERR;ERR;ERR;ERR;ERR;ERR
4768;0.01;True;0.02;False;0.02;False;ERR;ERR;ERR;ERR;ERR;ERR;ERR;ERR;ERR;ERR
4769;0.0;True;0.01;False;0.01;False;ERR;ERR;ERR;ERR;ERR;ERR;ERR;ERR;ERR;ERR
4770;0.01;True;0.01;False;0.01;False;ERR;ERR;ERR;0.06;False;ERR;ERR;0.04;False;ERR
4771;0.02;True;0.01;False;0.01;False;ERR;ERR;ERR;ERR;ERR;ERR;ERR;ERR;ERR;ERR
4772;0.0;True;0.02;False;0.01;False;ERR;ERR;ERR;ERR;ERR;ERR;ERR;ERR;ERR;ERR
4773;0.01;True;0.01;False;0.01;False;ERR;ERR;ERR;ERR;ERR;ERR;ERR;ERR;ERR;ERR
4774;0.01;True;0.01;False;0.01;False;ERR;ERR;ERR;ERR;ERR;ERR;ERR;ERR;ERR;ERR
4775;0.01;True;0.02;False;0.01;False;ERR;ERR;ERR;ERR;ERR;ERR;ERR;ERR;ERR;ERR
4776;0.0;True;0.01;False;0.01;False;ERR;ERR;ERR;ERR;ERR;ERR;ERR;ERR;ERR;ERR
4777;0.01;True;0.01;False;0.01;False;ERR;ERR;ERR;ERR;ERR;ERR;ERR;ERR;ERR;ERR
4778;0.02;True;0.01;False;0.01;False;ERR;ERR;ERR;ERR;ERR;ERR;ERR;ERR;ERR;ERR
4779;0.0;True;0.01;False;0.01;False;ERR;ERR;ERR;ERR;ERR;ERR;ERR;ERR;ERR;ERR
4780;0.01;True;0.01;False;0.01;False;ERR;ERR;ERR;ERR;ERR;ERR;ERR;ERR;ERR;ERR
4781;0.02;True;0.01;False;0.0;False;ERR;ERR;ERR;ERR;ERR;ERR;ERR;ERR;ERR;ERR
4782;0.01;True;2.26;False;0.09;False;ERR;ERR;ERR;ERR;ERR;ERR;ERR;ERR;ERR;ERR
4783;0.01;True;0.02;False;0.01;False;ERR;ERR;ERR;ERR;ERR;ERR;ERR;ERR;ERR;ERR
4784;0.0;True;0.01;False;0.02;False;ERR;ERR;ERR;ERR;ERR;ERR;ERR;ERR;ERR;ERR
4785;0.01;True;0.01;False;0.02;False;ERR;ERR;ERR;ERR;ERR;ERR;ERR;ERR;ERR;ERR
4786;0.01;True;0.01;False;0.0;False;14.95;False;0.9455360860000006;ERR;ERR;ERR;ERR;ERR;ERR;ERR
4787;0.01;True;0.22;False;0.09;False;ERR;ERR;ERR;ERR;ERR;ERR;ERR;ERR;ERR;ERR
4788;0.02;True;0.01;False;0.01;False;ERR;ERR;ERR;ERR;ERR;ERR;ERR;ERR;ERR;ERR
4789;0.01;True;0.0;False;0.01;False;ERR;ERR;ERR;ERR;ERR;ERR;ERR;ERR;ERR;ERR
4790;0.0;True;0.02;False;0.02;False;ERR;ERR;ERR;ERR;ERR;ERR;ERR;ERR;ERR;ERR
4791;0.01;True;0.02;False;0.01;False;ERR;ERR;ERR;ERR;ERR;ERR;ERR;ERR;ERR;ERR
4792;0.02;True;0.01;False;0.0;False;14.72;False;0.506923307000001;ERR;ERR;ERR;ERR;ERR;ERR;ERR
4793;0.02;True;0.01;False;0.0;False;15.6;False;1.0382559980000003;ERR;ERR;ERR;ERR;ERR;ERR;ERR
4794;0.01;True;0.01;False;0.02;False;ERR;ERR;ERR;ERR;ERR;ERR;ERR;ERR;ERR;ERR
4795;0.01;True;0.01;False;0.01;False;ERR;ERR;ERR;ERR;ERR;ERR;ERR;ERR;ERR;ERR
4796;0.01;True;0.01;False;0.02;False;ERR;ERR;ERR;ERR;ERR;ERR;ERR;ERR;ERR;ERR
4797;0.01;True;0.02;False;0.01;False;ERR;ERR;ERR;ERR;ERR;ERR;ERR;ERR;ERR;ERR
4798;0.0;True;0.01;False;0.01;False;ERR;ERR;ERR;ERR;ERR;ERR;ERR;ERR;ERR;ERR
4799;0.01;True;0.01;False;0.0;False;ERR;ERR;ERR;ERR;ERR;ERR;ERR;ERR;ERR;ERR
4800;0.01;True;0.01;False;0.01;False;ERR;ERR;ERR;ERR;ERR;ERR;ERR;ERR;ERR;ERR
4801;0.02;True;0.01;False;0.01;False;ERR;ERR;ERR;ERR;ERR;ERR;ERR;ERR;ERR;ERR
4802;0.01;True;4.64;False;0.16;False;ERR;ERR;ERR;ERR;ERR;ERR;ERR;ERR;ERR;ERR
4803;0.01;True;0.02;False;0.02;False;ERR;ERR;ERR;ERR;ERR;ERR;ERR;ERR;ERR;ERR
4804;0.02;True;0.02;False;0.02;False;ERR;ERR;ERR;ERR;ERR;ERR;ERR;ERR;ERR;ERR
4805;0.01;True;0.01;False;0.01;False;ERR;ERR;ERR;ERR;ERR;ERR;ERR;ERR;ERR;ERR
4806;0.02;True;0.01;False;0.0;False;ERR;ERR;ERR;ERR;ERR;ERR;ERR;ERR;ERR;ERR
4807;0.01;True;0.1;False;0.05;False;ERR;ERR;ERR;0.06;False;0.05;False;0.11;False;ERR
4808;0.01;True;0.02;False;0.02;False;ERR;ERR;ERR;ERR;ERR;ERR;ERR;ERR;ERR;ERR
4809;0.01;True;0.01;False;0.01;False;ERR;ERR;ERR;ERR;ERR;ERR;ERR;ERR;ERR;ERR
4810;0.01;True;2.27;False;0.01;False;ERR;ERR;ERR;ERR;ERR;ERR;ERR;ERR;ERR;ERR
4811;0.0;True;0.01;False;0.01;False;ERR;ERR;ERR;ERR;ERR;ERR;ERR;ERR;ERR;ERR
4812;0.01;True;0.01;False;0.01;False;ERR;ERR;ERR;ERR;ERR;ERR;ERR;ERR;ERR;ERR
4813;0.02;True;0.02;False;0.02;False;ERR;ERR;ERR;ERR;ERR;ERR;ERR;ERR;ERR;ERR
4814;0.02;True;0.01;False;0.01;False;ERR;ERR;ERR;ERR;ERR;ERR;ERR;ERR;ERR;ERR
4815;0.02;True;0.02;False;0.02;False;ERR;ERR;ERR;ERR;ERR;ERR;ERR;ERR;ERR;ERR
4816;0.01;True;0.01;False;0.01;False;ERR;ERR;ERR;ERR;ERR;ERR;ERR;ERR;ERR;ERR
4817;0.01;True;0.01;False;0.02;False;ERR;ERR;ERR;ERR;ERR;ERR;ERR;ERR;ERR;ERR
4818;0.01;True;0.01;False;0.02;False;ERR;ERR;ERR;ERR;ERR;ERR;ERR;ERR;ERR;ERR
4819;0.0;True;0.0;False;0.01;False;ERR;ERR;ERR;ERR;ERR;ERR;ERR;ERR;ERR;ERR
4820;0.01;True;0.01;False;0.02;False;ERR;ERR;ERR;ERR;ERR;ERR;ERR;ERR;ERR;ERR
4821;0.02;True;0.0;False;0.01;False;ERR;ERR;ERR;ERR;ERR;ERR;ERR;ERR;ERR;ERR
4822;0.02;True;0.01;False;0.01;False;ERR;ERR;ERR;ERR;ERR;ERR;ERR;ERR;ERR;ERR
4823;0.01;True;0.02;False;0.02;False;ERR;ERR;ERR;ERR;ERR;ERR;ERR;ERR;ERR;ERR
4824;0.02;True;0.01;False;0.01;False;ERR;ERR;ERR;ERR;ERR;ERR;ERR;ERR;ERR;ERR
4825;0.01;True;0.01;False;0.02;False;ERR;ERR;ERR;ERR;ERR;ERR;ERR;ERR;ERR;ERR
4826;0.01;True;0.01;False;0.01;False;ERR;ERR;ERR;ERR;ERR;ERR;ERR;ERR;ERR;ERR
4827;0.01;True;0.01;False;0.01;False;ERR;ERR;ERR;ERR;ERR;ERR;ERR;ERR;ERR;ERR
4828;0.0;True;0.01;False;0.02;False;ERR;ERR;ERR;ERR;ERR;ERR;ERR;ERR;ERR;ERR
4829;0.01;True;0.01;False;0.01;False;ERR;ERR;ERR;ERR;ERR;ERR;ERR;ERR;ERR;ERR
4830;0.01;True;0.01;False;0.0;False;ERR;ERR;ERR;ERR;ERR;ERR;ERR;ERR;ERR;ERR
4831;0.01;True;0.02;False;0.02;False;ERR;ERR;ERR;ERR;ERR;ERR;ERR;ERR;ERR;ERR
4832;0.01;True;0.01;False;0.0;False;ERR;ERR;ERR;ERR;ERR;ERR;ERR;ERR;ERR;ERR
4833;0.0;True;0.01;False;0.02;False;ERR;ERR;ERR;ERR;ERR;ERR;ERR;ERR;ERR;ERR
4834;0.01;True;0.01;False;0.02;False;ERR;ERR;ERR;ERR;ERR;ERR;ERR;ERR;ERR;ERR
4835;0.01;True;0.01;False;0.0;False;ERR;ERR;ERR;ERR;ERR;ERR;ERR;ERR;ERR;ERR
4836;0.01;True;0.03;False;0.01;False;ERR;ERR;ERR;0.09;False;0.46;False;0.25;False;ERR
4837;0.01;True;0.02;False;0.01;False;ERR;ERR;ERR;0.09;False;0.58;False;0.22;False;ERR
4838;0.01;True;0.07;False;0.02;False;ERR;ERR;ERR;ERR;ERR;ERR;ERR;ERR;ERR;ERR
4839;0.01;True;0.1;False;0.0;False;ERR;ERR;ERR;ERR;ERR;ERR;ERR;ERR;ERR;ERR
4840;0.0;True;0.0;False;0.01;False;ERR;ERR;ERR;ERR;ERR;ERR;ERR;ERR;ERR;ERR
4841;0.0;True;2.83;False;0.0;False;ERR;ERR;ERR;ERR;ERR;ERR;ERR;ERR;ERR;ERR
4842;0.01;True;0.01;False;0.0;False;ERR;ERR;ERR;0.06;False;0.04;False;0.05;False;ERR
4843;0.0;True;0.01;False;0.01;False;ERR;ERR;ERR;0.06;False;0.03;False;0.04;False;ERR
4844;0.02;True;0.01;False;0.01;False;ERR;ERR;ERR;0.07;False;0.05;False;0.05;False;ERR
4845;0.01;True;0.01;False;0.0;False;ERR;ERR;ERR;0.05;False;0.04;False;0.03;False;ERR
4846;0.01;True;0.08;False;0.01;False;ERR;ERR;ERR;0.07;False;0.04;False;0.22;False;ERR
4847;ERR;ERR;ERR;ERR;ERR;ERR;ERR;ERR;ERR;ERR;ERR;ERR;ERR;ERR;ERR;ERR
4848;0.01;True;TO;TO;0.02;False;TO;TO;TO;TO;TO;TO;TO;TO;TO;ERR
4849;0.01;True;0.08;False;0.01;False;ERR;ERR;ERR;ERR;ERR;ERR;ERR;ERR;ERR;ERR
4850;0.01;True;89.61;False;0.01;False;ERR;ERR;ERR;62.71;False;TO;TO;TO;TO;ERR
4851;0.01;True;TO;TO;0.0;False;ERR;ERR;ERR;57.74;False;15.28;False;TO;TO;ERR
4852;0.01;True;0.3;False;0.01;False;ERR;ERR;ERR;0.27;False;0.75;False;2.27;False;ERR
4853;0.01;True;0.34;False;0.0;False;ERR;ERR;ERR;ERR;ERR;ERR;ERR;ERR;ERR;ERR
4854;0.0;True;0.01;False;0.0;False;ERR;ERR;ERR;ERR;ERR;ERR;ERR;ERR;ERR;ERR
4855;0.01;True;0.0;False;0.01;False;ERR;ERR;ERR;0.06;False;0.05;False;0.01;False;ERR
4856;0.01;True;0.01;False;0.02;False;ERR;ERR;ERR;ERR;ERR;ERR;ERR;ERR;ERR;ERR
4857;0.01;True;0.01;False;0.01;False;ERR;ERR;ERR;ERR;ERR;ERR;ERR;ERR;ERR;ERR
4858;0.01;True;0.01;False;0.01;False;ERR;ERR;ERR;ERR;ERR;ERR;ERR;ERR;ERR;ERR
4859;0.01;True;2.21;False;0.01;False;ERR;ERR;ERR;ERR;ERR;ERR;ERR;ERR;ERR;ERR
4860;0.01;True;0.18;False;0.01;False;ERR;ERR;ERR;ERR;ERR;ERR;ERR;ERR;ERR;ERR
4861;0.0;True;0.01;False;0.01;False;ERR;ERR;ERR;ERR;ERR;ERR;ERR;ERR;ERR;ERR
4862;0.01;True;0.22;False;0.01;False;ERR;ERR;ERR;ERR;ERR;ERR;ERR;ERR;ERR;ERR
4863;0.02;True;0.01;False;0.0;False;ERR;ERR;ERR;ERR;ERR;ERR;ERR;ERR;ERR;ERR
4864;0.01;True;TO;TO;0.01;False;ERR;ERR;ERR;ERR;ERR;ERR;ERR;ERR;ERR;ERR
4865;0.01;True;0.0;False;0.01;False;ERR;ERR;ERR;ERR;ERR;ERR;ERR;ERR;ERR;ERR
4866;0.01;True;0.01;False;0.01;False;ERR;ERR;ERR;ERR;ERR;ERR;ERR;ERR;ERR;ERR
4867;0.01;True;0.02;False;0.01;False;ERR;ERR;ERR;ERR;ERR;ERR;ERR;ERR;ERR;ERR
4868;0.01;True;0.01;False;0.01;False;ERR;ERR;ERR;ERR;ERR;ERR;ERR;ERR;ERR;ERR
4869;0.01;True;0.01;False;0.01;False;ERR;ERR;ERR;ERR;ERR;ERR;ERR;ERR;ERR;ERR
4870;0.01;True;0.01;False;0.02;False;ERR;ERR;ERR;ERR;ERR;ERR;ERR;ERR;ERR;ERR
4871;0.0;True;0.01;False;0.01;False;ERR;ERR;ERR;ERR;ERR;ERR;ERR;ERR;ERR;ERR
4872;0.02;True;0.12;False;0.18;False;ERR;ERR;ERR;ERR;ERR;ERR;ERR;ERR;ERR;ERR
4873;0.01;True;0.05;False;0.01;False;ERR;ERR;ERR;ERR;ERR;ERR;ERR;ERR;ERR;ERR
4874;0.01;True;0.01;False;0.01;False;ERR;ERR;ERR;ERR;ERR;ERR;ERR;ERR;ERR;ERR
4875;0.02;True;0.01;False;0.0;False;ERR;ERR;ERR;ERR;ERR;ERR;ERR;ERR;ERR;ERR
4876;0.02;True;0.01;False;0.01;False;ERR;ERR;ERR;ERR;ERR;ERR;ERR;ERR;ERR;ERR
4877;0.01;True;0.06;False;0.02;False;ERR;ERR;ERR;ERR;ERR;ERR;ERR;ERR;ERR;ERR
4878;0.01;True;0.0;False;0.01;False;ERR;ERR;ERR;ERR;ERR;ERR;ERR;ERR;ERR;ERR
4879;0.01;True;0.01;False;0.0;False;ERR;ERR;ERR;ERR;ERR;ERR;ERR;ERR;ERR;ERR
4880;0.01;True;0.01;False;0.01;False;ERR;ERR;ERR;ERR;ERR;ERR;ERR;ERR;ERR;ERR
4881;0.01;True;0.0;False;0.02;False;ERR;ERR;ERR;ERR;ERR;ERR;ERR;ERR;ERR;ERR
4882;0.02;True;0.01;False;0.01;False;ERR;ERR;ERR;ERR;ERR;ERR;ERR;ERR;ERR;ERR
4883;0.01;True;0.0;False;0.01;False;ERR;ERR;ERR;ERR;ERR;ERR;ERR;ERR;ERR;ERR
4884;0.02;True;0.01;False;0.01;False;ERR;ERR;ERR;ERR;ERR;ERR;ERR;ERR;ERR;ERR
4885;0.01;True;4.56;False;0.0;False;ERR;ERR;ERR;ERR;ERR;ERR;ERR;ERR;ERR;ERR
4886;0.01;True;0.0;False;0.01;False;ERR;ERR;ERR;0.05;False;0.04;False;0.04;False;ERR
4887;0.01;True;4.99;False;0.01;False;ERR;ERR;ERR;ERR;ERR;ERR;ERR;ERR;ERR;ERR
4888;0.01;True;0.0;False;0.01;False;ERR;ERR;ERR;ERR;ERR;ERR;ERR;ERR;ERR;ERR
4889;0.0;True;TO;TO;0.01;False;ERR;ERR;ERR;ERR;ERR;ERR;ERR;ERR;ERR;ERR
4890;0.01;True;0.01;False;0.02;False;ERR;ERR;ERR;0.07;False;0.05;False;0.04;False;ERR
4891;0.01;True;0.01;False;0.02;False;ERR;ERR;ERR;ERR;ERR;ERR;ERR;ERR;ERR;ERR
4892;0.01;True;0.01;False;0.02;False;ERR;ERR;ERR;ERR;ERR;ERR;ERR;ERR;ERR;ERR
4893;0.01;True;0.01;False;0.01;False;ERR;ERR;ERR;ERR;ERR;ERR;ERR;ERR;ERR;ERR
4894;0.01;True;0.01;False;0.0;False;ERR;ERR;ERR;ERR;ERR;ERR;ERR;ERR;ERR;ERR
4895;0.01;True;0.01;False;0.0;False;ERR;ERR;ERR;ERR;ERR;ERR;ERR;ERR;ERR;ERR
4896;0.01;True;TO;TO;0.0;False;ERR;ERR;ERR;ERR;ERR;ERR;ERR;ERR;ERR;ERR
4897;0.01;True;0.01;False;0.01;False;ERR;ERR;ERR;ERR;ERR;ERR;ERR;ERR;ERR;ERR
4898;0.01;True;TO;TO;0.01;False;ERR;ERR;ERR;ERR;ERR;ERR;ERR;ERR;ERR;ERR
4899;0.01;True;0.01;False;0.01;False;ERR;ERR;ERR;ERR;ERR;ERR;ERR;ERR;ERR;ERR
4900;0.02;True;0.01;False;0.01;False;ERR;ERR;ERR;ERR;ERR;ERR;ERR;ERR;ERR;ERR
4901;0.01;True;0.01;False;0.01;False;ERR;ERR;ERR;ERR;ERR;ERR;ERR;ERR;ERR;ERR
4902;0.01;True;0.01;False;0.01;False;ERR;ERR;ERR;ERR;ERR;ERR;ERR;ERR;ERR;ERR
4903;0.0;True;0.01;False;0.01;False;ERR;ERR;ERR;ERR;ERR;ERR;ERR;ERR;ERR;ERR
4904;0.02;True;0.01;False;0.01;False;ERR;ERR;ERR;ERR;ERR;ERR;ERR;ERR;ERR;ERR
4905;0.01;True;0.86;False;0.01;False;ERR;ERR;ERR;ERR;ERR;ERR;ERR;ERR;ERR;ERR
4906;0.01;True;0.22;False;0.02;False;ERR;ERR;ERR;ERR;ERR;ERR;ERR;ERR;ERR;ERR
4907;0.01;True;0.01;False;0.01;False;ERR;ERR;ERR;ERR;ERR;ERR;ERR;ERR;ERR;ERR
4908;0.01;True;0.01;False;0.01;False;ERR;ERR;ERR;ERR;ERR;ERR;ERR;ERR;ERR;ERR
4909;0.01;True;1.1;False;0.01;False;ERR;ERR;ERR;ERR;ERR;ERR;ERR;ERR;ERR;ERR
4910;0.01;True;TO;TO;0.0;False;ERR;ERR;ERR;ERR;ERR;ERR;ERR;ERR;ERR;ERR
4911;0.0;True;0.01;False;0.01;False;ERR;ERR;ERR;ERR;ERR;ERR;ERR;ERR;ERR;ERR
4912;0.01;True;0.0;False;0.01;False;ERR;ERR;ERR;ERR;ERR;ERR;ERR;ERR;ERR;ERR
4913;0.01;True;0.17;False;0.01;False;ERR;ERR;ERR;ERR;ERR;ERR;ERR;ERR;ERR;ERR
4914;0.01;True;0.01;False;0.01;False;ERR;ERR;ERR;ERR;ERR;ERR;ERR;ERR;ERR;ERR
4915;0.01;True;0.01;False;0.0;False;ERR;ERR;ERR;ERR;ERR;ERR;ERR;ERR;ERR;ERR
4916;0.01;True;0.0;False;0.01;False;ERR;ERR;ERR;ERR;ERR;ERR;ERR;ERR;ERR;ERR
4917;0.01;True;0.01;False;0.01;False;ERR;ERR;ERR;ERR;ERR;ERR;ERR;ERR;ERR;ERR
4918;0.01;True;0.0;False;0.01;False;ERR;ERR;ERR;ERR;ERR;ERR;ERR;ERR;ERR;ERR
4919;0.01;True;0.0;False;0.01;False;ERR;ERR;ERR;ERR;ERR;ERR;ERR;ERR;ERR;ERR
4920;0.02;True;0.01;False;0.01;False;ERR;ERR;ERR;ERR;ERR;ERR;ERR;ERR;ERR;ERR
4921;0.0;True;0.01;False;0.01;False;ERR;ERR;ERR;ERR;ERR;ERR;ERR;ERR;ERR;ERR
4922;0.01;True;0.58;False;0.01;False;ERR;ERR;ERR;ERR;ERR;ERR;ERR;ERR;ERR;ERR
4923;0.01;True;19.0;False;0.02;False;ERR;ERR;ERR;ERR;ERR;ERR;ERR;ERR;ERR;ERR
4924;0.01;True;9.31;False;0.01;False;ERR;ERR;ERR;ERR;ERR;ERR;ERR;ERR;ERR;ERR
4925;0.01;True;0.01;False;0.0;False;ERR;ERR;ERR;ERR;ERR;ERR;ERR;ERR;ERR;ERR
4926;0.01;True;0.01;False;0.01;False;ERR;ERR;ERR;ERR;ERR;ERR;ERR;ERR;ERR;ERR
4927;0.01;True;0.01;False;0.02;False;ERR;ERR;ERR;ERR;ERR;ERR;ERR;ERR;ERR;ERR
4928;0.02;True;0.0;False;0.01;False;ERR;ERR;ERR;ERR;ERR;ERR;ERR;ERR;ERR;ERR
4929;0.01;True;0.01;False;0.01;False;ERR;ERR;ERR;ERR;ERR;ERR;ERR;ERR;ERR;ERR
4930;0.0;True;0.0;False;0.02;False;ERR;ERR;ERR;ERR;ERR;ERR;ERR;ERR;ERR;ERR
4931;0.0;True;0.01;False;0.01;False;ERR;ERR;ERR;ERR;ERR;ERR;ERR;ERR;ERR;ERR
4932;0.01;True;0.01;False;0.0;False;ERR;ERR;ERR;ERR;ERR;ERR;ERR;ERR;ERR;ERR
4933;1.84;True;0.01;False;0.01;False;ERR;ERR;ERR;ERR;ERR;ERR;ERR;ERR;ERR;ERR
4934;0.01;True;0.01;False;0.02;False;ERR;ERR;ERR;ERR;ERR;ERR;ERR;ERR;ERR;ERR
4935;0.01;True;0.0;False;0.0;False;ERR;ERR;ERR;ERR;ERR;ERR;ERR;ERR;ERR;ERR
4936;2.69;True;0.01;False;0.0;False;ERR;ERR;ERR;ERR;ERR;ERR;ERR;ERR;ERR;ERR
4937;0.01;True;0.41;False;0.01;False;ERR;ERR;ERR;ERR;ERR;ERR;ERR;ERR;ERR;ERR
4938;0.01;True;0.01;False;0.01;False;ERR;ERR;ERR;ERR;ERR;ERR;ERR;ERR;ERR;ERR
4939;0.01;True;0.01;False;0.01;False;ERR;ERR;ERR;ERR;ERR;ERR;ERR;ERR;ERR;ERR
4940;0.02;True;0.01;False;0.02;False;ERR;ERR;ERR;ERR;ERR;ERR;ERR;ERR;ERR;ERR
4941;0.01;True;0.15;False;0.0;False;ERR;ERR;ERR;ERR;ERR;ERR;ERR;ERR;ERR;ERR
4942;0.01;True;0.01;False;0.01;False;ERR;ERR;ERR;ERR;ERR;ERR;ERR;ERR;ERR;ERR
4943;0.01;True;0.01;False;0.01;False;ERR;ERR;ERR;ERR;ERR;ERR;ERR;ERR;ERR;ERR
4944;0.0;True;0.0;False;0.02;False;ERR;ERR;ERR;ERR;ERR;ERR;ERR;ERR;ERR;ERR
4945;0.01;True;0.02;False;0.01;False;ERR;ERR;ERR;ERR;ERR;ERR;ERR;ERR;ERR;ERR
4946;0.0;True;0.2;False;0.06;False;ERR;ERR;ERR;ERR;ERR;ERR;ERR;ERR;ERR;ERR
4947;0.02;True;0.01;False;0.0;False;ERR;ERR;ERR;ERR;ERR;ERR;ERR;ERR;ERR;ERR
4948;0.01;True;0.01;False;0.0;False;ERR;ERR;ERR;ERR;ERR;ERR;ERR;ERR;ERR;ERR
4949;0.07;True;0.01;False;0.0;False;ERR;ERR;ERR;ERR;ERR;ERR;ERR;ERR;ERR;ERR
4950;0.07;True;0.01;False;0.02;False;ERR;ERR;ERR;ERR;ERR;ERR;ERR;ERR;ERR;ERR
4951;0.01;True;0.01;False;0.01;False;ERR;ERR;ERR;ERR;ERR;ERR;ERR;ERR;ERR;ERR
4952;0.01;True;0.01;False;0.01;False;ERR;ERR;ERR;ERR;ERR;ERR;ERR;ERR;ERR;ERR
4953;0.01;True;0.01;False;0.0;False;ERR;ERR;ERR;0.06;False;0.04;False;0.05;False;ERR
4954;0.01;True;0.0;False;0.01;False;ERR;ERR;ERR;0.07;False;0.03;False;0.04;False;ERR
4955;0.01;True;0.01;False;0.01;False;ERR;ERR;ERR;ERR;ERR;ERR;ERR;ERR;ERR;ERR
4956;0.02;True;0.0;False;0.01;False;ERR;ERR;ERR;ERR;ERR;ERR;ERR;ERR;ERR;ERR
4957;0.02;True;0.01;False;0.01;False;ERR;ERR;ERR;ERR;ERR;ERR;ERR;ERR;ERR;ERR
4958;0.02;True;0.01;False;0.01;False;ERR;ERR;ERR;ERR;ERR;ERR;ERR;ERR;ERR;ERR
4959;0.01;True;0.01;False;0.01;False;ERR;ERR;ERR;ERR;ERR;ERR;ERR;ERR;ERR;ERR
4960;0.01;True;0.04;False;0.01;False;ERR;ERR;ERR;ERR;ERR;ERR;ERR;ERR;ERR;ERR
4961;0.02;True;0.01;False;0.01;False;ERR;ERR;ERR;ERR;ERR;ERR;ERR;ERR;ERR;ERR
4962;0.01;True;0.01;False;0.01;False;ERR;ERR;ERR;ERR;ERR;ERR;ERR;ERR;ERR;ERR
4963;0.01;True;0.02;False;0.0;False;ERR;ERR;ERR;ERR;ERR;ERR;ERR;ERR;ERR;ERR
4964;0.01;True;0.16;False;0.05;False;ERR;ERR;ERR;ERR;ERR;ERR;ERR;ERR;ERR;ERR
4965;0.01;True;0.01;False;0.01;False;ERR;ERR;ERR;0.05;False;0.06;False;0.03;False;ERR
4966;0.01;True;0.0;False;0.01;False;ERR;ERR;ERR;0.07;False;0.04;False;0.04;False;ERR
4967;0.0;True;0.57;False;0.01;False;ERR;ERR;ERR;0.1;False;0.1;False;1.25;False;ERR
4968;0.01;True;0.17;False;0.06;False;ERR;ERR;ERR;ERR;ERR;ERR;ERR;ERR;ERR;ERR
4969;0.01;True;61.94;False;0.01;False;ERR;ERR;ERR;ERR;ERR;ERR;ERR;ERR;ERR;ERR
4970;0.01;True;0.15;False;0.07;False;ERR;ERR;ERR;ERR;ERR;ERR;ERR;ERR;ERR;ERR
4971;0.01;True;0.0;False;0.0;False;ERR;ERR;ERR;ERR;ERR;ERR;ERR;ERR;ERR;ERR
4972;0.01;True;0.01;False;0.01;False;ERR;ERR;ERR;ERR;ERR;ERR;ERR;ERR;ERR;ERR
4973;0.02;True;61.89;False;0.0;False;ERR;ERR;ERR;ERR;ERR;ERR;ERR;ERR;ERR;ERR
4974;0.01;True;3.52;False;0.18;False;ERR;ERR;ERR;ERR;ERR;ERR;ERR;ERR;ERR;ERR
4975;0.01;True;0.01;False;0.01;False;16.26;False;0.9450051849999994;ERR;ERR;ERR;ERR;ERR;ERR;ERR
4976;0.01;True;0.29;False;0.1;False;ERR;ERR;ERR;ERR;ERR;ERR;ERR;ERR;ERR;ERR
4977;0.01;True;0.12;False;0.01;False;16.45;False;0.9543832339999998;ERR;ERR;ERR;ERR;ERR;ERR;ERR
4978;0.01;True;0.02;False;0.02;False;ERR;ERR;ERR;ERR;ERR;ERR;ERR;ERR;ERR;ERR
4979;0.01;True;0.01;False;0.01;False;ERR;ERR;ERR;ERR;ERR;ERR;ERR;ERR;ERR;ERR
4980;0.02;True;0.13;False;0.01;False;ERR;ERR;ERR;ERR;ERR;ERR;ERR;ERR;ERR;ERR
4981;0.01;True;3.48;False;0.17;False;ERR;ERR;ERR;ERR;ERR;ERR;ERR;ERR;ERR;ERR
4982;0.02;True;0.77;False;0.01;False;ERR;ERR;ERR;ERR;ERR;ERR;ERR;ERR;ERR;ERR
4983;0.01;True;0.65;False;1.59;False;ERR;ERR;ERR;ERR;ERR;ERR;ERR;ERR;ERR;ERR
4984;0.02;True;0.23;False;0.0;False;ERR;ERR;ERR;ERR;ERR;ERR;ERR;ERR;ERR;ERR
4985;0.01;True;0.14;False;0.01;False;16.3;False;0.9668309069999985;ERR;ERR;ERR;ERR;ERR;ERR;ERR
4986;0.02;True;0.01;False;0.0;False;16.26;False;0.9534976029999989;ERR;ERR;ERR;ERR;ERR;ERR;ERR
4987;0.0;True;0.01;False;0.02;False;16.26;False;0.955188175;ERR;ERR;ERR;ERR;ERR;ERR;ERR
4988;0.01;True;0.01;False;0.02;False;16.46;False;0.9361098659999989;ERR;ERR;ERR;ERR;ERR;ERR;ERR
4989;0.01;True;0.11;False;0.01;False;16.6;False;0.8881256769999997;ERR;ERR;ERR;ERR;ERR;ERR;ERR
4990;0.01;True;0.01;False;0.01;False;16.3;False;0.9566551470000011;ERR;ERR;ERR;ERR;ERR;ERR;ERR
4991;0.02;True;0.01;False;0.0;False;16.21;False;0.9472029169999985;ERR;ERR;ERR;ERR;ERR;ERR;ERR
4992;0.01;True;0.19;False;0.07;False;ERR;ERR;ERR;ERR;ERR;ERR;ERR;ERR;ERR;ERR
4993;0.01;True;0.56;False;0.01;False;ERR;ERR;ERR;ERR;ERR;ERR;ERR;ERR;ERR;ERR
4994;0.02;True;0.01;False;0.02;False;ERR;ERR;ERR;ERR;ERR;ERR;ERR;ERR;ERR;ERR
4995;0.01;True;0.01;False;0.02;False;ERR;ERR;ERR;ERR;ERR;ERR;ERR;ERR;ERR;ERR
4996;0.02;True;0.01;False;0.01;False;ERR;ERR;ERR;ERR;ERR;ERR;ERR;ERR;ERR;ERR
4997;0.01;True;TO;TO;0.0;False;ERR;ERR;ERR;ERR;ERR;ERR;ERR;ERR;ERR;ERR
4998;0.01;True;0.01;False;0.01;False;ERR;ERR;ERR;ERR;ERR;ERR;ERR;ERR;ERR;ERR
4999;0.01;True;0.01;False;0.02;False;16.59;False;0.9529756819999999;ERR;ERR;ERR;ERR;ERR;ERR;ERR
5000;0.01;True;0.01;False;0.01;False;16.79;False;0.962305842000001;ERR;ERR;ERR;ERR;ERR;ERR;ERR
5001;0.01;True;0.01;False;0.02;False;16.41;False;0.9403912499999993;ERR;ERR;ERR;ERR;ERR;ERR;ERR
5002;0.01;True;0.01;False;0.02;False;16.05;False;0.5485909380000002;ERR;ERR;ERR;ERR;ERR;ERR;ERR
5003;0.01;True;2.26;False;0.09;False;ERR;ERR;ERR;ERR;ERR;ERR;ERR;ERR;ERR;ERR
5004;0.01;True;0.14;False;0.06;False;ERR;ERR;ERR;ERR;ERR;ERR;ERR;ERR;ERR;ERR
5005;0.02;True;0.23;False;0.01;False;ERR;ERR;ERR;ERR;ERR;ERR;ERR;ERR;ERR;ERR
5006;0.0;True;0.49;False;1.22;False;ERR;ERR;ERR;ERR;ERR;ERR;ERR;ERR;ERR;ERR
5007;0.01;True;TO;TO;0.01;False;ERR;ERR;ERR;ERR;ERR;ERR;ERR;ERR;ERR;ERR
5008;0.0;True;0.01;False;0.02;False;ERR;ERR;ERR;ERR;ERR;ERR;ERR;ERR;ERR;ERR
5009;0.02;True;0.01;False;0.01;False;ERR;ERR;ERR;ERR;ERR;ERR;ERR;ERR;ERR;ERR
5010;0.01;True;0.21;False;0.07;False;ERR;ERR;ERR;ERR;ERR;ERR;ERR;ERR;ERR;ERR
5011;0.01;True;2.29;False;0.08;False;ERR;ERR;ERR;ERR;ERR;ERR;ERR;ERR;ERR;ERR
5012;0.02;True;0.12;False;0.01;False;16.22;False;0.8990062890000008;ERR;ERR;ERR;ERR;ERR;ERR;ERR
5013;0.02;True;0.02;False;0.0;False;TO;TO;TO;ERR;ERR;ERR;ERR;ERR;ERR;ERR
5014;0.01;True;0.01;False;0.01;False;8.55;False;0.9016649409999999;ERR;ERR;ERR;ERR;ERR;ERR;ERR
5015;0.01;True;0.01;False;0.01;False;ERR;ERR;ERR;ERR;ERR;ERR;ERR;ERR;ERR;ERR
5016;0.02;True;51.86;False;0.01;False;ERR;ERR;ERR;ERR;ERR;ERR;ERR;ERR;ERR;ERR
5017;0.0;True;3.62;False;0.18;False;ERR;ERR;ERR;ERR;ERR;ERR;ERR;ERR;ERR;ERR
5018;0.01;True;0.41;False;0.01;False;TO;TO;TO;ERR;ERR;ERR;ERR;ERR;ERR;ERR
5019;0.02;True;0.12;False;0.01;False;16.48;False;0.8989693689999996;ERR;ERR;ERR;ERR;ERR;ERR;ERR
5020;0.01;True;0.01;False;0.0;False;15.25;False;0.9344055539999996;ERR;ERR;ERR;ERR;ERR;ERR;ERR
5021;0.01;True;0.12;False;0.02;False;15.04;False;0.8852025049999988;ERR;ERR;ERR;ERR;ERR;ERR;ERR
5022;0.01;True;0.01;False;0.01;False;ERR;ERR;ERR;ERR;ERR;ERR;ERR;ERR;ERR;ERR
5023;0.02;True;0.01;False;0.01;False;ERR;ERR;ERR;ERR;ERR;ERR;ERR;ERR;ERR;ERR
5024;0.01;True;61.96;False;0.01;False;ERR;ERR;ERR;ERR;ERR;ERR;ERR;ERR;ERR;ERR
5025;0.02;True;0.01;False;0.01;False;ERR;ERR;ERR;ERR;ERR;ERR;ERR;ERR;ERR;ERR
5026;0.01;True;0.61;False;0.01;False;ERR;ERR;ERR;ERR;ERR;ERR;ERR;ERR;ERR;ERR
5027;0.03;True;0.02;False;0.01;False;ERR;ERR;ERR;ERR;ERR;ERR;ERR;ERR;ERR;ERR
5028;0.01;True;0.01;False;0.01;False;ERR;ERR;ERR;ERR;ERR;ERR;ERR;ERR;ERR;ERR
5029;0.01;True;0.26;False;0.01;False;ERR;ERR;ERR;ERR;ERR;ERR;ERR;ERR;ERR;ERR
5030;0.02;True;TO;TO;0.01;False;ERR;ERR;ERR;ERR;ERR;ERR;ERR;ERR;ERR;ERR
5031;0.01;True;0.01;False;0.02;False;ERR;ERR;ERR;ERR;ERR;ERR;ERR;ERR;ERR;ERR
5032;0.0;True;0.01;False;0.01;False;ERR;ERR;ERR;ERR;ERR;ERR;ERR;ERR;ERR;ERR
5033;0.01;True;0.0;False;0.01;False;ERR;ERR;ERR;0.06;False;0.03;False;0.03;False;ERR
5034;0.01;True;0.01;False;0.01;False;ERR;ERR;ERR;ERR;ERR;ERR;ERR;ERR;ERR;ERR
5035;0.02;True;0.0;False;0.01;False;16.98;False;0.9578179569999996;ERR;ERR;ERR;ERR;ERR;ERR;ERR
5036;0.01;True;0.01;False;0.01;False;ERR;ERR;ERR;ERR;ERR;ERR;ERR;ERR;ERR;ERR
5037;0.01;True;0.23;False;0.0;False;ERR;ERR;ERR;ERR;ERR;ERR;ERR;ERR;ERR;ERR
5038;0.01;True;TO;TO;0.01;False;ERR;ERR;ERR;ERR;ERR;ERR;ERR;ERR;ERR;ERR
5039;0.02;True;2.6;False;0.02;False;ERR;ERR;ERR;ERR;ERR;ERR;ERR;ERR;ERR;ERR
5040;0.01;True;0.01;False;0.01;False;ERR;ERR;ERR;ERR;ERR;ERR;ERR;ERR;ERR;ERR
5041;0.0;True;0.0;False;0.01;False;ERR;ERR;ERR;ERR;ERR;ERR;ERR;ERR;ERR;ERR
5042;0.02;True;0.01;False;0.01;False;ERR;ERR;ERR;ERR;ERR;ERR;ERR;ERR;ERR;ERR
5043;0.01;True;TO;TO;0.01;False;ERR;ERR;ERR;ERR;ERR;ERR;ERR;ERR;ERR;ERR
5044;0.01;True;0.34;False;0.08;False;ERR;ERR;ERR;ERR;ERR;ERR;ERR;ERR;ERR;ERR
5045;0.02;True;0.0;False;0.01;False;ERR;ERR;ERR;ERR;ERR;ERR;ERR;ERR;ERR;ERR
5046;0.01;True;0.62;False;1.68;False;ERR;ERR;ERR;ERR;ERR;ERR;ERR;ERR;ERR;ERR
5047;0.02;True;0.02;False;0.01;False;ERR;ERR;ERR;ERR;ERR;ERR;ERR;ERR;ERR;ERR
5048;0.01;True;2.27;False;0.09;False;ERR;ERR;ERR;ERR;ERR;ERR;ERR;ERR;ERR;ERR
5049;0.01;True;0.01;False;0.02;False;16.35;False;0.9522206319999995;ERR;ERR;ERR;ERR;ERR;ERR;ERR
5050;0.01;True;0.19;False;0.07;False;ERR;ERR;ERR;ERR;ERR;ERR;ERR;ERR;ERR;ERR
5051;0.01;True;0.01;False;0.01;False;15.88;False;0.706193665999999;ERR;ERR;ERR;ERR;ERR;ERR;ERR
5052;0.01;True;0.01;False;0.01;False;ERR;ERR;ERR;ERR;ERR;ERR;ERR;ERR;ERR;ERR
5053;0.02;True;0.01;False;0.01;False;ERR;ERR;ERR;ERR;ERR;ERR;ERR;ERR;ERR;ERR
5054;0.01;True;0.01;False;0.01;False;ERR;ERR;ERR;ERR;ERR;ERR;ERR;ERR;ERR;ERR
5055;0.01;True;0.0;False;0.02;False;ERR;ERR;ERR;ERR;ERR;ERR;ERR;ERR;ERR;ERR
5056;0.02;True;0.89;False;0.01;False;ERR;ERR;ERR;ERR;ERR;ERR;ERR;ERR;ERR;ERR
5057;0.01;True;0.02;False;0.0;False;ERR;ERR;ERR;ERR;ERR;ERR;ERR;ERR;ERR;ERR
5058;0.01;True;0.01;False;0.0;False;ERR;ERR;ERR;ERR;ERR;ERR;ERR;ERR;ERR;ERR
5059;0.01;True;0.28;False;0.01;False;ERR;ERR;ERR;ERR;ERR;ERR;ERR;ERR;ERR;ERR
5060;0.02;True;24.25;False;0.01;False;ERR;ERR;ERR;ERR;ERR;ERR;ERR;ERR;ERR;ERR
5061;0.02;True;0.01;False;0.01;False;ERR;ERR;ERR;ERR;ERR;ERR;ERR;ERR;ERR;ERR
5062;0.01;True;0.37;False;0.95;False;ERR;ERR;ERR;ERR;ERR;ERR;ERR;ERR;ERR;ERR
5063;0.01;True;TO;TO;0.01;False;ERR;ERR;ERR;ERR;ERR;ERR;ERR;ERR;ERR;ERR
5064;0.01;True;0.16;False;0.12;False;ERR;ERR;ERR;ERR;ERR;ERR;ERR;ERR;ERR;ERR
5065;0.01;True;0.01;False;0.01;False;ERR;ERR;ERR;ERR;ERR;ERR;ERR;ERR;ERR;ERR
5066;0.01;True;0.31;False;0.01;False;ERR;ERR;ERR;ERR;ERR;ERR;ERR;ERR;ERR;ERR
5067;0.02;True;0.31;False;0.01;False;ERR;ERR;ERR;ERR;ERR;ERR;ERR;ERR;ERR;ERR
5068;0.02;True;0.14;False;0.09;False;ERR;ERR;ERR;ERR;ERR;ERR;ERR;ERR;ERR;ERR
5069;0.02;True;0.01;False;0.01;False;ERR;ERR;ERR;ERR;ERR;ERR;ERR;ERR;ERR;ERR
5070;0.01;True;0.94;False;1.7;False;ERR;ERR;ERR;ERR;ERR;ERR;ERR;ERR;ERR;ERR
5071;0.01;True;0.01;False;0.01;False;ERR;ERR;ERR;ERR;ERR;ERR;ERR;ERR;ERR;ERR
5072;0.01;True;0.16;False;0.08;False;ERR;ERR;ERR;ERR;ERR;ERR;ERR;ERR;ERR;ERR
5073;0.01;True;0.01;False;0.01;False;ERR;ERR;ERR;ERR;ERR;ERR;ERR;ERR;ERR;ERR
5074;0.01;True;0.01;False;0.0;False;ERR;ERR;ERR;ERR;ERR;ERR;ERR;ERR;ERR;ERR
5075;0.01;True;0.01;False;0.02;False;8.97;False;0.9110330909999993;ERR;ERR;ERR;ERR;ERR;ERR;ERR
5076;0.01;True;0.02;False;0.01;False;ERR;ERR;ERR;ERR;ERR;ERR;ERR;ERR;ERR;ERR
5077;0.02;True;0.01;False;0.0;False;14.18;False;0.5633567230000001;ERR;ERR;ERR;ERR;ERR;ERR;ERR
5078;0.02;True;2.25;False;0.09;False;ERR;ERR;ERR;ERR;ERR;ERR;ERR;ERR;ERR;ERR
5079;0.01;True;0.01;False;0.02;False;ERR;ERR;ERR;ERR;ERR;ERR;ERR;ERR;ERR;ERR
5080;0.01;True;TO;TO;0.01;False;ERR;ERR;ERR;ERR;ERR;ERR;ERR;ERR;ERR;ERR
5081;0.02;True;0.0;False;0.01;False;ERR;ERR;ERR;ERR;ERR;ERR;ERR;ERR;ERR;ERR
5082;0.01;True;0.01;False;0.02;False;ERR;ERR;ERR;ERR;ERR;ERR;ERR;ERR;ERR;ERR
5083;0.01;True;0.0;False;0.02;False;ERR;ERR;ERR;ERR;ERR;ERR;ERR;ERR;ERR;ERR
5084;0.01;True;0.0;False;0.01;False;ERR;ERR;ERR;ERR;ERR;ERR;ERR;ERR;ERR;ERR
5085;0.01;True;0.01;False;0.01;False;ERR;ERR;ERR;ERR;ERR;ERR;ERR;ERR;ERR;ERR
5086;0.01;True;TO;TO;0.01;False;TO;TO;TO;TO;TO;TO;TO;TO;TO;ERR
5087;0.01;True;0.01;False;0.0;False;ERR;ERR;ERR;ERR;ERR;ERR;ERR;ERR;ERR;ERR
5088;0.01;True;0.01;False;0.01;False;ERR;ERR;ERR;ERR;ERR;ERR;ERR;ERR;ERR;ERR
5089;0.01;True;0.01;False;0.01;False;ERR;ERR;ERR;0.06;False;0.04;False;0.03;False;ERR
5090;0.02;True;2.28;False;0.01;False;ERR;ERR;ERR;ERR;ERR;ERR;ERR;ERR;ERR;ERR
5091;0.01;True;0.01;False;0.02;False;ERR;ERR;ERR;0.06;False;0.06;False;0.03;False;ERR
5092;0.01;True;0.26;False;0.01;False;ERR;ERR;ERR;0.22;False;0.65;False;0.23;False;ERR
5093;0.02;True;0.02;False;0.0;False;ERR;ERR;ERR;ERR;ERR;ERR;ERR;ERR;ERR;ERR
5094;0.01;True;0.0;False;0.01;False;ERR;ERR;ERR;ERR;ERR;ERR;ERR;ERR;ERR;ERR
5095;0.01;True;0.13;False;0.08;False;ERR;ERR;ERR;ERR;ERR;ERR;ERR;ERR;ERR;ERR
5096;0.0;True;4.53;False;0.17;False;ERR;ERR;ERR;ERR;ERR;ERR;ERR;ERR;ERR;ERR
5097;0.01;True;0.01;False;0.01;False;16.58;False;0.5420724919999991;ERR;ERR;ERR;ERR;ERR;ERR;ERR
5098;0.02;True;TO;TO;0.0;False;ERR;ERR;ERR;ERR;ERR;ERR;ERR;ERR;ERR;ERR
5099;0.01;True;0.01;False;0.01;False;ERR;ERR;ERR;0.06;False;0.04;False;0.03;False;ERR
5100;0.01;True;0.01;False;0.0;False;ERR;ERR;ERR;ERR;ERR;ERR;ERR;ERR;ERR;ERR
5101;0.0;True;0.01;False;0.01;False;ERR;ERR;ERR;ERR;ERR;ERR;ERR;ERR;ERR;ERR
5102;0.01;True;0.0;False;0.0;False;ERR;ERR;ERR;ERR;ERR;ERR;ERR;ERR;ERR;ERR
