name;grep-runtime;grep-result;re-runtime;re-result;pcre2-runtime;pcre2-result;rsaregex-runtime;rsaregex-result;rsaregex-matchtime;oldrsa-runtime;oldrsa-result;oldrsa-matchtime;js-runtime;js-result;java-runtime;java-result;net-runtime;net-result;rsacpp-runtime;rsacpp-result;rsacpp-matchtime
0;0.01;True;0.0;False;0.01;False;3.26;False;2.373823861;9.53;False;2.8027554860000006;0.07;False;0.06;False;0.07;False;ERR;ERR;ERR
1;0.02;True;2.86;False;0.0;False;4.89;False;2.967036761;7.54;False;3.3615440879999996;ERR;ERR;ERR;ERR;ERR;ERR;ERR;ERR;ERR
2;0.01;True;0.04;False;0.01;False;5.18;False;3.397098246;8.09;False;4.167771767;ERR;ERR;ERR;ERR;ERR;ERR;ERR;ERR;ERR
3;0.01;True;59.52;False;0.02;False;1.19;False;1.15689624;2.27;False;2.1317866409999997;8.24;False;0.12;False;30.38;False;0.07;False;0.06085658632218838
4;0.01;True;0.01;False;0.01;False;1.79;False;1.765925995;2.47;False;1.9700507760000001;0.07;False;0.09;False;0.04;False;ERR;ERR;ERR
5;ERR;ERR;0.01;False;0.01;False;0.07;False;0.0003743219999999964;12.71;False;0.00046666000000072927;0.05;False;0.04;False;0.05;False;ERR;ERR;ERR
6;0.01;True;0.01;False;0.01;False;0.03;False;3.443100000000143e-05;0.04;False;3.4641999999994455e-05;0.06;False;0.04;False;0.05;False;ERR;ERR;ERR
7;0.02;True;TO;TO;0.01;False;2.88;False;1.782236128;72.93;False;23.629545034000003;TO;TO;TO;TO;TO;TO;0.03;False;0.01659383438527584
8;0.01;True;2.52;False;0.01;False;0.74;False;0.638231426;1.36;False;0.724641868;0.49;False;0.13;False;1.04;False;ERR;ERR;ERR
9;0.01;True;TO;TO;0.01;False;0.66;False;0.600533159;1.13;False;0.6893222529999999;TO;TO;1.64;False;TO;TO;ERR;ERR;ERR
10;0.01;True;0.01;False;0.0;False;2.0;False;1.6732280860000002;6.27;False;1.9043597340000002;0.07;False;0.05;False;0.04;False;ERR;ERR;ERR
11;0.01;True;TO;TO;0.01;False;0.45;False;0.378685496;1.36;False;1.1528485050000001;TO;TO;7.37;False;TO;TO;ERR;ERR;ERR
12;0.01;True;0.01;True;ERR;ERR;1.34;False;1.31248309;1.37;False;1.338084785;0.07;True;0.18;False;0.05;True;0.14;True;0.12552104890346527
13;0.01;True;0.01;False;0.01;False;0.05;False;0.0002851980000000004;0.09;False;0.000345889000000002;0.06;False;0.03;False;0.05;False;ERR;ERR;ERR
14;0.01;True;0.01;False;0.01;False;0.28;False;0.001860341999999987;1.14;False;0.0020766769999998047;0.07;False;0.05;False;0.05;False;0.03;False;0.017769325524568558
15;0.0;True;0.01;False;0.0;False;0.32;False;0.001632699999999987;1.11;False;0.0018234369999999833;0.06;False;0.05;False;0.05;False;ERR;ERR;ERR
16;0.01;True;0.0;True;ERR;ERR;0.61;True;0.531082495;2.27;True;1.44537011;0.05;True;0.09;False;0.05;True;ERR;ERR;ERR
17;0.01;True;0.01;True;ERR;ERR;1.82;True;1.764508177;2.84;True;2.687629733;0.07;True;0.2;False;0.05;True;0.01;False;0.0025064609944820404
18;0.01;True;0.01;False;0.01;False;0.27;False;0.00137884000000002;1.15;False;0.0016200620000000887;0.08;False;0.04;False;0.05;False;ERR;ERR;ERR
19;0.01;True;0.01;False;0.0;False;0.05;False;0.0002722679999999991;0.1;False;0.00033788699999999505;0.07;False;0.04;False;0.06;False;ERR;ERR;ERR
20;0.02;True;0.01;False;0.0;False;0.25;False;0.0015025949999999955;1.18;False;0.0017797020000001051;0.06;False;0.05;False;0.04;False;ERR;ERR;ERR
21;ERR;ERR;0.01;False;0.0;False;0.03;False;5.420099999999678e-05;0.04;False;5.5133000000005816e-05;0.07;False;0.04;False;0.05;False;ERR;ERR;ERR
22;0.01;True;0.0;True;ERR;ERR;0.71;True;0.599729844;2.18;True;0.9580486800000001;0.06;True;0.08;False;0.05;True;ERR;ERR;ERR
23;0.01;True;0.0;True;ERR;ERR;0.63;True;0.537191564;3.08;True;2.192187614;0.06;True;0.08;False;0.05;True;ERR;ERR;ERR
24;0.01;True;0.01;False;0.0;False;0.04;False;0.0002750730000000007;0.1;False;0.00032708100000000684;0.06;False;0.02;False;0.05;False;ERR;ERR;ERR
25;0.01;True;0.01;True;ERR;ERR;0.63;True;0.533659514;2.35;True;1.251853451;0.06;True;0.09;False;0.05;True;ERR;ERR;ERR
26;0.01;True;0.01;True;ERR;ERR;0.46;True;0.430451708;0.79;True;0.7445675559999999;0.07;True;0.08;False;0.05;True;0.03;False;0.024934640154242516
27;0.0;True;0.0;True;ERR;ERR;0.67;True;0.554186104;2.0;True;0.740025699;0.05;True;0.09;False;0.06;True;0.01;False;0.002117045223712921
28;ERR;ERR;0.01;False;0.0;False;0.03;False;6.93039999999992e-05;0.04;False;5.5252999999998165e-05;0.06;False;0.04;False;0.04;False;ERR;ERR;ERR
29;0.01;True;0.01;False;0.0;False;0.05;False;0.0007144519999999974;0.09;False;0.0008434859999999905;0.06;False;0.03;False;0.04;False;ERR;ERR;ERR
30;0.01;True;0.0;False;0.01;False;0.28;False;0.0015413940000000015;1.17;False;0.001829766000000177;0.07;False;0.04;False;0.04;False;ERR;ERR;ERR
31;0.01;True;0.01;True;ERR;ERR;0.55;True;0.470781604;2.08;True;1.3570761619999998;0.06;True;0.08;False;0.04;True;ERR;ERR;ERR
32;0.01;True;0.01;True;ERR;ERR;0.24;False;0.208735382;0.26;False;0.228216363;0.06;True;0.08;False;0.06;True;0.03;False;0.022029662504792213
33;0.0;True;0.01;True;ERR;ERR;0.56;True;0.46798893999999996;3.1;True;2.227157595;0.07;True;0.08;False;0.04;True;ERR;ERR;ERR
34;0.01;True;0.03;False;0.01;False;2.45;False;2.403021976;2.99;False;2.907614648;0.06;False;0.24;False;0.06;False;0.01;False;0.002321092411875725
35;0.0;True;0.01;True;ERR;ERR;0.46;True;0.388177554;2.7;True;2.2277214570000003;0.06;True;0.06;False;0.06;True;ERR;ERR;ERR
36;0.0;True;0.01;False;0.0;False;0.29;False;0.0019573070000000192;1.17;False;0.0022481050000000558;0.06;False;0.03;False;0.05;False;ERR;ERR;ERR
37;0.01;True;0.0;True;ERR;ERR;0.55;True;0.46188275600000006;3.23;True;2.337870885;0.04;True;0.06;False;0.04;True;ERR;ERR;ERR
38;0.01;True;0.0;True;ERR;ERR;0.7;True;0.596072012;3.01;True;1.7824696859999998;0.06;True;0.06;False;0.06;True;ERR;ERR;ERR
39;0.01;True;0.02;False;0.01;False;1.21;False;1.171462835;1.44;False;1.3686220919999998;0.07;False;0.14;False;0.05;False;ERR;ERR;ERR
40;0.01;True;0.01;True;ERR;ERR;0.74;True;0.6225248099999999;2.57;True;1.3400979160000002;0.06;True;0.06;False;0.04;True;ERR;ERR;ERR
41;0.01;True;0.01;False;0.0;False;0.27;False;0.0017589000000000077;1.09;False;0.002051097999999918;0.07;False;0.05;False;0.05;False;ERR;ERR;ERR
42;0.01;True;0.0;True;ERR;ERR;1.38;False;1.3477271;1.86;False;1.8177271780000002;0.06;True;0.15;False;0.04;True;0.01;False;0.0021542608737945557
43;0.0;True;0.0;True;ERR;ERR;0.65;True;0.566438344;3.15;True;2.0961524650000003;0.06;True;0.09;False;0.05;True;0.02;False;0.010962367057800293
44;0.01;True;0.01;True;ERR;ERR;0.53;True;0.48493414700000004;1.52;True;1.2604183450000002;0.06;True;0.08;False;0.05;True;ERR;ERR;ERR
45;0.02;True;0.01;True;ERR;ERR;0.29;True;0.26207296199999996;0.94;True;0.898342324;0.08;True;0.1;False;0.06;True;ERR;ERR;ERR
46;0.02;True;0.02;False;0.01;False;1.34;False;1.292791661;1.5;False;1.4663911360000002;0.05;False;0.13;False;0.05;False;ERR;ERR;ERR
47;0.01;True;0.0;True;ERR;ERR;0.53;True;0.42513880400000004;3.33;True;2.180485579;0.07;True;0.06;False;0.05;True;ERR;ERR;ERR
48;0.0;True;0.01;False;0.01;False;0.26;False;0.0014807919999999808;1.05;False;0.0016747740000000455;0.07;False;0.04;False;0.05;False;ERR;ERR;ERR
49;0.01;True;0.01;True;ERR;ERR;0.45;True;0.39702788899999997;1.13;True;1.015067166;0.07;True;ERR;ERR;0.05;True;ERR;ERR;ERR
50;0.01;True;0.01;True;ERR;ERR;0.45;True;0.399262172;2.78;True;2.3402065380000003;0.05;True;0.06;False;0.04;True;0.04;True;0.03729884512722492
51;0.01;True;0.01;True;ERR;ERR;0.49;True;0.41462806699999993;1.22;True;0.40555546899999995;0.08;True;0.08;False;0.05;True;ERR;ERR;ERR
52;ERR;ERR;0.01;False;0.01;False;0.03;False;5.762599999999812e-05;0.03;False;5.356000000000111e-05;0.06;False;0.05;False;0.06;False;ERR;ERR;ERR
53;0.01;True;0.01;False;0.02;False;0.27;False;0.001499710999999987;1.01;False;0.001729124999999998;0.06;False;0.04;False;0.04;False;ERR;ERR;ERR
54;0.02;True;0.04;False;0.01;False;2.78;False;2.729615404;2.99;False;2.911488675;0.07;False;0.1;False;0.06;False;ERR;ERR;ERR
55;0.0;True;0.01;True;ERR;ERR;0.43;True;0.342058859;2.43;True;1.6063377829999999;0.06;True;0.08;False;0.06;True;ERR;ERR;ERR
56;0.01;True;69.06;False;0.01;False;1.84;False;1.5575526480000002;3.56;False;1.772669048;1.55;False;24.04;False;17.82;False;ERR;ERR;ERR
57;0.01;True;0.01;False;0.01;False;2.51;False;2.2326194910000003;3.73;False;2.562176717;0.07;False;0.08;False;0.04;False;ERR;ERR;ERR
58;0.0;True;0.02;False;0.01;False;1.45;False;1.410483184;1.73;False;1.68494314;0.07;False;0.13;False;0.06;False;ERR;ERR;ERR
59;0.01;True;0.04;False;0.01;False;4.46;False;4.413206918999999;5.28;False;5.1869095110000005;0.06;False;0.09;False;0.05;False;ERR;ERR;ERR
60;0.01;True;0.01;True;ERR;ERR;1.59;True;1.54858934;2.65;True;2.550153278;0.07;True;0.19;False;0.07;True;ERR;ERR;ERR
61;0.0;True;0.02;False;0.01;False;1.46;False;1.411336847;1.55;False;1.4995403699999998;0.06;False;0.11;False;0.06;False;0.01;False;0.0023382771760225296
62;0.01;True;0.01;True;ERR;ERR;0.77;True;0.667664364;3.35;True;1.985158471;0.06;True;0.09;False;0.04;True;ERR;ERR;ERR
63;0.01;True;0.01;True;ERR;ERR;0.35;True;0.319463814;1.01;True;0.958843624;0.05;True;0.07;False;0.05;True;0.02;False;0.012545237317681313
64;0.0;True;0.0;True;ERR;ERR;1.38;False;1.3434666530000001;1.34;False;1.312932311;0.07;True;0.18;False;0.05;True;ERR;ERR;ERR
65;0.01;True;0.0;True;ERR;ERR;0.68;True;0.589398498;3.13;True;2.0833120419999998;0.07;True;0.07;False;0.05;True;ERR;ERR;ERR
66;0.01;True;0.01;True;ERR;ERR;0.62;True;0.556328199;3.24;True;2.7663007860000004;0.06;True;0.06;False;0.05;True;ERR;ERR;ERR
67;0.0;True;0.01;False;0.01;False;0.04;False;0.00027415199999999973;0.08;False;0.0003188289999999927;0.06;False;0.03;False;0.04;False;ERR;ERR;ERR
68;0.01;True;0.01;False;0.01;False;0.28;False;0.0017855200000000127;1.15;False;0.002114293999999961;0.06;False;0.02;False;0.04;False;ERR;ERR;ERR
69;0.01;True;0.01;False;0.01;False;0.25;False;0.0019659999999999955;0.98;False;0.0021533120000000183;0.07;False;0.05;False;0.04;False;ERR;ERR;ERR
70;0.01;True;0.01;True;ERR;ERR;0.48;True;0.41426598400000003;1.86;True;1.200767463;0.07;True;0.08;False;0.05;True;0.04;True;0.04023234732449055
71;0.01;True;0.01;True;ERR;ERR;0.56;True;0.453075817;2.96;True;1.6912215229999998;0.06;True;0.08;False;0.04;True;ERR;ERR;ERR
72;ERR;ERR;0.01;False;0.01;False;0.03;False;5.205800000000066e-05;0.03;False;5.261899999999681e-05;0.05;False;0.05;False;0.03;False;0.02;False;0.0018992144614458084
73;0.01;True;0.01;True;ERR;ERR;0.56;True;0.48948935299999996;2.8;True;1.971261685;0.06;True;0.06;False;0.06;True;0.05;True;0.04254741035401821
74;0.01;True;0.01;True;ERR;ERR;0.21;False;0.18898123100000003;0.25;False;0.21648472300000002;0.06;True;0.06;False;0.05;True;ERR;ERR;ERR
75;0.02;True;0.01;True;ERR;ERR;0.58;True;0.47271641799999997;3.78;True;2.429763156;0.07;True;0.09;False;0.06;True;0.01;False;0.002331528812646866
76;0.01;True;0.0;True;ERR;ERR;0.62;True;0.51283196;2.77;True;1.5345169889999999;0.05;True;0.07;False;0.05;True;ERR;ERR;ERR
77;0.01;True;0.01;True;ERR;ERR;0.36;True;0.331858349;0.97;True;0.927010873;0.06;True;0.08;False;0.06;True;ERR;ERR;ERR
78;0.01;True;0.01;True;ERR;ERR;0.26;False;0.23259369300000002;0.28;False;0.24690771900000003;0.05;True;0.06;False;0.06;True;ERR;ERR;ERR
79;0.01;True;0.01;True;ERR;ERR;0.53;True;0.481304277;1.41;True;1.204861897;0.06;True;0.08;False;0.04;True;ERR;ERR;ERR
80;ERR;ERR;0.01;False;0.01;False;0.03;False;5.0665999999997824e-05;0.03;False;6.147199999999992e-05;0.06;False;0.04;False;0.05;False;ERR;ERR;ERR
81;0.01;True;0.01;True;ERR;ERR;0.5;True;0.426953958;1.56;True;0.921265539;0.07;True;0.07;False;0.05;True;ERR;ERR;ERR
82;0.02;True;0.01;False;0.01;False;0.24;False;0.0013476729999999937;0.95;False;0.0015138519999999822;0.05;False;0.04;False;0.05;False;ERR;ERR;ERR
83;0.01;True;0.01;True;ERR;ERR;0.37;True;0.327312316;1.04;True;0.7928312899999999;0.07;True;0.07;False;0.04;True;ERR;ERR;ERR
84;0.02;True;0.01;True;ERR;ERR;0.58;True;0.487213558;2.3;True;1.5160907030000002;0.07;True;0.07;False;0.06;True;ERR;ERR;ERR
85;0.01;True;0.01;True;ERR;ERR;0.33;True;0.293181126;0.67;True;0.636426908;0.07;True;0.08;False;0.05;True;ERR;ERR;ERR
86;0.01;True;0.01;False;0.01;False;0.27;False;0.0017881839999999982;1.15;False;0.001976998000000063;0.06;False;0.03;False;0.03;False;ERR;ERR;ERR
87;0.01;True;0.01;False;0.0;False;0.28;False;0.001552709999999985;1.07;False;0.0017815039999999893;0.05;False;0.04;False;0.06;False;ERR;ERR;ERR
88;0.01;True;0.02;False;0.0;False;1.33;False;1.281401003;1.41;False;1.3669099820000001;0.07;False;0.13;False;0.05;False;ERR;ERR;ERR
89;0.02;True;0.01;True;ERR;ERR;0.7;True;0.609230885;2.48;True;1.26398369;0.06;True;0.08;False;0.04;True;ERR;ERR;ERR
90;0.02;True;0.0;True;ERR;ERR;0.44;True;0.390621072;1.85;True;1.6286611899999999;0.06;True;0.08;False;0.04;True;ERR;ERR;ERR
91;0.0;True;0.01;False;0.01;False;0.04;False;0.0002710060000000042;0.1;False;0.0003306859999999967;0.07;False;0.03;False;0.05;False;ERR;ERR;ERR
92;0.0;True;0.01;True;ERR;ERR;0.62;True;0.511307433;2.26;True;0.976326687;0.06;True;0.07;False;0.05;True;ERR;ERR;ERR
93;0.02;True;0.01;True;ERR;ERR;0.59;True;0.499584257;2.52;True;1.676670322;0.07;True;0.09;False;0.04;True;ERR;ERR;ERR
94;0.01;True;TO;TO;0.0;False;4.26;False;3.9039841189999995;TO;TO;TO;TO;TO;TO;TO;TO;TO;ERR;ERR;ERR
95;0.01;True;0.01;True;ERR;ERR;0.64;True;0.491151368;3.46;True;1.7223473349999998;0.06;True;0.07;False;0.05;True;ERR;ERR;ERR
96;0.01;True;0.01;True;ERR;ERR;0.51;True;0.463763099;0.92;True;0.626446697;0.06;True;0.07;False;0.05;True;0.02;False;0.01011241041123867
97;0.01;True;0.01;True;ERR;ERR;0.65;True;0.558648731;2.84;True;1.560008373;0.07;True;0.07;False;0.06;True;ERR;ERR;ERR
98;0.01;True;0.01;False;0.01;False;1.32;False;1.2857550469999999;1.47;False;1.424638019;0.07;False;0.12;False;0.06;False;ERR;ERR;ERR
99;0.02;True;0.0;True;ERR;ERR;0.33;True;0.293395168;0.52;True;0.480043996;0.05;True;0.06;False;0.04;True;ERR;ERR;ERR
100;0.01;True;0.02;False;0.01;False;2.52;False;2.483396368;3.0;False;2.9114601469999997;0.07;False;0.16;False;0.05;False;ERR;ERR;ERR
101;0.01;True;0.01;True;ERR;ERR;0.46;True;0.41031067600000004;1.95;True;1.575328719;0.06;True;0.08;False;0.06;True;ERR;ERR;ERR
102;0.01;True;0.01;True;ERR;ERR;0.63;True;0.5505151939999999;2.49;True;1.7573125740000002;0.07;True;0.1;False;0.06;True;ERR;ERR;ERR
103;0.0;True;0.0;True;ERR;ERR;0.68;True;0.593727956;2.81;True;2.059558762;0.06;True;0.07;False;0.05;True;0.02;False;0.01941469870507717
104;0.01;True;0.01;True;ERR;ERR;1.73;True;1.690528563;3.34;True;3.259777745;0.07;True;0.22;False;0.06;True;0.1;False;0.09192565269768238
105;0.02;True;0.01;True;ERR;ERR;0.62;True;0.5518097240000001;1.15;True;0.390431938;0.07;True;0.06;False;0.06;True;ERR;ERR;ERR
106;0.01;True;0.01;True;ERR;ERR;0.51;True;0.40358757500000003;2.59;True;1.543649384;0.05;True;0.08;False;0.04;True;ERR;ERR;ERR
107;0.0;True;0.01;True;ERR;ERR;0.5;False;0.46160281699999994;0.78;False;0.712034862;0.07;True;0.07;False;0.06;True;ERR;ERR;ERR
108;0.01;True;0.01;False;0.01;False;0.26;False;0.0017822249999999706;0.94;False;0.0020376089999999403;0.07;False;0.03;False;0.06;False;ERR;ERR;ERR
109;0.01;True;0.01;True;ERR;ERR;0.46;True;0.38836966;1.64;True;1.1793027420000002;0.07;True;0.06;False;0.04;True;ERR;ERR;ERR
110;0.01;True;0.01;False;0.0;False;2.22;False;2.109745604;3.1;False;2.4796074299999997;0.06;False;0.03;False;0.05;False;ERR;ERR;ERR
111;0.01;True;0.01;True;ERR;ERR;0.5;True;0.419674381;3.65;True;2.78003664;0.06;True;0.07;False;0.04;True;ERR;ERR;ERR
112;0.01;True;0.0;False;0.01;False;0.04;False;0.0002655479999999974;0.1;False;0.00032792299999999386;0.05;False;0.03;False;0.05;False;ERR;ERR;ERR
113;0.01;True;0.0;True;ERR;ERR;0.33;True;0.298188088;0.65;True;0.614358732;0.07;True;0.07;False;0.04;True;ERR;ERR;ERR
114;0.02;True;0.01;True;ERR;ERR;0.66;True;0.6035884859999999;2.65;True;2.024727907;0.06;True;0.09;False;0.04;True;ERR;ERR;ERR
115;0.0;True;0.01;True;ERR;ERR;0.66;True;0.547172045;4.4;True;3.103768486;0.06;True;0.08;False;0.03;True;ERR;ERR;ERR
116;0.02;True;0.01;True;ERR;ERR;0.38;False;0.346518264;0.38;False;0.362497038;0.06;True;0.07;False;0.04;True;ERR;ERR;ERR
117;0.01;True;TO;TO;0.0;False;1.06;False;1.027904637;1.21;False;1.1061107620000001;TO;TO;3.15;False;TO;TO;0.06;False;0.05009183660149574
118;0.0;True;0.01;True;ERR;ERR;1.79;True;1.741732791;2.41;True;2.103730349;0.06;True;0.21;False;0.03;True;ERR;ERR;ERR
119;0.01;True;0.03;False;0.01;False;1.27;False;1.122531352;2.14;False;1.179741914;0.05;False;0.19;False;0.06;False;ERR;ERR;ERR
120;0.01;True;0.01;True;ERR;ERR;0.61;True;0.504929089;2.31;True;1.121235345;0.07;True;0.07;False;0.07;True;ERR;ERR;ERR
121;0.01;True;0.01;False;0.0;False;0.26;False;0.0018582089999999996;1.1;False;0.002046851999999988;0.07;False;0.03;False;0.05;False;ERR;ERR;ERR
122;0.02;True;0.02;False;0.01;False;1.21;False;1.1703789889999998;1.42;False;1.374504482;0.06;False;0.14;False;0.06;False;ERR;ERR;ERR
123;ERR;ERR;0.01;True;ERR;ERR;0.31;False;0.27942151099999996;0.35;False;0.30730479499999996;0.07;True;0.08;False;0.06;True;ERR;ERR;ERR
124;0.01;True;0.01;True;ERR;ERR;0.29;True;0.261759391;0.39;True;0.346120176;0.05;True;0.06;False;0.05;True;ERR;ERR;ERR
125;0.02;True;0.01;True;ERR;ERR;1.05;False;1.018802523;1.55;False;1.523667295;0.06;True;0.2;False;0.04;True;ERR;ERR;ERR
126;0.01;True;0.01;True;ERR;ERR;0.54;True;0.45145552499999997;1.38;True;0.5997336799999999;0.07;True;0.06;False;0.05;True;0.0;False;0.002409987151622772
127;0.01;True;0.0;True;ERR;ERR;0.63;True;0.531074873;2.89;True;1.6070934970000001;0.07;True;0.08;False;0.04;True;0.01;False;0.002357015386223793
128;0.01;True;0.01;False;0.01;False;0.05;False;0.0002747119999999964;0.09;False;0.0003219240000000012;0.07;False;0.03;False;0.04;False;ERR;ERR;ERR
129;0.02;True;0.01;True;ERR;ERR;0.65;True;0.55564355;3.3;True;2.230798418;0.06;True;0.08;False;0.05;True;ERR;ERR;ERR
130;0.01;True;0.01;True;ERR;ERR;0.74;True;0.5846993220000001;4.6;True;2.2467190649999997;0.07;True;0.05;False;0.05;True;0.02;False;0.011599477380514145
131;0.02;True;0.0;True;ERR;ERR;0.32;False;0.27896723;0.33;False;0.30043032599999997;0.05;True;0.08;False;0.05;True;ERR;ERR;ERR
132;0.01;True;0.01;False;0.0;False;0.27;False;0.0017870630000000332;1.08;False;0.0021197120000000513;0.07;False;0.03;False;0.04;False;ERR;ERR;ERR
133;0.0;True;0.0;True;ERR;ERR;0.69;True;0.592195455;1.51;True;0.5920766869999999;0.07;True;0.05;False;0.06;True;ERR;ERR;ERR
134;0.01;True;0.01;True;ERR;ERR;0.73;True;0.612043978;3.35;True;1.990494902;0.06;True;0.07;False;0.05;True;ERR;ERR;ERR
135;0.01;True;0.01;True;ERR;ERR;0.36;True;0.326620427;1.18;True;1.1336776290000001;0.08;True;0.07;False;0.04;True;0.02;False;0.0023102350533008575
136;0.01;True;0.01;False;0.01;False;3.34;False;3.0094640839999998;4.15;False;3.3616848079999997;0.07;False;0.09;False;0.06;False;0.04;False;0.032905811443924904
137;0.01;True;0.01;True;ERR;ERR;0.73;True;0.6207721289999999;3.49;True;2.3586148590000002;0.06;True;0.07;False;0.05;True;ERR;ERR;ERR
138;0.01;True;0.01;True;ERR;ERR;0.63;True;0.504955078;3.63;True;1.7140301189999998;0.06;True;0.08;False;0.04;True;ERR;ERR;ERR
139;0.02;True;0.01;False;0.01;False;0.29;False;0.001848744999999985;1.09;False;0.002086821999999988;0.06;False;0.05;False;0.05;False;0.05;False;0.03800087235867977
140;0.01;True;0.01;True;ERR;ERR;0.68;True;0.580750869;2.45;True;1.34361144;0.05;True;0.08;False;0.04;True;0.02;False;0.002146409824490547
141;0.0;True;0.01;True;ERR;ERR;1.67;True;1.6037353909999998;2.87;True;2.076321361;0.05;True;0.22;False;0.06;True;ERR;ERR;ERR
142;0.01;True;0.01;False;0.0;False;0.04;False;0.00027711600000000086;0.07;False;0.0003257190000000021;0.07;False;0.04;False;0.04;False;0.03;False;0.022928090766072273
143;0.01;True;0.0;True;ERR;ERR;0.31;False;0.262182125;0.4;False;0.35442092599999997;0.07;True;0.06;False;0.05;True;0.01;False;0.0020512640476226807
144;0.0;True;0.01;True;ERR;ERR;0.77;True;0.6515104270000001;4.12;True;2.715799145;0.05;True;0.1;False;0.04;True;ERR;ERR;ERR
145;0.01;True;0.01;True;ERR;ERR;0.67;True;0.5520381289999999;4.19;True;2.931724237;0.07;True;0.07;False;0.05;True;ERR;ERR;ERR
146;0.01;True;0.01;True;ERR;ERR;0.62;True;0.5115897159999999;2.09;True;0.826484693;0.07;True;0.07;False;0.04;True;ERR;ERR;ERR
147;0.01;True;0.01;False;0.02;False;0.27;False;0.0017248189999999886;1.12;False;0.0020137030000000333;0.05;False;0.04;False;0.05;False;ERR;ERR;ERR
148;0.01;True;0.01;True;ERR;ERR;0.6;True;0.495886446;3.75;True;2.627045235;0.07;True;0.07;False;0.05;True;ERR;ERR;ERR
149;0.01;True;0.0;True;ERR;ERR;0.6;True;0.49859827500000004;1.94;True;0.9537043000000001;0.07;True;0.1;False;0.05;True;ERR;ERR;ERR
150;0.01;True;0.01;True;ERR;ERR;0.31;True;0.266338945;0.46;True;0.384967926;0.07;True;0.07;False;0.05;True;ERR;ERR;ERR
151;0.01;True;0.01;False;0.01;False;2.51;False;2.231289706;3.65;False;2.502054202;0.07;False;0.1;False;0.04;False;0.01;False;0.0023188088089227676
152;0.01;True;0.01;False;0.0;False;0.04;False;0.0003068499999999974;0.11;False;0.00034401600000000254;0.06;False;0.04;False;0.06;False;ERR;ERR;ERR
153;0.01;True;0.01;True;ERR;ERR;0.34;True;0.301413582;0.48;True;0.423446303;0.07;True;0.08;False;0.05;True;ERR;ERR;ERR
154;0.01;True;0.01;True;ERR;ERR;0.52;True;0.464089959;1.81;True;1.352964898;0.07;True;0.07;False;0.04;True;ERR;ERR;ERR
155;0.01;True;0.0;True;ERR;ERR;0.37;False;0.324375587;0.8;False;0.718039266;0.06;True;0.07;False;0.06;True;ERR;ERR;ERR
156;0.01;True;0.01;True;ERR;ERR;0.69;True;0.587784805;4.14;True;2.8467029329999995;0.06;True;0.08;False;0.05;True;ERR;ERR;ERR
157;0.01;True;0.01;True;ERR;ERR;0.42;False;0.36421683;0.66;False;0.558535702;0.06;True;0.06;False;0.05;True;0.01;False;0.00233602337539196
158;ERR;ERR;0.01;False;0.01;False;0.03;False;5.176800000000065e-05;0.03;False;5.269900000000327e-05;0.06;False;0.05;False;0.05;False;ERR;ERR;ERR
159;0.01;True;0.01;True;ERR;ERR;0.7;True;0.592055925;3.73;True;2.505631493;0.06;True;0.07;False;0.05;True;ERR;ERR;ERR
160;0.01;True;0.0;False;0.01;False;0.05;False;0.00029728599999999383;0.09;False;0.0003151230000000005;0.06;False;0.03;False;0.05;False;0.01;False;0.01771913841366768
161;0.01;True;0.01;False;0.01;False;0.27;False;0.0015544529999999834;1.05;False;0.0018076430000000254;0.08;False;0.03;False;0.06;False;ERR;ERR;ERR
162;0.0;True;0.01;True;ERR;ERR;0.26;False;0.23556972000000004;0.35;False;0.31380293800000003;0.06;True;0.07;False;0.05;True;ERR;ERR;ERR
163;0.0;True;0.0;False;0.02;False;1.41;False;1.2576583339999998;3.27;False;1.3840673549999998;0.06;False;0.04;False;0.04;False;ERR;ERR;ERR
164;0.0;True;0.02;False;0.0;False;1.51;False;1.4716132199999998;1.71;False;1.658195483;0.06;False;0.15;False;0.06;False;ERR;ERR;ERR
165;0.01;True;0.01;True;ERR;ERR;0.51;True;0.386763122;2.51;True;0.9823234279999999;0.06;True;0.09;False;0.04;True;ERR;ERR;ERR
166;0.0;True;0.01;False;0.0;False;0.26;False;0.0015152039999999922;1.04;False;0.001776686999999999;0.06;False;0.04;False;0.05;False;ERR;ERR;ERR
167;0.01;True;0.01;True;ERR;ERR;0.53;True;0.42890421500000003;2.9;True;1.6737320020000002;0.05;True;0.07;False;0.05;True;ERR;ERR;ERR
168;0.02;True;0.0;True;ERR;ERR;0.84;True;0.7013162949999999;3.03;True;1.846842611;0.06;True;0.1;False;0.05;True;ERR;ERR;ERR
169;0.01;True;0.0;True;ERR;ERR;0.57;True;0.47297511700000006;3.15;True;1.9025254600000001;0.06;True;0.06;False;0.06;True;ERR;ERR;ERR
170;0.01;True;0.0;True;ERR;ERR;0.38;True;0.34410188799999997;0.64;True;0.592942417;0.06;True;0.07;False;0.07;True;ERR;ERR;ERR
171;0.01;True;0.01;True;ERR;ERR;0.51;True;0.43001049599999996;2.81;True;1.869902094;0.07;True;0.08;False;0.05;True;ERR;ERR;ERR
172;0.01;True;0.01;True;ERR;ERR;0.39;True;0.348737385;0.94;True;0.918537264;0.06;True;0.07;False;0.05;True;ERR;ERR;ERR
173;0.01;True;0.01;True;ERR;ERR;0.55;True;0.503869127;0.8;True;0.592597499;0.06;True;0.08;False;0.04;True;ERR;ERR;ERR
174;0.01;True;0.01;False;0.0;False;0.28;False;0.0018855799999999978;1.15;False;0.002149055999999927;0.06;False;0.04;False;0.03;False;ERR;ERR;ERR
175;0.01;True;0.01;True;ERR;ERR;0.74;True;0.6468374330000001;3.09;True;1.890165547;0.06;True;0.1;False;0.03;True;ERR;ERR;ERR
176;ERR;ERR;0.01;False;0.01;False;0.03;False;5.011499999999641e-05;0.04;False;5.3641000000000105e-05;0.05;False;0.04;False;0.03;False;ERR;ERR;ERR
177;0.0;True;0.01;True;ERR;ERR;0.73;True;0.634152232;3.83;True;2.9829922499999997;0.05;True;0.08;False;0.05;True;ERR;ERR;ERR
178;0.01;True;0.0;True;ERR;ERR;0.43;True;0.367024653;1.5;True;0.8261463259999999;0.06;True;0.09;False;0.05;True;ERR;ERR;ERR
179;0.0;True;0.01;True;ERR;ERR;0.74;True;0.618689473;2.3;True;0.9500077620000003;0.07;True;0.08;False;0.05;True;ERR;ERR;ERR
180;0.01;True;0.01;False;0.01;False;0.28;False;0.0015314489999999903;1.14;False;0.0015617739999999047;0.07;False;0.05;False;0.05;False;ERR;ERR;ERR
181;0.01;True;0.01;True;ERR;ERR;0.46;True;0.407225265;2.58;True;2.250486097;0.06;True;0.08;False;0.06;True;ERR;ERR;ERR
182;0.01;True;0.01;True;ERR;ERR;0.35;True;0.322057599;0.47;True;0.433353374;0.05;True;0.09;False;0.06;True;ERR;ERR;ERR
183;ERR;ERR;0.01;False;0.01;False;0.03;False;5.912799999999857e-05;0.03;False;5.874799999999736e-05;0.06;False;0.03;False;0.04;False;ERR;ERR;ERR
184;0.01;True;0.01;True;ERR;ERR;0.46;True;0.406291613;2.18;True;1.698099788;0.06;True;0.08;False;0.05;True;ERR;ERR;ERR
185;0.01;True;0.0;True;ERR;ERR;1.51;True;1.465313375;2.85;True;2.3794399299999998;0.07;True;0.14;False;0.05;True;ERR;ERR;ERR
186;0.01;True;0.0;True;ERR;ERR;0.73;True;0.620357537;2.51;True;1.2845798740000003;0.06;True;0.07;False;0.05;True;ERR;ERR;ERR
187;0.01;True;0.0;True;ERR;ERR;0.62;True;0.5531735640000001;1.34;True;0.932479753;0.06;True;0.08;False;0.05;True;ERR;ERR;ERR
188;0.01;True;0.01;False;0.01;False;0.25;False;0.001549735999999996;1.18;False;0.0017871929999999647;0.07;False;0.04;False;0.05;False;0.03;True;0.019217412918806076
189;0.01;True;0.0;True;ERR;ERR;0.51;True;0.395511312;2.68;True;1.6052887359999999;0.06;True;0.08;False;0.04;True;ERR;ERR;ERR
190;0.01;True;0.0;True;ERR;ERR;0.7;True;0.581254242;4.14;True;2.921543766;0.06;True;0.06;False;0.05;True;ERR;ERR;ERR
191;0.01;True;0.01;False;0.0;False;0.26;False;0.0016975879999999999;1.01;False;0.0019171479999999796;0.07;False;0.04;False;0.04;False;ERR;ERR;ERR
192;0.01;True;0.01;True;ERR;ERR;1.18;False;1.139470325;1.72;False;1.675588318;0.06;True;0.17;False;0.06;True;ERR;ERR;ERR
193;0.01;True;0.01;True;ERR;ERR;0.66;True;0.547545796;3.14;True;1.9259552489999998;0.06;True;0.06;False;0.05;True;ERR;ERR;ERR
194;0.0;True;0.0;True;ERR;ERR;0.55;True;0.496198243;0.9;True;0.403408426;0.06;True;0.08;False;0.06;True;ERR;ERR;ERR
195;0.01;True;0.01;False;0.01;False;0.25;False;0.0014999309999999821;1.03;False;0.0016879730000000093;0.07;False;0.05;False;0.05;False;ERR;ERR;ERR
196;0.01;True;0.0;True;ERR;ERR;0.53;True;0.462211169;1.73;True;0.8971354509999999;0.07;True;0.07;False;0.05;True;ERR;ERR;ERR
197;0.02;True;0.0;False;0.01;False;0.28;False;0.001626831999999967;1.19;False;0.0018013740000000222;0.06;False;0.05;False;0.06;False;ERR;ERR;ERR
198;0.02;True;0.01;False;0.01;False;0.05;False;0.00027566400000000185;0.1;False;0.0003139610000000015;0.07;False;0.05;False;0.05;False;ERR;ERR;ERR
199;0.01;True;0.0;True;ERR;ERR;0.63;True;0.5173156409999999;3.89;True;2.692841015;0.07;True;0.07;False;0.05;True;ERR;ERR;ERR
200;0.02;True;0.01;True;ERR;ERR;1.27;False;1.23785497;1.6;False;1.5613476130000001;0.06;True;0.2;False;0.04;True;ERR;ERR;ERR
201;0.01;True;0.01;True;ERR;ERR;0.76;True;0.643791462;3.37;True;2.1357797339999998;0.07;True;0.08;False;0.04;True;ERR;ERR;ERR
202;ERR;ERR;0.01;False;0.01;False;0.03;False;5.7245000000004376e-05;0.03;False;5.5322999999996014e-05;0.05;False;0.03;False;0.04;False;ERR;ERR;ERR
203;0.01;True;0.01;True;ERR;ERR;0.84;True;0.625916681;3.63;True;0.486765455;0.07;True;0.06;False;0.05;True;ERR;ERR;ERR
204;0.01;True;0.01;False;0.01;False;0.24;False;0.0013561249999999858;0.98;False;0.0015583999999999598;0.06;False;0.04;False;0.05;False;ERR;ERR;ERR
205;0.01;True;0.01;False;0.01;False;0.25;False;0.0015844779999999725;0.98;False;0.0017665610000000553;0.07;False;0.04;False;0.04;False;ERR;ERR;ERR
206;0.0;True;0.0;True;ERR;ERR;0.47;True;0.383031911;1.29;True;0.42054740199999996;0.05;True;0.09;False;0.05;True;ERR;ERR;ERR
207;0.01;True;0.01;False;0.01;False;0.03;False;0.00027914899999999937;0.1;False;0.0003193699999999994;0.07;False;0.05;False;0.04;False;ERR;ERR;ERR
208;0.01;True;0.01;True;ERR;ERR;0.47;True;0.409222182;1.08;True;0.452928836;0.07;True;0.07;False;0.07;True;ERR;ERR;ERR
209;0.02;True;11.01;False;0.01;False;2.87;False;1.6107957960000001;10.37;False;1.9989665580000002;2.27;False;0.08;False;11.97;False;ERR;ERR;ERR
210;0.01;True;0.03;False;0.01;False;2.51;False;2.467609312;2.86;False;2.7687824450000003;0.06;False;0.11;False;0.06;False;ERR;ERR;ERR
211;0.01;True;0.01;False;0.01;False;0.27;False;0.0017866710000000174;1.08;False;0.0021390809999999316;0.06;False;0.03;False;0.05;False;ERR;ERR;ERR
212;0.02;True;0.01;True;ERR;ERR;0.63;True;0.520107982;3.52;True;2.147389653;0.07;True;0.09;False;0.05;True;ERR;ERR;ERR
213;0.01;True;0.01;False;0.01;False;0.27;False;0.0019142930000000113;1.13;False;0.0021628970000000525;0.07;False;0.05;False;0.05;False;ERR;ERR;ERR
214;0.0;True;0.0;True;ERR;ERR;1.49;True;1.45505042;2.04;True;1.966577202;0.05;True;0.13;False;0.05;True;ERR;ERR;ERR
215;0.01;True;0.01;True;ERR;ERR;0.55;True;0.45748530400000004;3.15;True;1.9878376850000001;0.06;True;0.08;False;0.05;True;ERR;ERR;ERR
216;0.01;True;0.01;True;ERR;ERR;0.38;False;0.34705522;0.64;False;0.5808594600000001;0.06;True;0.07;False;0.05;True;ERR;ERR;ERR
217;ERR;ERR;30.93;False;ERR;ERR;1.34;False;1.254136699;2.61;False;1.4544919330000003;6.31;False;0.11;False;24.36;False;ERR;ERR;ERR
218;0.01;True;0.03;False;0.01;False;2.61;False;2.557525727;2.94;False;2.8510123490000003;0.07;False;0.11;False;0.05;False;ERR;ERR;ERR
219;0.0;True;0.01;True;ERR;ERR;1.23;False;1.203061225;1.55;False;1.5080232740000001;0.07;True;0.25;False;0.04;True;ERR;ERR;ERR
220;ERR;ERR;0.01;False;0.01;False;0.03;False;5.315000000000181e-05;0.03;False;5.6103999999994325e-05;0.09;False;0.03;False;0.04;False;ERR;ERR;ERR
221;0.01;True;0.01;True;ERR;ERR;0.62;True;0.538622191;3.7;True;2.820207434;0.06;True;0.07;False;0.05;True;ERR;ERR;ERR
222;0.01;True;0.01;False;0.0;False;0.27;False;0.0017564260000000054;1.06;False;0.00199866999999998;0.04;False;0.04;False;0.04;False;ERR;ERR;ERR
223;0.01;True;0.01;True;ERR;ERR;0.33;True;0.287773718;1.26;True;1.1461871780000001;0.06;True;0.07;False;0.05;True;ERR;ERR;ERR
224;0.01;True;0.04;False;0.01;False;2.6;False;2.552629246;2.98;False;2.911828045;0.07;False;0.28;False;0.05;False;ERR;ERR;ERR
225;0.01;True;0.01;False;0.0;False;0.28;False;0.0015610229999999947;1.07;False;0.0017701970000000289;0.07;False;0.04;False;0.04;False;ERR;ERR;ERR
226;0.01;True;0.0;True;ERR;ERR;0.77;True;0.658543745;2.92;True;1.415560865;0.06;True;0.09;False;0.05;True;ERR;ERR;ERR
227;0.01;True;0.01;False;0.0;False;0.05;False;0.0002688129999999997;0.09;False;0.00032697099999999535;0.05;False;0.04;False;0.05;False;ERR;ERR;ERR
228;0.01;True;0.01;True;ERR;ERR;0.48;True;0.440083997;1.08;True;0.887778205;0.07;True;0.08;False;0.05;True;ERR;ERR;ERR
229;0.01;True;0.01;False;0.01;False;0.04;False;0.0006667600000000024;0.09;False;0.0008234260000000021;0.07;False;0.05;False;0.06;False;ERR;ERR;ERR
230;0.01;True;0.01;True;ERR;ERR;0.71;True;0.590839981;4.06;True;2.835294278;0.06;True;0.06;False;0.04;True;ERR;ERR;ERR
231;0.01;True;0.0;True;ERR;ERR;0.64;True;0.557308801;1.69;True;0.872138038;0.06;True;0.09;False;0.05;True;ERR;ERR;ERR
232;0.01;True;0.01;True;ERR;ERR;0.67;True;0.570305629;2.93;True;1.61788255;0.06;True;0.08;False;0.05;True;ERR;ERR;ERR
233;0.02;True;0.0;True;ERR;ERR;0.65;True;0.541143997;2.7;True;1.537104254;0.07;True;0.07;False;0.05;True;ERR;ERR;ERR
234;0.02;True;0.02;False;0.01;False;1.45;False;1.406684574;1.59;False;1.546678285;0.06;False;0.13;False;0.06;False;ERR;ERR;ERR
235;0.01;True;0.01;True;ERR;ERR;0.52;True;0.43976383500000005;3.9;True;2.840804968;0.04;True;ERR;ERR;0.04;True;ERR;ERR;ERR
236;0.01;True;0.0;False;0.01;False;0.04;False;0.00028085099999999863;0.1;False;0.00031245900000000104;0.07;False;0.04;False;0.04;False;ERR;ERR;ERR
237;0.01;True;0.0;True;ERR;ERR;0.52;True;0.446405024;1.61;True;1.216879145;0.06;True;0.08;False;0.04;True;ERR;ERR;ERR
238;0.02;True;0.0;True;ERR;ERR;0.76;True;0.640081673;2.65;True;1.268088911;0.05;True;0.08;False;0.05;True;ERR;ERR;ERR
239;0.02;True;0.03;False;0.01;False;2.57;False;2.528509863;3.0;False;2.916629601;0.07;False;0.12;False;0.05;False;ERR;ERR;ERR
240;0.02;True;0.01;True;ERR;ERR;0.36;False;0.32327990199999995;0.43;False;0.391910338;0.06;True;0.07;False;0.06;True;ERR;ERR;ERR
241;0.01;True;0.01;False;0.01;False;0.26;False;0.0014832159999999817;1.07;False;0.0017207730000000643;0.06;False;0.05;False;0.04;False;ERR;ERR;ERR
242;0.01;True;0.0;False;0.01;False;0.28;False;0.001688785000000026;1.19;False;0.001931368999999794;0.07;False;0.03;False;0.04;False;ERR;ERR;ERR
243;0.01;True;0.01;False;0.0;False;0.26;False;0.001816567000000019;1.05;False;0.002010968000000002;0.06;False;0.04;False;0.05;False;ERR;ERR;ERR
244;0.01;True;0.01;True;ERR;ERR;0.51;True;0.4244653930000001;3.36;True;2.627097565;0.05;True;0.09;False;0.05;True;0.03;False;0.018410788848996162
245;0.01;True;0.0;False;0.01;False;0.26;False;0.0015743829999999848;1.11;False;0.0018706880000000092;0.06;False;0.04;False;0.05;False;ERR;ERR;ERR
246;0.0;True;0.01;False;0.01;False;0.27;False;0.0016379380000000054;1.16;False;0.0018402319999999417;0.08;False;0.05;False;0.04;False;ERR;ERR;ERR
247;0.01;True;0.01;True;ERR;ERR;0.55;True;0.47087627600000004;1.3;True;0.4190684130000001;0.06;True;0.07;False;0.05;True;ERR;ERR;ERR
248;0.01;True;0.01;False;0.01;False;0.28;False;0.0015541229999999906;1.1;False;0.0016996710000000137;0.06;False;0.03;False;0.05;False;ERR;ERR;ERR
249;0.01;True;0.0;True;ERR;ERR;0.31;False;0.271682255;0.48;False;0.420057748;0.05;True;0.09;False;0.06;True;ERR;ERR;ERR
250;0.02;True;0.03;False;0.02;False;2.57;False;2.518948192;3.02;False;2.940691328;0.07;False;0.11;False;0.04;False;ERR;ERR;ERR
251;ERR;ERR;0.01;False;0.01;False;0.03;False;5.288900000000041e-05;0.03;False;5.193800000000137e-05;0.06;False;0.04;False;0.05;False;ERR;ERR;ERR
252;0.01;True;0.01;True;ERR;ERR;0.57;True;0.517559657;1.81;True;1.455273244;0.06;True;0.06;False;0.06;True;ERR;ERR;ERR
253;0.01;True;0.0;True;ERR;ERR;0.78;True;0.667660498;2.39;True;1.158581993;0.06;True;0.1;False;0.05;True;ERR;ERR;ERR
254;0.01;True;0.01;True;ERR;ERR;0.57;True;0.47492438200000003;3.44;True;2.3180181849999997;0.07;True;0.07;False;0.05;True;ERR;ERR;ERR
255;0.02;True;0.0;False;0.01;False;0.04;False;0.0003034059999999991;0.09;False;0.0003195599999999965;0.07;False;0.04;False;0.05;False;ERR;ERR;ERR
256;0.01;True;0.0;True;ERR;ERR;1.33;True;1.30387696;2.59;True;2.547064185;0.08;True;0.16;False;0.04;True;ERR;ERR;ERR
257;0.01;True;0.01;True;ERR;ERR;0.5;True;0.430571819;2.96;True;2.272489768;0.07;True;0.08;False;0.06;True;ERR;ERR;ERR
258;0.01;True;0.01;True;ERR;ERR;0.32;True;0.285015517;0.41;True;0.36896809399999997;0.05;True;0.07;False;0.06;True;ERR;ERR;ERR
259;0.02;True;0.01;True;ERR;ERR;0.66;True;0.5460961910000001;3.88;True;2.623058602;0.06;True;0.07;False;0.05;True;ERR;ERR;ERR
260;0.01;True;0.01;True;ERR;ERR;0.59;True;0.508016323;2.5;True;1.6539989130000001;0.06;True;0.08;False;0.06;True;ERR;ERR;ERR
261;0.01;True;0.04;False;0.02;False;2.65;False;2.594623669;3.06;False;2.952906962;0.07;False;0.15;False;0.04;False;ERR;ERR;ERR
262;0.02;True;0.01;True;ERR;ERR;1.69;True;1.649014408;3.48;True;3.216503322;0.06;True;0.21;False;0.06;True;ERR;ERR;ERR
263;0.02;True;0.03;False;0.0;False;4.44;False;4.398711513;5.23;False;5.140981656;0.06;False;0.13;False;0.06;False;ERR;ERR;ERR
264;0.01;True;0.01;True;ERR;ERR;0.45;True;0.383918431;1.65;True;1.0668058759999999;0.07;True;0.08;False;0.04;True;ERR;ERR;ERR
265;0.0;True;0.0;False;0.01;False;0.04;False;0.0002718680000000015;0.08;False;0.00032979499999999384;0.07;False;0.05;False;0.05;False;ERR;ERR;ERR
266;0.01;True;0.01;True;ERR;ERR;0.52;True;0.428845557;1.78;True;0.852019772;0.06;True;0.1;False;0.04;True;ERR;ERR;ERR
267;0.02;True;0.0;True;ERR;ERR;0.45;True;0.42788837;0.97;True;0.9282554599999999;0.07;True;0.06;False;ERR;ERR;ERR;ERR;ERR
268;0.02;True;0.01;True;ERR;ERR;0.32;True;0.291668133;0.69;True;0.657033647;0.06;True;0.07;False;0.05;True;ERR;ERR;ERR
269;0.01;True;0.0;True;ERR;ERR;0.36;True;0.313392872;0.59;True;0.5224660210000001;0.07;True;0.07;False;0.04;True;ERR;ERR;ERR
270;0.01;True;0.0;False;0.01;False;2.48;False;2.191624147;3.66;False;2.5301295059999998;0.06;False;0.11;False;0.05;False;ERR;ERR;ERR
271;0.0;True;0.01;True;ERR;ERR;0.62;True;0.5302198090000001;3.22;True;2.043625302;0.06;True;0.06;False;0.04;True;ERR;ERR;ERR
272;0.01;True;0.01;True;ERR;ERR;2.64;True;2.231864908;9.84;True;3.747216298999999;0.06;True;0.13;False;0.06;True;ERR;ERR;ERR
273;0.01;True;0.04;False;0.01;False;2.72;False;2.6684106350000003;3.12;False;3.025600797;0.07;False;0.15;False;0.06;False;ERR;ERR;ERR
274;0.01;True;0.01;True;ERR;ERR;1.43;True;1.384682738;1.98;True;1.910371609;0.05;True;0.22;False;0.05;True;ERR;ERR;ERR
275;0.01;True;0.01;True;ERR;ERR;0.52;True;0.46921967899999995;0.94;True;0.675248539;0.07;True;0.07;False;0.05;True;ERR;ERR;ERR
276;ERR;ERR;0.01;False;0.0;False;0.04;False;5.485300000000054e-05;0.01;False;5.531300000000128e-05;0.07;False;0.05;False;0.05;False;ERR;ERR;ERR
277;0.02;True;0.01;True;ERR;ERR;0.69;True;0.57890047;1.71;True;0.47015873799999985;0.06;True;0.09;False;0.05;True;ERR;ERR;ERR
278;0.01;True;0.01;False;0.0;False;0.05;False;0.0002928499999999973;0.09;False;0.0003414330000000021;0.07;False;0.06;False;0.06;False;ERR;ERR;ERR
279;0.02;True;0.04;False;0.01;False;2.71;False;2.66066543;3.15;False;3.055012172;0.06;False;0.11;False;0.06;False;ERR;ERR;ERR
280;0.01;True;0.01;True;ERR;ERR;0.35;True;0.319829794;0.77;True;0.733713393;0.06;True;0.07;False;0.05;True;ERR;ERR;ERR
281;ERR;ERR;0.0;False;0.01;False;0.02;False;5.496200000000562e-05;0.03;False;5.58030000000001e-05;0.06;False;0.04;False;0.03;False;ERR;ERR;ERR
282;0.01;True;TO;TO;0.01;False;4.82;False;4.438465765999999;TO;TO;TO;TO;TO;TO;TO;TO;TO;ERR;ERR;ERR
283;0.01;True;0.03;False;0.01;False;2.47;False;2.4237834830000002;2.99;False;2.915586766;0.06;False;0.26;False;0.05;False;ERR;ERR;ERR
284;0.01;True;0.01;True;ERR;ERR;0.54;True;0.440790095;4.13;True;3.026772855;0.06;True;0.08;False;0.06;True;ERR;ERR;ERR
285;0.02;True;0.01;True;ERR;ERR;0.55;True;0.45644403200000006;1.79;True;0.6286463780000001;0.06;True;0.07;False;0.05;True;ERR;ERR;ERR
286;0.01;True;0.0;True;ERR;ERR;0.33;True;0.30088260299999997;0.74;True;0.70313139;0.06;True;0.08;False;0.05;True;ERR;ERR;ERR
287;0.01;True;0.0;True;ERR;ERR;0.34;True;0.31128430799999995;0.98;True;0.941113962;0.08;True;0.08;False;0.07;True;ERR;ERR;ERR
288;0.01;True;0.01;True;ERR;ERR;0.67;True;0.593060445;2.79;True;1.9483964510000003;0.07;True;0.07;False;0.04;True;ERR;ERR;ERR
289;0.01;True;TO;TO;0.01;False;2.1;False;2.066087225;4.43;False;4.309232655000001;TO;TO;TO;TO;TO;TO;ERR;ERR;ERR
290;0.01;True;0.01;True;ERR;ERR;0.61;True;0.5338778999999999;1.96;True;1.069773308;0.07;True;0.07;False;0.04;True;ERR;ERR;ERR
291;0.01;True;0.01;False;0.01;False;0.29;False;0.0016005029999999754;1.07;False;0.0017401820000000345;0.07;False;0.03;False;0.04;False;ERR;ERR;ERR
292;0.0;True;0.01;False;0.01;False;0.27;False;0.0017666620000000022;1.19;False;0.0021033169999999934;0.07;False;0.04;False;0.05;False;ERR;ERR;ERR
293;0.01;True;0.01;False;0.01;False;0.26;False;0.001718979999999981;1.02;False;0.002008824999999992;0.07;False;0.05;False;0.05;False;ERR;ERR;ERR
294;0.02;True;0.0;False;0.01;False;0.29;False;0.0017999820000000333;1.2;False;0.0019760559999999483;0.07;False;0.03;False;0.05;False;ERR;ERR;ERR
295;0.01;True;0.01;True;ERR;ERR;0.53;True;0.46670234000000005;2.82;True;2.233107675;0.07;True;0.07;False;0.06;True;ERR;ERR;ERR
296;0.01;True;0.01;True;ERR;ERR;0.64;True;0.537869322;3.97;True;2.7736230299999995;0.06;True;0.07;False;0.05;True;ERR;ERR;ERR
297;0.01;True;0.01;False;0.01;False;0.05;False;0.0002833459999999968;0.09;False;0.00033358099999999946;0.07;False;0.03;False;0.05;False;ERR;ERR;ERR
298;0.01;True;0.01;True;ERR;ERR;0.65;True;0.560407911;1.97;True;1.142929948;0.06;True;0.09;False;0.06;True;ERR;ERR;ERR
299;ERR;ERR;0.0;True;ERR;ERR;0.36;True;0.330535954;0.47;True;0.432519402;0.06;True;0.08;False;0.04;True;ERR;ERR;ERR
300;0.02;True;0.01;False;0.0;False;0.28;False;0.0016409430000000058;1.06;False;0.0018703479999999661;0.06;False;0.03;False;0.06;False;ERR;ERR;ERR
301;0.01;True;0.01;True;ERR;ERR;0.5;True;0.42115804;1.81;True;0.962266753;0.06;True;0.08;False;0.05;True;ERR;ERR;ERR
302;0.02;True;0.01;True;ERR;ERR;0.25;False;0.218642212;0.27;False;0.241900023;0.06;True;0.07;False;0.04;True;ERR;ERR;ERR
303;0.01;True;0.0;True;ERR;ERR;0.61;True;0.52453693;2.67;True;1.8271182750000001;0.06;True;0.06;False;0.04;True;ERR;ERR;ERR
304;0.0;True;0.0;True;ERR;ERR;0.66;True;0.569312008;3.05;True;2.113219077;0.06;True;0.06;False;0.04;True;ERR;ERR;ERR
305;0.01;True;0.0;True;ERR;ERR;0.43;True;0.37554957099999997;1.81;True;1.453907675;0.07;True;0.09;False;0.05;True;ERR;ERR;ERR
306;0.01;True;0.01;True;ERR;ERR;0.52;True;0.433932542;3.33;True;2.216042259;0.08;True;0.08;False;0.03;True;ERR;ERR;ERR
307;0.01;True;0.0;True;ERR;ERR;0.58;True;0.523574196;1.4;True;1.088343744;0.06;True;0.08;False;0.05;True;ERR;ERR;ERR
308;0.01;True;0.0;True;ERR;ERR;0.4;True;0.374700135;1.02;True;0.974692374;0.06;True;0.08;False;0.06;True;ERR;ERR;ERR
309;0.01;True;0.01;False;0.0;False;0.26;False;0.001363096000000008;1.03;False;0.0016013739999999332;0.07;False;0.03;False;0.05;False;ERR;ERR;ERR
310;0.01;True;0.0;True;ERR;ERR;0.51;True;0.432582479;3.33;True;2.614006645;0.07;True;0.07;False;0.05;True;ERR;ERR;ERR
311;0.01;True;0.01;True;ERR;ERR;0.28;False;0.252639022;0.3;False;0.270764758;0.06;True;0.07;False;0.06;True;ERR;ERR;ERR
312;0.01;True;TO;TO;TO;TO;0.94;False;0.894898903;0.7;False;0.649984166;TO;TO;TO;TO;TO;TO;ERR;ERR;ERR
313;0.01;True;0.0;False;0.01;False;0.26;False;0.0018572579999999728;1.07;False;0.002123506999999969;0.06;False;0.03;False;0.03;False;ERR;ERR;ERR
314;0.01;True;0.0;True;ERR;ERR;0.62;True;0.5199820829999999;2.11;True;0.9162050949999999;0.06;True;0.06;False;0.03;True;ERR;ERR;ERR
315;0.01;True;0.0;True;ERR;ERR;0.44;True;0.40501645000000003;0.62;True;0.583289678;0.05;True;0.08;False;0.05;True;ERR;ERR;ERR
316;0.0;True;0.02;False;0.01;False;1.41;False;1.364276009;1.59;False;1.547398496;0.05;False;0.13;False;0.06;False;ERR;ERR;ERR
317;0.01;True;0.01;True;ERR;ERR;0.66;True;0.49736617699999996;2.62;True;0.998917767;0.06;True;0.08;False;0.05;True;ERR;ERR;ERR
318;0.01;True;0.01;True;ERR;ERR;0.39;True;0.34941445099999996;1.35;True;1.099206256;0.07;True;0.06;False;0.05;True;ERR;ERR;ERR
319;0.01;True;0.01;True;ERR;ERR;0.29;False;0.25532942;0.35;False;0.320811477;0.06;True;0.06;False;0.05;True;ERR;ERR;ERR
320;0.02;True;0.01;True;ERR;ERR;0.27;False;0.252516637;0.36;False;0.328684966;0.06;True;0.09;False;0.05;True;ERR;ERR;ERR
321;0.0;True;0.01;True;ERR;ERR;0.36;False;0.31838580699999997;0.5;False;0.458088577;0.06;True;0.07;False;0.05;True;ERR;ERR;ERR
322;ERR;ERR;0.01;False;0.01;False;0.63;False;0.591015785;0.68;False;0.64646258;0.05;False;0.08;False;0.05;False;ERR;ERR;ERR
323;0.02;True;0.01;False;0.01;False;2.31;False;2.056323511;3.51;False;2.399357215;0.06;False;0.08;False;0.06;False;ERR;ERR;ERR
324;0.0;True;0.01;True;ERR;ERR;0.6;True;0.486850604;3.1;True;1.9464418090000002;0.06;True;0.09;False;0.06;True;ERR;ERR;ERR
325;0.0;True;0.01;True;ERR;ERR;1.56;True;1.520840461;2.48;True;2.403940897;0.05;True;0.2;False;0.06;True;ERR;ERR;ERR
326;0.01;True;0.01;True;ERR;ERR;0.5;True;0.4475773820000001;1.89;True;1.510617977;0.06;True;0.08;False;0.04;True;ERR;ERR;ERR
327;0.02;True;0.01;True;ERR;ERR;0.26;False;0.23360438;0.41;False;0.38255194000000003;0.06;True;0.06;False;0.06;True;ERR;ERR;ERR
328;0.01;True;0.01;True;ERR;ERR;0.52;True;0.433709227;2.36;True;1.565750021;0.06;True;0.1;False;0.06;True;ERR;ERR;ERR
329;ERR;ERR;0.01;False;0.01;False;0.04;False;5.547300000000033e-05;0.03;False;5.618400000000079e-05;0.06;False;0.04;False;0.04;False;ERR;ERR;ERR
330;0.02;True;0.01;True;ERR;ERR;0.5;True;0.402107974;3.97;True;2.8826814059999997;0.07;True;0.08;False;0.06;True;ERR;ERR;ERR
331;0.01;True;0.01;False;0.01;False;1.53;False;1.478524927;1.72;False;1.679050527;0.08;False;0.13;False;0.06;False;ERR;ERR;ERR
332;0.02;True;0.01;False;0.01;False;0.25;False;0.0017452800000000157;0.95;False;0.0020244889999999627;0.07;False;0.05;False;0.05;False;ERR;ERR;ERR
333;0.02;True;0.0;True;ERR;ERR;0.72;True;0.6169123950000001;1.67;True;0.47135011699999996;0.07;True;0.08;False;0.04;True;ERR;ERR;ERR
334;0.01;True;0.0;True;ERR;ERR;0.63;True;0.53239182;2.18;True;1.025578864;0.07;True;0.07;False;0.03;True;ERR;ERR;ERR
335;0.02;True;0.01;True;ERR;ERR;0.34;True;0.313008786;0.49;True;0.45088168399999995;0.06;True;0.09;False;0.04;True;ERR;ERR;ERR
336;0.01;True;0.01;True;ERR;ERR;0.64;True;0.5440043210000001;2.09;True;0.9756618290000001;0.06;True;0.07;False;0.05;True;ERR;ERR;ERR
337;0.01;True;0.01;True;ERR;ERR;0.57;True;0.46262979800000004;2.59;True;1.311852081;0.07;True;0.09;False;0.04;True;ERR;ERR;ERR
338;0.02;True;0.01;True;ERR;ERR;0.51;True;0.42980618000000004;2.64;True;1.903473062;0.06;True;0.08;False;0.05;True;ERR;ERR;ERR
339;0.01;True;0.31;False;0.01;False;2.85;False;2.019865237;13.62;False;2.439290654999999;ERR;ERR;ERR;ERR;ERR;ERR;ERR;ERR;ERR
340;0.0;True;0.01;True;0.02;True;0.23;False;0.206453977;0.3;False;0.271169556;ERR;ERR;ERR;ERR;ERR;ERR;ERR;ERR;ERR
341;0.02;True;11.43;False;0.01;False;1.86;False;1.323980624;9.93;False;1.6061471970000012;ERR;ERR;ERR;ERR;ERR;ERR;ERR;ERR;ERR
342;0.0;True;0.5;False;0.01;False;2.8;False;2.2334394289999997;11.02;False;2.6451279880000005;ERR;ERR;ERR;ERR;ERR;ERR;ERR;ERR;ERR
343;0.01;True;0.47;False;0.01;False;3.13;False;2.056934299;22.3;False;2.4680532269999986;ERR;ERR;ERR;ERR;ERR;ERR;ERR;ERR;ERR
344;0.01;True;0.02;False;0.01;False;1.11;False;1.068136883;1.25;False;1.1965455249999999;ERR;ERR;ERR;ERR;ERR;ERR;ERR;ERR;ERR
345;0.01;True;6.44;False;1.19;False;1.07;False;0.9884239940000001;1.44;False;1.101493411;ERR;ERR;ERR;ERR;ERR;ERR;ERR;ERR;ERR
346;0.01;True;21.63;False;0.0;False;1.8;False;1.3247300499999999;7.84;False;1.4336316809999996;5.08;False;0.37;False;25.82;False;ERR;ERR;ERR
347;ERR;ERR;TO;TO;0.02;False;ERR;ERR;ERR;TO;TO;TO;TO;TO;9.49;False;TO;TO;ERR;ERR;ERR
348;0.02;True;TO;TO;0.01;False;1.83;False;1.780638458;9.13;False;3.2239269729999993;TO;TO;TO;TO;TO;TO;ERR;ERR;ERR
349;0.02;True;15.32;False;0.0;False;1.0;False;0.902835176;2.1;False;1.159978057;ERR;ERR;ERR;ERR;ERR;ERR;ERR;ERR;ERR
350;0.01;True;TO;TO;0.0;False;1.24;False;1.1063628909999998;2.53;False;1.1328063130000001;ERR;ERR;ERR;ERR;ERR;ERR;ERR;ERR;ERR
351;0.01;True;0.01;False;0.01;False;3.14;False;2.3271445539999998;15.95;False;2.660196473000001;ERR;ERR;ERR;ERR;ERR;ERR;ERR;ERR;ERR
352;0.01;True;61.94;False;0.01;False;1.16;False;1.012931644;13.95;False;1.2507070309999992;ERR;ERR;ERR;ERR;ERR;ERR;ERR;ERR;ERR
353;0.01;True;TO;TO;0.01;False;2.75;False;1.8919578529999999;TO;TO;TO;TO;TO;TO;TO;TO;TO;ERR;ERR;ERR
354;0.01;True;0.0;False;0.01;False;0.81;False;0.6788534190000001;3.48;False;0.7963399460000002;ERR;ERR;ERR;ERR;ERR;ERR;ERR;ERR;ERR
355;0.01;True;0.46;False;0.01;False;2.42;False;1.9507691740000002;9.3;False;2.259218358;ERR;ERR;ERR;ERR;ERR;ERR;ERR;ERR;ERR
356;0.01;True;2.16;False;0.48;False;0.77;False;0.7406497860000001;0.88;False;0.849321421;ERR;ERR;ERR;ERR;ERR;ERR;ERR;ERR;ERR
357;0.01;True;0.41;False;0.01;False;3.21;False;2.5858268349999998;12.19;False;3.1227471830000004;ERR;ERR;ERR;ERR;ERR;ERR;ERR;ERR;ERR
358;0.01;True;15.21;False;0.01;False;1.64;False;1.212412241;7.86;False;1.4469310459999996;ERR;ERR;ERR;ERR;ERR;ERR;ERR;ERR;ERR
359;ERR;ERR;30.59;False;6.67;False;1.15;False;1.080665139;2.25;False;1.558170934;7.32;False;ERR;ERR;33.66;False;ERR;ERR;ERR
360;0.01;True;0.02;False;0.01;False;2.17;False;2.1341352970000003;2.45;False;2.430164169;ERR;ERR;ERR;ERR;ERR;ERR;ERR;ERR;ERR
361;0.0;True;89.71;False;0.01;False;3.13;False;2.3610249100000003;6.32;False;2.845229989;17.33;False;0.12;False;0.52;False;ERR;ERR;ERR
362;0.01;True;TO;TO;0.01;False;16.73;False;2.1896826239999996;TO;TO;TO;ERR;ERR;ERR;ERR;ERR;ERR;ERR;ERR;ERR
363;0.0;True;0.02;False;0.01;False;1.26;False;1.221091715;1.37;False;1.331288816;ERR;ERR;ERR;ERR;ERR;ERR;ERR;ERR;ERR
364;0.01;True;11.88;False;0.01;False;1.02;False;0.8847443509999999;2.54;False;1.056403572;ERR;ERR;ERR;ERR;ERR;ERR;ERR;ERR;ERR
365;0.01;True;12.0;False;0.0;False;1.68;False;1.1436720299999998;8.67;False;1.3772155899999996;ERR;ERR;ERR;ERR;ERR;ERR;ERR;ERR;ERR
366;0.01;True;0.0;False;0.01;False;TO;TO;TO;TO;TO;TO;ERR;ERR;ERR;ERR;ERR;ERR;ERR;ERR;ERR
367;0.01;True;0.98;False;0.01;False;0.56;False;0.511860423;1.5;False;0.828235372;1.39;False;2.2;False;0.08;False;ERR;ERR;ERR
368;0.01;True;TO;TO;0.02;False;3.67;False;1.7749520520000002;TO;TO;TO;TO;TO;58.2;False;TO;TO;ERR;ERR;ERR
369;0.01;True;57.68;False;0.0;False;0.71;False;0.658770988;0.84;False;0.7844878700000001;5.33;False;0.09;False;29.05;False;ERR;ERR;ERR
370;0.01;True;0.37;False;0.02;False;5.21;False;2.23842707;52.64;False;2.7290143909999998;ERR;ERR;ERR;ERR;ERR;ERR;ERR;ERR;ERR
371;0.01;True;TO;TO;0.01;False;1.6;False;1.446022309;2.71;False;1.7056933790000002;ERR;ERR;ERR;ERR;ERR;ERR;ERR;ERR;ERR
372;0.0;True;0.41;False;0.01;False;3.57;False;2.5506868320000002;17.4;False;3.0471014370000002;ERR;ERR;ERR;ERR;ERR;ERR;ERR;ERR;ERR
373;0.01;True;0.34;False;0.0;False;2.55;False;1.9280177250000001;9.67;False;2.253577870999999;ERR;ERR;ERR;ERR;ERR;ERR;ERR;ERR;ERR
374;0.01;True;14.2;False;0.01;False;1.53;False;1.449708944;2.14;False;1.621616597;7.92;False;0.09;False;0.05;False;ERR;ERR;ERR
375;0.02;True;1.13;False;0.01;False;1.51;False;1.367251674;3.27;False;1.5899094249999999;ERR;ERR;ERR;ERR;ERR;ERR;ERR;ERR;ERR
376;0.01;True;5.53;False;0.01;False;TO;TO;TO;TO;TO;TO;ERR;ERR;ERR;ERR;ERR;ERR;ERR;ERR;ERR
377;0.01;True;TO;TO;0.01;False;1.57;False;1.245151594;TO;TO;TO;ERR;ERR;ERR;ERR;ERR;ERR;ERR;ERR;ERR
378;0.01;True;0.0;False;0.01;False;2.81;False;1.965726587;15.37;False;2.450606522000001;ERR;ERR;ERR;ERR;ERR;ERR;ERR;ERR;ERR
379;0.02;True;0.01;False;0.01;False;1.02;False;0.977100958;1.17;False;1.118243443;ERR;ERR;ERR;ERR;ERR;ERR;ERR;ERR;ERR
380;0.01;True;0.48;False;0.01;False;2.43;False;1.8998474220000001;9.49;False;2.208546817;ERR;ERR;ERR;ERR;ERR;ERR;ERR;ERR;ERR
381;0.01;True;0.01;True;0.01;True;0.79;False;0.758271806;0.92;False;0.883740975;ERR;ERR;ERR;ERR;ERR;ERR;ERR;ERR;ERR
382;0.02;True;0.01;False;0.01;False;0.85;False;0.632184909;2.18;False;0.768573658;0.07;False;0.09;False;0.04;False;ERR;ERR;ERR
383;0.01;True;0.01;True;0.01;True;1.17;True;1.1395344200000002;1.35;True;1.318037163;ERR;ERR;ERR;ERR;ERR;ERR;ERR;ERR;ERR
384;0.01;True;0.4;False;0.01;False;3.08;False;2.4331239190000002;11.93;False;2.906627499;ERR;ERR;ERR;ERR;ERR;ERR;ERR;ERR;ERR
385;0.01;True;TO;TO;0.01;False;3.42;False;1.7761015589999998;TO;TO;TO;ERR;ERR;ERR;ERR;ERR;ERR;ERR;ERR;ERR
386;0.01;True;0.56;False;0.01;False;4.1;False;3.192899722;17.64;False;3.6381044649999996;ERR;ERR;ERR;ERR;ERR;ERR;ERR;ERR;ERR
387;0.01;True;0.03;False;0.01;False;1.81;False;1.778585467;2.02;False;1.984797962;ERR;ERR;ERR;ERR;ERR;ERR;ERR;ERR;ERR
388;0.02;True;20.62;False;0.01;False;3.78;False;2.560782302;16.07;False;2.8842656229999992;ERR;ERR;ERR;ERR;ERR;ERR;ERR;ERR;ERR
389;0.02;True;5.45;False;0.01;False;1.87;False;1.347492377;TO;TO;TO;ERR;ERR;ERR;ERR;ERR;ERR;ERR;ERR;ERR
390;0.01;True;0.0;True;0.01;True;0.24;False;0.213540915;0.36;False;0.318861461;ERR;ERR;ERR;ERR;ERR;ERR;ERR;ERR;ERR
391;0.01;True;0.41;False;0.01;False;2.26;False;1.7904119279999997;8.81;False;2.1429249209999996;ERR;ERR;ERR;ERR;ERR;ERR;ERR;ERR;ERR
392;0.02;True;0.37;False;0.01;False;2.28;False;1.787394279;8.65;False;2.165361549;ERR;ERR;ERR;ERR;ERR;ERR;ERR;ERR;ERR
393;0.02;True;0.25;False;0.01;False;4.71;False;3.099552257;31.39;False;3.6520862609999973;ERR;ERR;ERR;ERR;ERR;ERR;ERR;ERR;ERR
394;0.02;True;0.0;True;0.01;True;0.4;True;0.361268304;1.16;True;1.006556032;ERR;ERR;ERR;ERR;ERR;ERR;ERR;ERR;ERR
395;0.01;True;4.2;False;0.01;False;2.11;False;2.052683065;6.97;False;2.4473098630000005;ERR;ERR;ERR;ERR;ERR;ERR;ERR;ERR;ERR
396;0.01;True;8.26;False;0.0;False;3.69;False;2.140749896;26.51;False;2.5691452980000022;ERR;ERR;ERR;ERR;ERR;ERR;ERR;ERR;ERR
397;0.01;True;0.04;False;0.01;False;1.82;False;1.7745409749999999;2.16;False;2.121841163;ERR;ERR;ERR;ERR;ERR;ERR;ERR;ERR;ERR
398;0.01;True;12.25;False;0.01;False;2.15;False;1.8815845589999998;7.85;False;2.3236630479999993;ERR;ERR;ERR;ERR;ERR;ERR;ERR;ERR;ERR
399;0.01;True;0.36;False;0.0;False;2.67;False;1.9666946000000003;10.78;False;2.3959567800000006;ERR;ERR;0.48;False;0.46;False;ERR;ERR;ERR
400;0.01;True;1.11;False;0.01;False;8.32;False;1.8413601909999997;TO;TO;TO;ERR;ERR;ERR;ERR;ERR;ERR;ERR;ERR;ERR
401;ERR;ERR;0.01;True;0.01;True;2.01;True;1.833700945;7.24;True;2.8851933740000004;0.07;True;0.09;True;0.05;True;ERR;ERR;ERR
402;0.01;True;11.07;False;0.01;False;ERR;ERR;ERR;TO;TO;TO;ERR;ERR;ERR;ERR;ERR;ERR;ERR;ERR;ERR
403;0.01;True;0.01;False;0.0;False;0.03;False;6.45370000000034e-05;0.14;False;9.77370000000144e-05;ERR;ERR;ERR;ERR;ERR;ERR;ERR;ERR;ERR
404;0.02;True;0.66;False;0.02;False;1.98;False;1.621298591;7.41;False;1.8724280850000001;ERR;ERR;ERR;ERR;ERR;ERR;ERR;ERR;ERR
405;0.01;True;0.01;False;0.01;False;1.29;False;1.0157727060000001;28.96;False;1.2240021779999992;ERR;ERR;ERR;ERR;ERR;ERR;ERR;ERR;ERR
406;0.01;True;TO;TO;ERR;ERR;3.08;False;3.040603166;3.8;False;3.711212771;ERR;ERR;ERR;ERR;ERR;ERR;ERR;ERR;ERR
407;0.01;True;0.01;False;0.01;False;1.57;False;1.475475117;2.08;False;1.704988607;ERR;ERR;ERR;ERR;ERR;ERR;ERR;ERR;ERR
408;0.01;True;7.75;False;0.01;False;ERR;ERR;ERR;TO;TO;TO;1.89;False;0.13;False;6.08;False;ERR;ERR;ERR
409;0.02;True;0.0;True;0.01;True;1.34;True;1.287373487;1.84;True;1.458284916;ERR;ERR;ERR;ERR;ERR;ERR;ERR;ERR;ERR
410;0.01;True;0.51;False;0.01;False;2.47;False;2.023977129;8.49;False;2.2431761780000006;ERR;ERR;ERR;ERR;ERR;ERR;ERR;ERR;ERR
411;0.01;True;4.51;False;0.01;False;4.33;False;1.667689433;45.56;False;1.9676461379999992;ERR;ERR;ERR;ERR;ERR;ERR;ERR;ERR;ERR
412;0.01;True;0.01;False;0.01;False;0.73;False;0.682707843;1.36;False;0.7399345020000001;0.07;False;ERR;ERR;0.06;False;ERR;ERR;ERR
413;0.01;True;0.0;True;0.01;True;0.41;True;0.36680485399999996;1.03;True;0.7095369439999999;ERR;ERR;ERR;ERR;ERR;ERR;ERR;ERR;ERR
414;0.02;True;8.84;False;0.02;False;2.86;False;2.692239782;4.29;False;3.08043919;ERR;ERR;ERR;ERR;ERR;ERR;ERR;ERR;ERR
415;0.01;True;0.01;False;0.0;False;4.14;False;2.6219531820000004;29.62;False;2.9389770050000017;0.07;False;0.1;False;0.06;False;ERR;ERR;ERR
416;0.02;True;46.9;False;0.03;False;1.17;False;1.077005356;2.07;False;1.177526026;6.22;False;0.08;False;0.04;False;ERR;ERR;ERR
417;0.01;True;0.62;False;0.01;False;2.49;False;1.997691015;9.16;False;2.4463064050000005;ERR;ERR;ERR;ERR;ERR;ERR;ERR;ERR;ERR
418;0.01;True;TO;TO;0.01;False;1.06;False;0.9401593899999999;2.52;False;1.168666978;ERR;ERR;ERR;ERR;ERR;ERR;ERR;ERR;ERR
419;0.01;True;0.02;True;0.02;True;1.98;False;1.946780858;2.12;False;2.0932306780000003;ERR;ERR;ERR;ERR;ERR;ERR;ERR;ERR;ERR
420;0.01;True;14.95;False;0.0;False;0.81;False;0.743864791;1.0;False;0.8560447020000002;ERR;ERR;ERR;ERR;ERR;ERR;ERR;ERR;ERR
421;0.0;True;0.5;False;0.0;False;2.68;False;2.1891172259999996;9.32;False;2.4786509249999993;ERR;ERR;ERR;ERR;ERR;ERR;ERR;ERR;ERR
422;0.01;True;0.28;False;0.01;False;3.37;False;2.424712413;16.04;False;2.86310368;ERR;ERR;ERR;ERR;ERR;ERR;ERR;ERR;ERR
423;0.01;True;0.29;False;0.01;False;1.77;False;1.463625513;5.11;False;1.598649343;ERR;ERR;ERR;ERR;ERR;ERR;ERR;ERR;ERR
424;0.01;True;6.46;False;0.01;False;1.36;False;1.240482303;5.67;False;1.688821371;0.59;False;0.09;False;2.08;False;ERR;ERR;ERR
425;0.01;True;39.09;False;0.0;False;12.73;False;3.647175239000001;TO;TO;TO;ERR;ERR;ERR;ERR;ERR;ERR;ERR;ERR;ERR
426;0.01;True;0.36;False;0.01;False;2.71;False;1.9424677519999998;12.3;False;2.2707309579999997;ERR;ERR;ERR;ERR;ERR;ERR;ERR;ERR;ERR
427;0.0;True;2.29;False;0.01;False;1.48;False;1.4201489040000002;1.81;False;1.5416704780000001;ERR;ERR;ERR;ERR;ERR;ERR;ERR;ERR;ERR
428;0.01;True;74.1;False;17.54;False;2.18;False;2.1402984689999998;2.7;False;2.623188376;ERR;ERR;ERR;ERR;ERR;ERR;ERR;ERR;ERR
429;0.01;True;0.03;False;0.02;False;1.53;False;1.506043742;1.77;False;1.742437819;ERR;ERR;ERR;ERR;ERR;ERR;ERR;ERR;ERR
430;0.01;True;0.43;False;0.01;False;2.15;False;1.721736998;8.4;False;2.035542801;ERR;ERR;ERR;ERR;ERR;ERR;ERR;ERR;ERR
431;0.01;True;52.01;False;12.15;False;0.95;False;0.8960052430000001;1.31;False;0.963480254;ERR;ERR;ERR;ERR;ERR;ERR;ERR;ERR;ERR
432;0.01;True;0.01;False;0.01;False;1.03;False;1.002927955;1.18;False;1.124694617;ERR;ERR;ERR;ERR;ERR;ERR;ERR;ERR;ERR
433;0.01;True;0.42;False;0.01;False;3.96;False;2.6666230229999996;20.72;False;3.128957197000002;ERR;ERR;ERR;ERR;ERR;ERR;ERR;ERR;ERR
434;0.01;True;TO;TO;0.02;False;55.07;False;3.070324067999998;TO;TO;TO;ERR;ERR;ERR;ERR;ERR;ERR;ERR;ERR;ERR
435;0.01;True;28.2;False;0.01;False;2.66;False;2.571545909;3.76;False;2.99207967;ERR;ERR;ERR;ERR;ERR;ERR;ERR;ERR;ERR
436;0.01;True;2.65;False;0.22;False;0.84;False;0.56249832;2.89;False;0.6386776760000001;ERR;ERR;ERR;ERR;ERR;ERR;ERR;ERR;ERR
437;0.01;True;0.01;True;0.01;True;0.36;True;0.30474223899999997;1.31;True;0.667432456;ERR;ERR;ERR;ERR;ERR;ERR;ERR;ERR;ERR
438;0.01;True;0.4;False;0.01;False;3.19;False;2.4401997189999998;TO;TO;TO;ERR;ERR;ERR;ERR;ERR;ERR;ERR;ERR;ERR
439;0.01;True;5.02;False;0.01;False;5.23;False;4.361989960000001;43.36;False;5.5396743310000005;ERR;ERR;ERR;ERR;ERR;ERR;ERR;ERR;ERR
440;0.01;True;0.41;False;0.01;False;5.43;False;2.2870992460000004;47.05;False;2.6893384970000014;ERR;ERR;ERR;ERR;ERR;ERR;ERR;ERR;ERR
441;0.01;True;0.45;False;0.01;False;2.5;False;1.9837360459999998;9.3;False;2.3762959310000005;ERR;ERR;ERR;ERR;ERR;ERR;ERR;ERR;ERR
442;0.0;True;TO;TO;0.01;False;1.54;False;1.46620406;2.12;False;1.651800543;TO;TO;TO;TO;TO;TO;ERR;ERR;ERR
443;0.0;True;0.67;False;0.0;False;TO;TO;TO;TO;TO;TO;ERR;ERR;ERR;ERR;ERR;ERR;ERR;ERR;ERR
444;0.01;True;0.01;False;0.01;False;19.31;False;9.008563424;TO;TO;TO;ERR;ERR;ERR;ERR;ERR;ERR;ERR;ERR;ERR
445;0.01;True;0.01;False;0.01;False;0.88;False;0.761048753;1.75;False;0.8417707999999999;0.06;False;0.04;False;0.05;False;ERR;ERR;ERR
446;0.02;True;0.43;False;0.01;False;2.96;False;2.433609558;11.07;False;2.8077403189999997;ERR;ERR;ERR;ERR;ERR;ERR;ERR;ERR;ERR
447;0.01;True;2.28;False;0.01;False;2.12;False;2.057320297;2.77;False;2.335426607;ERR;ERR;ERR;ERR;ERR;ERR;ERR;ERR;ERR
448;0.01;True;TO;TO;0.01;False;1.29;False;1.203948497;6.96;False;1.4366161819999999;ERR;ERR;ERR;ERR;ERR;ERR;ERR;ERR;ERR
449;0.01;True;0.01;False;0.01;False;30.25;False;7.689497834999997;TO;TO;TO;0.06;False;0.09;False;0.04;False;ERR;ERR;ERR
450;0.02;True;1.36;False;0.17;False;2.52;False;1.0446684379999998;25.78;False;1.2793989369999998;0.23;False;1.02;False;0.06;False;ERR;ERR;ERR
451;0.01;True;0.68;False;0.12;False;1.19;False;0.9151832;2.58;False;1.098054089;0.19;False;0.65;False;0.55;False;ERR;ERR;ERR
452;0.01;True;0.0;False;0.01;False;0.3;False;0.017379537;5.61;False;0.019184705999999885;0.06;False;0.04;False;0.04;False;ERR;ERR;ERR
453;0.01;True;0.02;False;0.01;False;1.45;False;1.4160888390000002;1.56;False;1.505780627;0.07;False;0.09;False;0.06;False;ERR;ERR;ERR
454;0.01;True;0.02;False;0.01;False;1.02;False;0.9744291869999999;1.17;False;1.0666253270000001;0.07;False;0.08;False;0.06;False;ERR;ERR;ERR
455;0.02;True;0.01;False;0.01;False;1.93;False;1.5452256439999998;6.76;False;1.7635149659999998;0.07;False;0.03;False;0.04;False;ERR;ERR;ERR
456;0.01;True;0.01;False;0.01;False;ERR;ERR;ERR;TO;TO;TO;0.05;False;0.05;False;0.05;False;ERR;ERR;ERR
457;0.01;True;96.46;False;24.0;False;1.73;False;1.705574106;2.46;False;2.43738419;27.52;False;40.96;False;23.56;False;ERR;ERR;ERR
458;0.02;True;0.75;False;0.01;False;1.78;False;1.718036071;2.15;False;1.940245619;0.34;False;ERR;ERR;1.16;False;ERR;ERR;ERR
459;0.01;True;0.01;False;0.01;False;ERR;ERR;ERR;TO;TO;TO;0.06;False;ERR;ERR;0.05;False;ERR;ERR;ERR
460;0.01;True;TO;TO;0.01;False;0.48;False;0.44122008199999996;0.95;False;0.50651506;TO;TO;2.41;False;TO;TO;ERR;ERR;ERR
461;0.01;True;0.0;False;0.01;False;0.23;False;9.963900000001247e-05;1.97;False;0.00011076599999992887;0.07;False;0.04;False;0.04;False;ERR;ERR;ERR
462;0.01;True;17.43;False;1.64;False;2.1;False;2.050053099;2.62;False;2.500967493;1.31;False;11.63;False;10.26;False;ERR;ERR;ERR
463;0.02;True;TO;TO;0.01;False;0.66;False;0.620204396;1.29;False;1.102894644;TO;TO;2.92;False;TO;TO;ERR;ERR;ERR
464;0.01;True;0.01;False;0.01;False;1.02;False;0.7024350349999999;11.0;False;0.7728257319999994;0.07;False;0.04;False;0.04;False;ERR;ERR;ERR
465;0.01;True;TO;TO;ERR;ERR;1.62;False;1.583536088;2.33;False;2.288727949;TO;TO;TO;TO;TO;TO;ERR;ERR;ERR
466;0.01;True;97.91;False;0.02;False;1.27;False;1.236132885;1.88;False;1.536174147;TO;TO;0.93;False;5.61;False;ERR;ERR;ERR
467;0.01;True;0.01;False;0.01;False;0.04;False;0.00010241400000000206;0.18;False;0.00015644500000000505;0.06;False;0.04;False;0.05;False;ERR;ERR;ERR
468;0.01;True;0.02;False;0.01;False;2.29;False;2.20138763;5.33;False;2.4340909109999997;ERR;ERR;ERR;ERR;ERR;ERR;ERR;ERR;ERR
469;0.01;True;TO;TO;0.01;False;ERR;ERR;ERR;TO;TO;TO;TO;TO;TO;TO;19.08;False;ERR;ERR;ERR
470;0.0;True;0.01;False;0.01;False;1.45;False;1.1498839669999998;13.87;False;1.3334551260000005;0.07;False;ERR;ERR;0.05;False;ERR;ERR;ERR
471;ERR;ERR;0.0;False;0.01;False;0.42;False;0.00011102700000004129;14.9;False;0.00013330999999894289;0.07;False;ERR;ERR;0.06;False;ERR;ERR;ERR
472;0.01;True;0.11;False;0.0;False;ERR;ERR;ERR;TO;TO;TO;0.08;False;0.19;False;0.1;False;ERR;ERR;ERR
473;0.01;True;TO;TO;0.0;False;0.93;False;0.5672909129999999;3.49;False;0.6307789690000001;TO;TO;ERR;ERR;TO;TO;ERR;ERR;ERR
474;0.02;True;0.01;False;0.01;False;3.56;False;3.080946019;31.67;False;3.437851965;ERR;ERR;ERR;ERR;ERR;ERR;ERR;ERR;ERR
475;0.02;True;0.01;False;0.0;False;10.18;False;7.984508977999999;24.77;False;9.219098809;ERR;ERR;ERR;ERR;ERR;ERR;ERR;ERR;ERR
476;0.02;True;0.01;False;0.01;False;7.35;False;5.071612669;21.41;False;5.706998884999999;ERR;ERR;ERR;ERR;ERR;ERR;ERR;ERR;ERR
477;0.02;True;0.01;False;0.01;False;6.81;False;4.558251276;20.95;False;5.743051290999999;ERR;ERR;ERR;ERR;ERR;ERR;ERR;ERR;ERR
478;0.02;True;0.02;False;0.01;False;10.61;False;8.169338380000001;26.35;False;9.579487459000001;ERR;ERR;ERR;ERR;ERR;ERR;ERR;ERR;ERR
479;0.02;True;0.01;False;0.01;False;10.6;False;8.022040682;25.99;False;9.201419657999999;ERR;ERR;ERR;ERR;ERR;ERR;ERR;ERR;ERR
480;0.02;True;0.02;False;0.01;False;10.06;False;7.804903851000001;25.14;False;9.470561475;ERR;ERR;ERR;ERR;ERR;ERR;ERR;ERR;ERR
481;0.02;True;0.01;False;0.01;False;10.55;False;8.140125129;25.55;False;9.345457059;ERR;ERR;ERR;ERR;ERR;ERR;ERR;ERR;ERR
482;0.01;True;0.01;False;0.01;False;6.25;False;4.209711265999999;17.35;False;4.804291810999999;0.06;False;ERR;ERR;0.06;False;ERR;ERR;ERR
483;0.02;True;0.01;False;0.01;False;6.37;False;4.064518695;20.73;False;4.829017755999999;ERR;ERR;ERR;ERR;ERR;ERR;ERR;ERR;ERR
484;0.02;True;0.0;False;0.01;False;6.85;False;4.5773732560000004;22.12;False;5.4166092899999985;ERR;ERR;ERR;ERR;ERR;ERR;ERR;ERR;ERR
485;0.02;True;0.01;False;0.01;False;6.65;False;4.34493058;21.42;False;5.1868313929999985;ERR;ERR;ERR;ERR;ERR;ERR;ERR;ERR;ERR
486;0.02;True;0.01;False;0.01;False;10.62;False;8.114510118;25.8;False;9.276365171999998;ERR;ERR;ERR;ERR;ERR;ERR;ERR;ERR;ERR
487;0.02;True;0.01;False;0.02;False;10.42;False;7.849138127;26.11;False;9.240543234000002;ERR;ERR;ERR;ERR;ERR;ERR;ERR;ERR;ERR
488;0.02;True;0.0;False;0.01;False;6.43;False;4.157436833;21.19;False;4.809614371;ERR;ERR;ERR;ERR;ERR;ERR;ERR;ERR;ERR
489;0.03;True;1.1;False;0.01;False;10.16;False;7.740752322;25.54;False;9.114529445;ERR;ERR;ERR;ERR;ERR;ERR;ERR;ERR;ERR
490;0.01;True;0.02;False;0.0;False;10.28;False;7.901321447999999;25.19;False;9.29185259;ERR;ERR;ERR;ERR;ERR;ERR;ERR;ERR;ERR
491;0.01;True;0.01;False;0.0;False;6.74;False;4.667563053;18.32;False;5.477453184000002;0.08;False;ERR;ERR;0.04;False;ERR;ERR;ERR
492;0.01;True;0.01;False;0.01;False;8.16;False;5.797691046;22.65;False;6.738211914000001;ERR;ERR;ERR;ERR;ERR;ERR;ERR;ERR;ERR
493;0.02;True;0.01;False;0.01;False;10.27;False;7.960179711;25.45;False;9.218331096;ERR;ERR;ERR;ERR;ERR;ERR;ERR;ERR;ERR
494;0.01;True;0.02;False;0.01;False;7.19;False;5.081799821000001;18.48;False;5.797051439999999;0.06;False;ERR;ERR;0.06;False;ERR;ERR;ERR
495;0.02;True;0.0;False;0.01;False;10.37;False;8.040829475;25.6;False;9.485777462999998;ERR;ERR;ERR;ERR;ERR;ERR;ERR;ERR;ERR
496;0.01;True;0.01;False;0.01;False;8.68;False;6.110095684;23.59;False;7.096404612999999;ERR;ERR;ERR;ERR;ERR;ERR;ERR;ERR;ERR
497;0.03;True;1.09;False;0.01;False;10.21;False;7.723410261000001;25.63;False;9.008344296999999;ERR;ERR;ERR;ERR;ERR;ERR;ERR;ERR;ERR
498;0.02;True;0.01;False;0.01;False;10.82;False;8.244729749;25.53;False;9.304667967;ERR;ERR;ERR;ERR;ERR;ERR;ERR;ERR;ERR
499;0.02;True;0.02;False;0.01;False;10.24;False;8.011754542999999;26.31;False;9.306936563999999;ERR;ERR;ERR;ERR;ERR;ERR;ERR;ERR;ERR
500;0.02;True;0.01;False;0.01;False;7.81;False;5.292192160999999;23.19;False;6.143219924;ERR;ERR;ERR;ERR;ERR;ERR;ERR;ERR;ERR
501;0.02;True;1.09;False;0.02;False;9.95;False;7.6272535900000005;25.68;False;9.029848475000001;ERR;ERR;ERR;ERR;ERR;ERR;ERR;ERR;ERR
502;0.01;True;1.1;False;0.01;False;10.41;False;8.097743342;25.13;False;9.012980803;ERR;ERR;ERR;ERR;ERR;ERR;ERR;ERR;ERR
503;0.02;True;0.01;False;0.01;False;10.58;False;8.180623325;25.01;False;9.201281852;ERR;ERR;ERR;ERR;ERR;ERR;ERR;ERR;ERR
504;0.01;True;0.0;False;0.01;False;6.32;False;4.18426427;17.83;False;5.0227175509999995;0.07;False;ERR;ERR;0.03;False;ERR;ERR;ERR
505;0.02;True;0.01;False;0.01;False;11.19;False;8.107987199;25.28;False;9.434967737000001;ERR;ERR;ERR;ERR;ERR;ERR;ERR;ERR;ERR
506;0.01;True;0.01;False;0.01;False;10.67;False;8.161457777999999;26.91;False;9.867428660999998;ERR;ERR;ERR;ERR;ERR;ERR;ERR;ERR;ERR
507;0.01;True;0.01;False;0.01;False;10.58;False;8.007092689;25.5;False;9.260943103999999;ERR;ERR;ERR;ERR;ERR;ERR;ERR;ERR;ERR
508;0.01;True;1.09;False;0.01;False;10.06;False;7.706445006000001;24.99;False;8.932923037000002;ERR;ERR;ERR;ERR;ERR;ERR;ERR;ERR;ERR
509;0.01;True;0.01;False;0.01;False;10.57;False;8.133022974;26.7;False;9.56548982;ERR;ERR;ERR;ERR;ERR;ERR;ERR;ERR;ERR
510;0.02;True;0.01;False;0.01;False;10.57;False;8.306739225000001;25.55;False;9.223880364000001;ERR;ERR;ERR;ERR;ERR;ERR;ERR;ERR;ERR
511;0.02;True;0.01;False;0.01;False;10.53;False;8.122167154000001;25.0;False;9.151582087;ERR;ERR;ERR;ERR;ERR;ERR;ERR;ERR;ERR
512;0.01;True;0.01;False;0.01;False;7.79;False;5.472217509;22.98;False;6.374921208;ERR;ERR;ERR;ERR;ERR;ERR;ERR;ERR;ERR
513;0.02;True;0.01;False;0.0;False;6.93;False;4.635679825;21.47;False;5.264591252000001;ERR;ERR;ERR;ERR;ERR;ERR;ERR;ERR;ERR
514;0.02;True;0.0;False;0.0;False;8.44;False;5.865500356;23.9;False;7.079735904;ERR;ERR;ERR;ERR;ERR;ERR;ERR;ERR;ERR
515;0.02;True;1.1;False;0.0;False;10.04;False;7.752012421999999;26.01;False;9.028710085;ERR;ERR;ERR;ERR;ERR;ERR;ERR;ERR;ERR
516;0.01;True;0.01;False;0.01;False;10.67;False;8.065547355;26.59;False;9.572379833000001;ERR;ERR;ERR;ERR;ERR;ERR;ERR;ERR;ERR
517;0.02;True;0.02;False;0.01;False;10.51;False;7.949927185;26.65;False;9.281064876999999;ERR;ERR;ERR;ERR;ERR;ERR;ERR;ERR;ERR
518;0.02;True;1.17;False;0.01;False;9.84;False;7.694455448000001;25.09;False;8.916083660999998;ERR;ERR;ERR;ERR;ERR;ERR;ERR;ERR;ERR
519;0.02;True;0.01;False;0.0;False;10.23;False;7.932244228;26.1;False;9.691362345000002;ERR;ERR;ERR;ERR;ERR;ERR;ERR;ERR;ERR
520;0.01;True;0.01;False;0.01;False;6.77;False;4.47068842;21.92;False;5.178301389999998;ERR;ERR;ERR;ERR;ERR;ERR;ERR;ERR;ERR
521;0.01;True;0.01;False;0.0;False;6.74;False;4.387670182000001;21.28;False;5.016423172;ERR;ERR;ERR;ERR;ERR;ERR;ERR;ERR;ERR
522;0.02;True;0.01;False;0.01;False;10.74;False;8.183077814;26.43;False;9.678912355999998;ERR;ERR;ERR;ERR;ERR;ERR;ERR;ERR;ERR
523;0.02;True;0.02;False;0.01;False;10.13;False;7.826719755999999;26.09;False;9.391054825;ERR;ERR;ERR;ERR;ERR;ERR;ERR;ERR;ERR
524;0.01;True;0.0;False;0.01;False;6.65;False;4.321469656;20.92;False;4.9903401930000015;ERR;ERR;ERR;ERR;ERR;ERR;ERR;ERR;ERR
525;0.01;True;1.17;False;0.02;False;10.28;False;7.766446322;26.26;False;9.140033970000001;ERR;ERR;ERR;ERR;ERR;ERR;ERR;ERR;ERR
526;0.02;True;0.01;False;0.01;False;8.16;False;5.911985609;23.37;False;6.824300153000001;ERR;ERR;ERR;ERR;ERR;ERR;ERR;ERR;ERR
527;0.01;True;0.01;False;0.01;False;6.26;False;4.112239796;17.33;False;4.865928851000001;0.07;False;ERR;ERR;0.05;False;ERR;ERR;ERR
528;0.01;True;0.02;False;0.01;False;10.74;False;8.154810179999998;26.75;False;9.481887844000001;ERR;ERR;ERR;ERR;ERR;ERR;ERR;ERR;ERR
529;0.01;True;0.01;False;0.01;False;10.0;False;7.898101291;22.37;False;9.10003251;0.07;False;ERR;ERR;0.07;False;ERR;ERR;ERR
530;0.01;True;0.01;False;0.01;False;7.1;False;4.47186458;21.83;False;5.1012645280000015;ERR;ERR;ERR;ERR;ERR;ERR;ERR;ERR;ERR
531;0.01;True;0.01;False;0.0;False;6.75;False;4.339753168;21.13;False;5.169738417000001;ERR;ERR;ERR;ERR;ERR;ERR;ERR;ERR;ERR
532;0.01;True;0.01;False;0.01;False;7.12;False;4.864290339;21.21;False;5.682744088;ERR;ERR;ERR;ERR;ERR;ERR;ERR;ERR;ERR
533;0.01;True;0.01;False;0.01;False;7.57;False;5.375558062;22.67;False;6.175193704999998;ERR;ERR;ERR;ERR;ERR;ERR;ERR;ERR;ERR
534;0.01;True;0.01;False;0.01;False;10.49;False;8.054711493;26.04;False;9.409199165;ERR;ERR;ERR;ERR;ERR;ERR;ERR;ERR;ERR
535;0.02;True;0.01;False;0.01;False;7.51;False;4.946525395;22.06;False;5.297699486000001;ERR;ERR;ERR;ERR;ERR;ERR;ERR;ERR;ERR
536;0.01;True;0.01;False;0.01;False;10.6;False;7.99404265;25.73;False;9.600206409999998;ERR;ERR;ERR;ERR;ERR;ERR;ERR;ERR;ERR
537;0.02;True;0.01;False;0.01;False;10.22;False;7.961616825;25.84;False;9.191361792;ERR;ERR;ERR;ERR;ERR;ERR;ERR;ERR;ERR
538;0.01;True;0.01;False;0.01;False;10.67;False;8.111193709999998;25.59;False;9.449538719;ERR;ERR;ERR;ERR;ERR;ERR;ERR;ERR;ERR
539;0.01;True;0.0;False;0.01;False;6.59;False;4.194719785;21.33;False;5.110935963999999;ERR;ERR;ERR;ERR;ERR;ERR;ERR;ERR;ERR
540;0.01;True;0.0;False;0.01;False;7.19;False;4.842777708;22.05;False;5.629852699999999;ERR;ERR;ERR;ERR;ERR;ERR;ERR;ERR;ERR
541;0.02;True;0.01;False;0.01;False;7.1;False;4.861983756;20.87;False;5.2338972099999985;ERR;ERR;ERR;ERR;ERR;ERR;ERR;ERR;ERR
542;0.02;True;0.01;False;0.0;False;8.19;False;5.899377287;23.49;False;6.677178135000002;ERR;ERR;ERR;ERR;ERR;ERR;ERR;ERR;ERR
543;0.01;True;0.01;False;0.01;False;8.24;False;5.851106063;23.6;False;6.7381344909999985;ERR;ERR;ERR;ERR;ERR;ERR;ERR;ERR;ERR
544;0.01;True;0.01;False;0.0;False;10.54;False;8.119007661;25.86;False;9.445548186;ERR;ERR;ERR;ERR;ERR;ERR;ERR;ERR;ERR
545;0.02;True;0.01;False;0.0;False;10.39;False;7.974463059;27.35;False;9.341520364;ERR;ERR;ERR;ERR;ERR;ERR;ERR;ERR;ERR
546;0.02;True;0.01;False;0.0;False;10.92;False;8.656074027;25.56;False;9.240821863;ERR;ERR;ERR;ERR;ERR;ERR;ERR;ERR;ERR
547;0.02;True;0.01;False;0.01;False;TO;TO;TO;TO;TO;TO;ERR;ERR;ERR;ERR;ERR;ERR;ERR;ERR;ERR
548;0.01;True;0.01;False;0.0;False;6.97;False;4.430979689999999;21.22;False;5.070770578000001;ERR;ERR;ERR;ERR;ERR;ERR;ERR;ERR;ERR
549;0.01;True;0.01;False;0.01;False;8.26;False;5.865367947999999;23.1;False;6.669506259;ERR;ERR;ERR;ERR;ERR;ERR;ERR;ERR;ERR
550;0.02;True;0.01;False;0.01;False;10.38;False;8.004283548;26.26;False;9.56724828;ERR;ERR;ERR;ERR;ERR;ERR;ERR;ERR;ERR
551;0.02;True;0.01;False;0.0;False;7.63;False;5.3742943379999994;21.1;False;6.132647382000002;ERR;ERR;ERR;ERR;ERR;ERR;ERR;ERR;ERR
552;0.01;True;0.01;False;0.01;False;10.48;False;8.065428358;25.93;False;9.466911943;ERR;ERR;ERR;ERR;ERR;ERR;ERR;ERR;ERR
553;0.02;True;0.01;False;0.01;False;10.76;False;8.305390798;25.16;False;9.595901112;ERR;ERR;ERR;ERR;ERR;ERR;ERR;ERR;ERR
554;0.02;True;0.01;False;0.01;False;11.19;False;8.659486608;26.33;False;10.146936843;ERR;ERR;ERR;ERR;ERR;ERR;ERR;ERR;ERR
555;0.02;True;0.01;False;0.01;False;10.28;False;8.036630695;25.6;False;10.112813143;ERR;ERR;ERR;ERR;ERR;ERR;ERR;ERR;ERR
556;0.01;True;0.01;False;0.0;False;9.12;False;6.40744864;22.11;False;6.623389839;ERR;ERR;ERR;ERR;ERR;ERR;ERR;ERR;ERR
557;0.02;True;0.02;False;0.01;False;10.14;False;7.928336242;25.2;False;9.251921725;ERR;ERR;ERR;ERR;ERR;ERR;ERR;ERR;ERR
558;0.02;True;0.01;False;0.01;False;10.29;False;7.957019866;25.73;False;9.393630771;ERR;ERR;ERR;ERR;ERR;ERR;ERR;ERR;ERR
559;0.02;True;0.02;False;0.0;False;7.04;False;4.6277529610000006;21.87;False;5.330739118000002;ERR;ERR;ERR;ERR;ERR;ERR;ERR;ERR;ERR
560;0.02;True;0.02;False;0.01;False;6.63;False;4.330788114;21.64;False;5.106881209000001;ERR;ERR;ERR;ERR;ERR;ERR;ERR;ERR;ERR
561;0.01;True;1.1;False;0.02;False;10.06;False;7.626860581000001;24.09;False;8.869400039;ERR;ERR;ERR;ERR;ERR;ERR;ERR;ERR;ERR
562;0.02;True;0.01;False;0.01;False;7.14;False;4.9110133000000005;21.91;False;5.553465442;ERR;ERR;ERR;ERR;ERR;ERR;ERR;ERR;ERR
563;0.01;True;0.01;False;0.01;False;7.92;False;5.427207869;22.27;False;6.041121864000001;ERR;ERR;ERR;ERR;ERR;ERR;ERR;ERR;ERR
564;0.02;True;0.01;False;0.01;False;10.38;False;8.07065868;26.28;False;9.409943132999999;ERR;ERR;ERR;ERR;ERR;ERR;ERR;ERR;ERR
565;0.02;True;0.01;False;0.01;False;10.27;False;7.918551205;26.5;False;9.454264182000001;ERR;ERR;ERR;ERR;ERR;ERR;ERR;ERR;ERR
566;0.02;True;0.02;False;0.01;False;10.12;False;7.855763529000001;25.08;False;9.250813969000001;ERR;ERR;ERR;ERR;ERR;ERR;ERR;ERR;ERR
567;0.02;True;0.01;False;0.02;False;10.08;False;7.983696688;21.48;False;9.160145497;0.07;False;ERR;ERR;0.06;False;ERR;ERR;ERR
568;0.02;True;1.09;False;0.01;False;9.8;False;7.625225785;26.13;False;8.987247016;ERR;ERR;ERR;ERR;ERR;ERR;ERR;ERR;ERR
569;0.02;True;0.01;False;0.01;False;10.69;False;8.086624352000001;25.5;False;9.483254334;ERR;ERR;ERR;ERR;ERR;ERR;ERR;ERR;ERR
570;0.01;True;0.0;False;0.01;False;10.38;False;8.070259778;26.16;False;9.385531933;ERR;ERR;ERR;ERR;ERR;ERR;ERR;ERR;ERR
571;0.02;True;0.01;False;0.0;False;10.59;False;7.974315242000001;24.91;False;9.339833852;ERR;ERR;ERR;ERR;ERR;ERR;ERR;ERR;ERR
572;0.01;True;0.0;False;0.01;False;8.05;False;5.8128905390000005;22.47;False;6.626464243999999;ERR;ERR;ERR;ERR;ERR;ERR;ERR;ERR;ERR
573;0.02;True;1.09;False;0.01;False;10.53;False;7.876714257;26.14;False;8.991454545;ERR;ERR;ERR;ERR;ERR;ERR;ERR;ERR;ERR
574;0.02;True;1.1;False;0.01;False;9.88;False;7.613485339;26.17;False;9.337858837999999;ERR;ERR;ERR;ERR;ERR;ERR;ERR;ERR;ERR
575;0.02;True;0.01;False;0.01;False;10.78;False;8.183321007;26.45;False;9.648997053;ERR;ERR;ERR;ERR;ERR;ERR;ERR;ERR;ERR
576;0.02;True;0.01;False;0.01;False;8.14;False;5.720006171;22.67;False;6.663067894999999;ERR;ERR;ERR;ERR;ERR;ERR;ERR;ERR;ERR
577;0.02;True;1.09;False;0.01;False;9.76;False;7.583866407;24.08;False;8.809741210999999;ERR;ERR;ERR;ERR;ERR;ERR;ERR;ERR;ERR
578;0.01;True;0.01;False;0.01;False;8.13;False;5.897711684000001;23.96;False;6.886837923;ERR;ERR;ERR;ERR;ERR;ERR;ERR;ERR;ERR
579;0.01;True;0.01;False;0.01;False;7.14;False;4.857530681;21.68;False;5.238929702999998;ERR;ERR;ERR;ERR;ERR;ERR;ERR;ERR;ERR
580;0.01;True;0.01;False;0.01;False;7.98;False;5.528390635999999;22.78;False;6.091951388999998;ERR;ERR;ERR;ERR;ERR;ERR;ERR;ERR;ERR
581;0.02;True;0.01;False;0.01;False;10.19;False;7.959772320000001;25.95;False;9.417938484999999;ERR;ERR;ERR;ERR;ERR;ERR;ERR;ERR;ERR
582;0.02;True;0.01;False;0.0;False;10.43;False;7.979913299000001;26.19;False;9.240418068;ERR;ERR;ERR;ERR;ERR;ERR;ERR;ERR;ERR
583;0.01;True;0.0;False;0.01;False;6.75;False;4.404474939;22.45;False;5.176752775000001;ERR;ERR;ERR;ERR;ERR;ERR;ERR;ERR;ERR
584;0.01;True;0.01;False;0.0;False;9.97;False;7.933033964000001;21.44;False;9.025154671;0.07;False;ERR;ERR;0.03;False;ERR;ERR;ERR
585;0.02;True;0.01;False;0.01;False;10.42;False;7.9465065280000005;25.26;False;9.293818602;ERR;ERR;ERR;ERR;ERR;ERR;ERR;ERR;ERR
586;0.01;True;0.01;False;0.01;False;6.21;False;4.118232658;18.1;False;4.897347849999999;0.07;False;ERR;ERR;0.05;False;ERR;ERR;ERR
587;0.02;True;0.0;False;0.01;False;6.86;False;4.18514905;22.13;False;4.9439440900000005;ERR;ERR;ERR;ERR;ERR;ERR;ERR;ERR;ERR
588;0.02;True;0.01;False;0.01;False;10.86;False;8.237460296;26.25;False;9.455269021;ERR;ERR;ERR;ERR;ERR;ERR;ERR;ERR;ERR
589;0.01;True;0.01;False;0.01;False;6.83;False;4.432138189;21.05;False;5.178304593000002;ERR;ERR;ERR;ERR;ERR;ERR;ERR;ERR;ERR
590;0.02;True;0.01;False;0.01;False;10.56;False;8.039244015;26.06;False;9.248702213;ERR;ERR;ERR;ERR;ERR;ERR;ERR;ERR;ERR
591;0.02;True;0.01;False;0.01;False;10.2;False;7.914598522;26.83;False;9.353702788;ERR;ERR;ERR;ERR;ERR;ERR;ERR;ERR;ERR
592;0.01;True;0.01;False;0.01;False;7.25;False;4.692930457;22.48;False;5.4511627539999985;ERR;ERR;ERR;ERR;ERR;ERR;ERR;ERR;ERR
593;0.02;True;0.01;False;0.01;False;10.88;False;8.41390166;25.19;False;9.150458647999999;ERR;ERR;ERR;ERR;ERR;ERR;ERR;ERR;ERR
594;0.02;True;0.01;False;0.01;False;6.76;False;4.510323884;22.14;False;5.365151822;ERR;ERR;ERR;ERR;ERR;ERR;ERR;ERR;ERR
595;0.01;True;0.01;False;0.01;False;6.94;False;4.6462948079999995;21.11;False;5.381041725000001;ERR;ERR;ERR;ERR;ERR;ERR;ERR;ERR;ERR
596;0.02;True;0.01;False;0.01;False;10.83;False;8.168650926000002;25.36;False;9.190926291999999;ERR;ERR;ERR;ERR;ERR;ERR;ERR;ERR;ERR
597;0.02;True;1.09;False;0.01;False;10.27;False;7.735731082999999;25.49;False;9.213874083999999;ERR;ERR;ERR;ERR;ERR;ERR;ERR;ERR;ERR
598;0.02;True;1.09;False;0.01;False;10.4;False;7.799051566000001;25.75;False;9.223761495000002;ERR;ERR;ERR;ERR;ERR;ERR;ERR;ERR;ERR
599;0.02;True;0.0;False;0.01;False;10.71;False;8.041750549;25.97;False;9.257611648000001;ERR;ERR;ERR;ERR;ERR;ERR;ERR;ERR;ERR
600;0.02;True;0.01;False;0.01;False;8.08;False;5.767411555;22.64;False;6.838371476000001;ERR;ERR;ERR;ERR;ERR;ERR;ERR;ERR;ERR
601;0.02;True;0.01;False;0.01;False;6.49;False;4.119629624;21.69;False;4.781203465000001;ERR;ERR;ERR;ERR;ERR;ERR;ERR;ERR;ERR
602;0.03;True;1.09;False;0.01;False;10.09;False;7.780554141;25.29;False;9.032538513000002;ERR;ERR;ERR;ERR;ERR;ERR;ERR;ERR;ERR
603;0.01;True;0.02;False;0.01;False;7.24;False;4.988443003;22.72;False;5.746718892999999;ERR;ERR;ERR;ERR;ERR;ERR;ERR;ERR;ERR
604;0.01;True;0.02;False;0.0;False;10.43;False;8.271335534999999;25.19;False;9.244984711999999;ERR;ERR;ERR;ERR;ERR;ERR;ERR;ERR;ERR
605;0.01;True;0.01;False;0.01;False;6.78;False;4.330929584;22.11;False;5.115296951999998;ERR;ERR;ERR;ERR;ERR;ERR;ERR;ERR;ERR
606;0.02;True;0.01;False;0.01;False;10.77;False;8.435638891;25.97;False;9.202908145;ERR;ERR;ERR;ERR;ERR;ERR;ERR;ERR;ERR
607;0.02;True;0.01;False;0.01;False;6.54;False;4.237183991999999;21.01;False;4.957713921000002;ERR;ERR;ERR;ERR;ERR;ERR;ERR;ERR;ERR
608;0.02;True;0.01;False;0.01;False;6.58;False;4.149954481;21.42;False;4.963421035;ERR;ERR;ERR;ERR;ERR;ERR;ERR;ERR;ERR
609;0.01;True;0.0;False;0.01;False;10.36;False;8.005718585999999;26.65;False;10.132187695;ERR;ERR;ERR;ERR;ERR;ERR;ERR;ERR;ERR
610;0.02;True;0.01;False;0.01;False;10.87;False;8.211091239;25.99;False;9.492867832;ERR;ERR;ERR;ERR;ERR;ERR;ERR;ERR;ERR
611;0.02;True;0.01;False;0.01;False;10.67;False;8.065240627;26.24;False;9.435670044;ERR;ERR;ERR;ERR;ERR;ERR;ERR;ERR;ERR
612;0.02;True;0.01;False;0.02;False;6.93;False;4.601496017;22.07;False;5.3424496349999995;ERR;ERR;ERR;ERR;ERR;ERR;ERR;ERR;ERR
613;0.02;True;0.01;False;0.0;False;10.7;False;8.163696187;25.49;False;9.505527326;ERR;ERR;ERR;ERR;ERR;ERR;ERR;ERR;ERR
614;0.01;True;0.01;False;0.01;False;7.36;False;4.959894201;22.47;False;5.744014105;ERR;ERR;ERR;ERR;ERR;ERR;ERR;ERR;ERR
615;0.02;True;0.01;False;0.01;False;10.36;False;7.912534138;25.78;False;9.250038757;ERR;ERR;ERR;ERR;ERR;ERR;ERR;ERR;ERR
616;0.01;True;0.01;False;0.0;False;7.19;False;4.6767351569999995;20.77;False;5.324316611999999;ERR;ERR;ERR;ERR;ERR;ERR;ERR;ERR;ERR
617;0.02;True;1.09;False;0.01;False;10.27;False;7.848201419999999;26.62;False;9.104576946000002;ERR;ERR;ERR;ERR;ERR;ERR;ERR;ERR;ERR
618;0.02;True;0.01;False;0.0;False;10.48;False;8.030015062;27.24;False;9.685596711;ERR;ERR;ERR;ERR;ERR;ERR;ERR;ERR;ERR
619;0.01;True;0.02;False;0.01;False;10.22;False;8.011577768;26.17;False;9.391067623;ERR;ERR;ERR;ERR;ERR;ERR;ERR;ERR;ERR
620;0.01;True;0.01;False;0.01;False;10.59;False;8.070507999;26.03;False;9.387420347;ERR;ERR;ERR;ERR;ERR;ERR;ERR;ERR;ERR
621;0.01;True;0.02;False;0.01;False;7.13;False;4.950996926;21.53;False;5.791840713999999;ERR;ERR;ERR;ERR;ERR;ERR;ERR;ERR;ERR
622;0.02;True;0.02;False;0.0;False;10.61;False;8.187503232000001;25.02;False;9.233132903;ERR;ERR;ERR;ERR;ERR;ERR;ERR;ERR;ERR
623;0.02;True;0.01;False;0.01;False;10.48;False;8.017499598;26.89;False;9.435009128;ERR;ERR;ERR;ERR;ERR;ERR;ERR;ERR;ERR
624;0.01;True;0.01;False;0.0;False;6.63;False;4.164008821;22.64;False;4.981307240999998;ERR;ERR;ERR;ERR;ERR;ERR;ERR;ERR;ERR
625;0.02;True;0.01;False;0.0;False;10.73;False;8.248636244;26.16;False;9.268397477;ERR;ERR;ERR;ERR;ERR;ERR;ERR;ERR;ERR
626;0.02;True;1.09;False;0.01;False;10.03;False;7.771166865;24.65;False;8.715468907;ERR;ERR;ERR;ERR;ERR;ERR;ERR;ERR;ERR
627;0.01;True;0.01;False;0.01;False;7.52;False;5.367337013;22.95;False;6.293678732000002;ERR;ERR;ERR;ERR;ERR;ERR;ERR;ERR;ERR
628;0.01;True;0.01;False;0.0;False;7.08;False;4.7877268079999995;22.04;False;5.370349715;ERR;ERR;ERR;ERR;ERR;ERR;ERR;ERR;ERR
629;0.02;True;0.01;False;0.01;False;10.54;False;8.252677581;25.54;False;9.240869766;ERR;ERR;ERR;ERR;ERR;ERR;ERR;ERR;ERR
630;0.02;True;0.01;False;0.0;False;7.35;False;4.715382118;21.97;False;5.5686520260000005;ERR;ERR;ERR;ERR;ERR;ERR;ERR;ERR;ERR
631;0.02;True;0.02;False;0.0;False;8.37;False;5.851063629;23.93;False;6.800229695000002;ERR;ERR;ERR;ERR;ERR;ERR;ERR;ERR;ERR
632;0.01;True;0.0;False;0.01;False;8.16;False;5.78204327;23.47;False;6.713412142999999;ERR;ERR;ERR;ERR;ERR;ERR;ERR;ERR;ERR
633;0.02;True;0.01;False;0.0;False;10.6;False;8.142407403;26.07;False;9.312634574;ERR;ERR;ERR;ERR;ERR;ERR;ERR;ERR;ERR
634;0.01;True;0.01;False;0.01;False;6.84;False;4.420999229;21.21;False;5.07585446;ERR;ERR;ERR;ERR;ERR;ERR;ERR;ERR;ERR
635;0.02;True;0.01;False;0.01;False;6.58;False;4.301966822000001;21.49;False;5.021820993999999;ERR;ERR;ERR;ERR;ERR;ERR;ERR;ERR;ERR
636;0.02;True;0.01;False;0.01;False;10.8;False;8.175833315999999;25.54;False;9.583877769999999;ERR;ERR;ERR;ERR;ERR;ERR;ERR;ERR;ERR
637;0.02;True;0.01;False;0.01;False;10.77;False;8.181431278;25.96;False;9.624077531000001;ERR;ERR;ERR;ERR;ERR;ERR;ERR;ERR;ERR
638;0.02;True;0.01;False;0.02;False;10.78;False;8.181618589;25.56;False;9.093767315;ERR;ERR;ERR;ERR;ERR;ERR;ERR;ERR;ERR
639;0.02;True;0.01;False;0.0;False;10.51;False;8.155695773000001;26.02;False;9.149551998000002;ERR;ERR;ERR;ERR;ERR;ERR;ERR;ERR;ERR
640;0.01;True;0.0;False;0.01;False;6.94;False;4.837623616;17.9;False;5.824533195999999;0.08;False;ERR;ERR;0.06;False;ERR;ERR;ERR
641;0.01;True;0.01;False;0.01;False;6.34;False;4.190395613;17.49;False;4.902710545999998;0.07;False;ERR;ERR;0.04;False;ERR;ERR;ERR
642;0.02;True;1.11;False;0.01;False;10.14;False;7.763981505;26.8;False;9.052681655;ERR;ERR;ERR;ERR;ERR;ERR;ERR;ERR;ERR
643;0.01;True;0.01;False;0.01;False;10.4;False;7.951812653000001;25.39;False;9.267577123;ERR;ERR;ERR;ERR;ERR;ERR;ERR;ERR;ERR
644;0.02;True;0.01;False;0.01;False;10.66;False;8.142959310999998;26.39;False;9.421686791;ERR;ERR;ERR;ERR;ERR;ERR;ERR;ERR;ERR
645;0.01;True;0.01;False;0.01;False;7.23;False;4.836239335;20.85;False;5.555946825999998;ERR;ERR;ERR;ERR;ERR;ERR;ERR;ERR;ERR
646;0.02;True;1.14;False;0.01;False;9.77;False;7.5882336210000005;25.02;False;9.159841853;ERR;ERR;ERR;ERR;ERR;ERR;ERR;ERR;ERR
647;0.02;True;0.01;False;0.01;False;10.41;False;7.941549505999999;25.06;False;9.182476368000001;ERR;ERR;ERR;ERR;ERR;ERR;ERR;ERR;ERR
648;0.01;True;0.01;False;0.0;False;10.54;False;8.046488408;25.43;False;9.253039940999999;ERR;ERR;ERR;ERR;ERR;ERR;ERR;ERR;ERR
649;0.02;True;0.01;False;0.01;False;10.5;False;8.090107309999999;25.8;False;9.128089715000002;ERR;ERR;ERR;ERR;ERR;ERR;ERR;ERR;ERR
650;0.02;True;0.01;False;0.01;False;10.31;False;8.040869286;24.82;False;9.331963898999998;ERR;ERR;ERR;ERR;ERR;ERR;ERR;ERR;ERR
651;0.02;True;0.01;False;0.01;False;10.34;False;8.050880972;26.78;False;9.789780762000001;ERR;ERR;ERR;ERR;ERR;ERR;ERR;ERR;ERR
652;0.01;True;0.01;False;0.01;False;8.03;False;5.928726365999999;19.21;False;6.794079753;0.05;False;ERR;ERR;0.04;False;ERR;ERR;ERR
653;0.02;True;0.01;False;0.01;False;10.62;False;8.157620230000001;26.77;False;9.554543452;ERR;ERR;ERR;ERR;ERR;ERR;ERR;ERR;ERR
654;0.01;True;0.0;False;0.01;False;9.74;False;7.345369428;24.47;False;8.56405778;ERR;ERR;ERR;ERR;ERR;ERR;ERR;ERR;ERR
655;0.02;True;0.01;False;0.01;False;6.92;False;4.465945035;21.95;False;5.24882176;ERR;ERR;ERR;ERR;ERR;ERR;ERR;ERR;ERR
656;0.02;True;0.01;False;0.02;False;10.39;False;7.977094618999999;24.67;False;9.175359696000001;ERR;ERR;ERR;ERR;ERR;ERR;ERR;ERR;ERR
657;0.02;True;0.01;False;0.01;False;10.16;False;7.891901246;25.96;False;9.262325892;ERR;ERR;ERR;ERR;ERR;ERR;ERR;ERR;ERR
658;0.02;True;1.09;False;0.01;False;9.99;False;7.720627714;24.7;False;8.988999807;ERR;ERR;ERR;ERR;ERR;ERR;ERR;ERR;ERR
659;0.01;True;1.09;False;0.01;False;10.11;False;7.680215864000001;24.92;False;9.034118954;ERR;ERR;ERR;ERR;ERR;ERR;ERR;ERR;ERR
660;0.01;True;0.0;False;0.01;False;6.57;False;4.283195806;21.11;False;5.157927309;ERR;ERR;ERR;ERR;ERR;ERR;ERR;ERR;ERR
661;0.01;True;0.01;False;0.01;False;6.64;False;4.326890414;20.42;False;5.089406428;ERR;ERR;ERR;ERR;ERR;ERR;ERR;ERR;ERR
662;0.01;True;0.01;False;0.01;False;10.75;False;8.175592003;26.52;False;9.434289427999998;ERR;ERR;ERR;ERR;ERR;ERR;ERR;ERR;ERR
663;0.01;True;0.01;False;0.01;False;6.94;False;4.341777206;22.77;False;5.200660333999998;ERR;ERR;ERR;ERR;ERR;ERR;ERR;ERR;ERR
664;0.01;True;0.01;False;0.01;False;7.7;False;5.373653936;22.98;False;6.127900209000002;ERR;ERR;ERR;ERR;ERR;ERR;ERR;ERR;ERR
665;0.02;True;0.02;False;0.01;False;10.35;False;8.015318761;24.68;False;9.203762779;ERR;ERR;ERR;ERR;ERR;ERR;ERR;ERR;ERR
666;0.02;True;0.01;False;0.0;False;10.58;False;8.121318548;26.24;False;9.376674482999999;ERR;ERR;ERR;ERR;ERR;ERR;ERR;ERR;ERR
667;0.02;True;0.01;False;0.01;False;6.92;False;4.41024681;22.59;False;5.262580724000001;ERR;ERR;ERR;ERR;ERR;ERR;ERR;ERR;ERR
668;0.01;True;0.01;False;0.01;False;6.31;False;4.2235898370000005;17.63;False;4.884372731999999;0.07;False;ERR;ERR;0.03;False;ERR;ERR;ERR
669;0.02;True;0.01;False;0.01;False;10.53;False;7.939914062;26.31;False;9.671520653;ERR;ERR;ERR;ERR;ERR;ERR;ERR;ERR;ERR
670;0.02;True;0.01;False;0.01;False;10.26;False;8.001696103;25.63;False;9.388126717999999;ERR;ERR;ERR;ERR;ERR;ERR;ERR;ERR;ERR
671;0.01;True;0.01;False;0.0;False;10.57;False;8.167130704;25.36;False;9.240954519999999;ERR;ERR;ERR;ERR;ERR;ERR;ERR;ERR;ERR
672;0.02;True;0.01;False;0.01;False;10.48;False;8.005554988;25.42;False;9.144534566;ERR;ERR;ERR;ERR;ERR;ERR;ERR;ERR;ERR
673;0.02;True;0.01;False;0.01;False;10.63;False;8.208324816000001;25.49;False;9.435241578;ERR;ERR;ERR;ERR;ERR;ERR;ERR;ERR;ERR
674;0.02;True;0.02;False;0.01;False;10.57;False;7.978885688;26.5;False;9.354464520999999;ERR;ERR;ERR;ERR;ERR;ERR;ERR;ERR;ERR
675;0.02;True;0.0;False;0.01;False;7.19;False;4.89660079;22.38;False;5.558242222000002;ERR;ERR;ERR;ERR;ERR;ERR;ERR;ERR;ERR
676;0.01;True;0.01;False;0.01;False;10.41;False;7.989130783999999;26.12;False;9.469817737000001;ERR;ERR;ERR;ERR;ERR;ERR;ERR;ERR;ERR
677;0.01;True;0.01;False;0.01;False;10.13;False;7.8762032930000005;25.71;False;9.343049468;ERR;ERR;ERR;ERR;ERR;ERR;ERR;ERR;ERR
678;0.02;True;0.02;False;0.01;False;6.6;False;4.303786753000001;21.14;False;5.139525939;ERR;ERR;ERR;ERR;ERR;ERR;ERR;ERR;ERR
679;0.02;True;0.0;False;0.01;False;6.1;False;4.093782065999999;17.87;False;4.727511204999999;0.07;False;ERR;ERR;0.05;False;ERR;ERR;ERR
680;0.01;True;0.02;False;0.01;False;7.01;False;4.429392698;21.57;False;5.147321148000001;ERR;ERR;ERR;ERR;ERR;ERR;ERR;ERR;ERR
681;0.02;True;1.19;False;0.01;False;10.44;False;8.118459847;25.76;False;8.881197066999999;ERR;ERR;ERR;ERR;ERR;ERR;ERR;ERR;ERR
682;0.02;True;0.01;False;0.01;False;8.13;False;5.772735986000001;22.82;False;6.611915424999998;ERR;ERR;ERR;ERR;ERR;ERR;ERR;ERR;ERR
683;0.02;True;0.01;False;0.01;False;10.63;False;8.076531961;26.56;False;9.308164204;ERR;ERR;ERR;ERR;ERR;ERR;ERR;ERR;ERR
684;0.01;True;0.01;False;0.0;False;6.2;False;4.156609649;17.89;False;4.937712606000002;0.06;False;ERR;ERR;0.04;False;ERR;ERR;ERR
685;0.02;True;0.01;False;0.01;False;10.64;False;8.145690614000001;25.7;False;9.333654025999998;ERR;ERR;ERR;ERR;ERR;ERR;ERR;ERR;ERR
686;0.02;True;0.02;False;0.01;False;10.24;False;7.960452698999999;25.6;False;9.376843722;ERR;ERR;ERR;ERR;ERR;ERR;ERR;ERR;ERR
687;0.02;True;0.01;False;0.01;False;10.64;False;8.194288946999999;25.87;False;9.314134787;ERR;ERR;ERR;ERR;ERR;ERR;ERR;ERR;ERR
688;0.02;True;0.01;False;0.0;False;11.18;False;8.607806665;26.1;False;9.413008213999998;ERR;ERR;ERR;ERR;ERR;ERR;ERR;ERR;ERR
689;0.01;True;0.01;False;0.01;False;7.11;False;4.662271638;22.27;False;5.54898713;ERR;ERR;ERR;ERR;ERR;ERR;ERR;ERR;ERR
690;0.02;True;0.01;False;0.01;False;10.65;False;8.111529415;26.32;False;9.327974471;ERR;ERR;ERR;ERR;ERR;ERR;ERR;ERR;ERR
691;0.02;True;0.02;False;0.0;False;10.35;False;7.956187307999999;25.83;False;9.176853227;ERR;ERR;ERR;ERR;ERR;ERR;ERR;ERR;ERR
692;0.01;True;0.01;False;0.01;False;10.54;False;8.183375646;26.65;False;9.946951173000002;ERR;ERR;ERR;ERR;ERR;ERR;ERR;ERR;ERR
693;0.02;True;0.02;False;0.01;False;7.17;False;4.872827483;21.71;False;5.695640619000001;ERR;ERR;ERR;ERR;ERR;ERR;ERR;ERR;ERR
694;0.01;True;0.02;False;0.01;False;7.62;False;5.328438994000001;22.24;False;6.228247627;ERR;ERR;ERR;ERR;ERR;ERR;ERR;ERR;ERR
695;0.02;True;0.01;False;0.01;False;10.57;False;8.059701093000001;25.72;False;9.334601019;ERR;ERR;ERR;ERR;ERR;ERR;ERR;ERR;ERR
696;0.01;True;1.09;False;0.02;False;9.98;False;7.589785197;26.01;False;9.261810637000002;ERR;ERR;ERR;ERR;ERR;ERR;ERR;ERR;ERR
697;0.01;True;0.02;False;0.01;False;7.05;False;4.596379875;21.95;False;5.260092849999998;ERR;ERR;ERR;ERR;ERR;ERR;ERR;ERR;ERR
698;0.01;True;0.01;False;0.01;False;10.05;False;7.874981366;22.44;False;9.634967656;0.07;False;ERR;ERR;0.04;False;ERR;ERR;ERR
699;0.02;True;0.01;False;0.01;False;10.43;False;8.112359623;25.97;False;9.211403966999999;ERR;ERR;ERR;ERR;ERR;ERR;ERR;ERR;ERR
700;0.02;True;0.01;False;0.01;False;10.58;False;8.031745372;26.82;False;9.558636983;ERR;ERR;ERR;ERR;ERR;ERR;ERR;ERR;ERR
701;0.02;True;0.01;False;0.01;False;10.31;False;7.952409497;25.59;False;9.223810268000001;ERR;ERR;ERR;ERR;ERR;ERR;ERR;ERR;ERR
702;0.02;True;0.01;False;0.01;False;10.61;False;8.071437148000001;25.84;False;9.398012558;ERR;ERR;ERR;ERR;ERR;ERR;ERR;ERR;ERR
703;0.02;True;0.01;False;0.01;False;6.6;False;4.304994679;22.21;False;5.058812117;ERR;ERR;ERR;ERR;ERR;ERR;ERR;ERR;ERR
704;0.02;True;0.01;False;0.01;False;10.58;False;8.100689254;26.75;False;9.221025384;ERR;ERR;ERR;ERR;ERR;ERR;ERR;ERR;ERR
705;0.02;True;1.1;False;0.01;False;10.27;False;7.938823653;25.09;False;8.870606311000001;ERR;ERR;ERR;ERR;ERR;ERR;ERR;ERR;ERR
706;0.03;True;0.01;False;0.01;False;10.58;False;8.130775352999999;26.41;False;9.311996427;ERR;ERR;ERR;ERR;ERR;ERR;ERR;ERR;ERR
707;0.01;True;0.01;False;0.01;False;6.23;False;4.129995906;17.95;False;4.730132959999999;0.07;False;ERR;ERR;0.05;False;ERR;ERR;ERR
708;0.02;True;1.09;False;0.01;False;10.84;False;8.54780511;25.72;False;8.947238615000002;ERR;ERR;ERR;ERR;ERR;ERR;ERR;ERR;ERR
709;0.01;True;1.09;False;0.0;False;10.24;False;7.747039125;25.69;False;8.92162651;ERR;ERR;ERR;ERR;ERR;ERR;ERR;ERR;ERR
710;0.01;True;0.01;False;0.01;False;7.22;False;4.9170688899999995;22.12;False;5.655570771000001;ERR;ERR;ERR;ERR;ERR;ERR;ERR;ERR;ERR
711;0.01;True;0.01;False;0.01;False;7.09;False;4.585777532;21.81;False;5.270448892999999;ERR;ERR;ERR;ERR;ERR;ERR;ERR;ERR;ERR
712;0.02;True;1.14;False;0.01;False;10.19;False;7.735038293000001;25.56;False;9.134596641;ERR;ERR;ERR;ERR;ERR;ERR;ERR;ERR;ERR
713;0.02;True;0.02;False;0.01;False;10.51;False;7.962496537;25.9;False;9.329350527;ERR;ERR;ERR;ERR;ERR;ERR;ERR;ERR;ERR
714;0.01;True;0.01;False;0.01;False;6.82;False;4.41707611;21.57;False;5.174847368000002;ERR;ERR;ERR;ERR;ERR;ERR;ERR;ERR;ERR
715;0.02;True;0.01;False;0.01;False;10.26;False;7.990066157999999;25.91;False;9.397772563999998;ERR;ERR;ERR;ERR;ERR;ERR;ERR;ERR;ERR
716;0.02;True;1.09;False;0.01;False;9.76;False;7.572351939999999;25.07;False;8.86692967;ERR;ERR;ERR;ERR;ERR;ERR;ERR;ERR;ERR
717;0.02;True;0.01;False;0.01;False;10.48;False;8.139451646000001;25.05;False;9.159739631999999;ERR;ERR;ERR;ERR;ERR;ERR;ERR;ERR;ERR
718;0.02;True;0.01;False;0.0;False;10.62;False;8.013214795;26.38;False;9.250920592;ERR;ERR;ERR;ERR;ERR;ERR;ERR;ERR;ERR
719;0.01;True;0.01;False;0.01;False;6.61;False;4.2443031389999994;21.93;False;4.891030313000002;ERR;ERR;ERR;ERR;ERR;ERR;ERR;ERR;ERR
720;0.02;True;0.01;False;0.01;False;10.47;False;8.004856270000001;25.93;False;9.668233007999998;ERR;ERR;ERR;ERR;ERR;ERR;ERR;ERR;ERR
721;0.02;True;0.01;False;0.01;False;10.73;False;8.222327063;25.77;False;9.424439591999999;ERR;ERR;ERR;ERR;ERR;ERR;ERR;ERR;ERR
722;0.02;True;0.02;False;0.01;False;6.94;False;4.60989895;21.58;False;5.530533958000001;ERR;ERR;ERR;ERR;ERR;ERR;ERR;ERR;ERR
723;0.02;True;0.01;False;0.01;False;10.62;False;8.291204315;25.81;False;9.064517289;ERR;ERR;ERR;ERR;ERR;ERR;ERR;ERR;ERR
724;0.01;True;0.02;False;0.01;False;10.69;False;8.38589624;26.01;False;9.418421312;ERR;ERR;ERR;ERR;ERR;ERR;ERR;ERR;ERR
725;0.01;True;0.01;False;0.0;False;6.86;False;4.412466542000001;21.0;False;5.176606387;ERR;ERR;ERR;ERR;ERR;ERR;ERR;ERR;ERR
726;0.02;True;0.01;False;0.01;False;10.48;False;8.123789931000001;26.39;False;9.493294222999998;ERR;ERR;ERR;ERR;ERR;ERR;ERR;ERR;ERR
727;0.02;True;0.01;False;0.01;False;10.62;False;8.113932632;25.94;False;9.234776947;ERR;ERR;ERR;ERR;ERR;ERR;ERR;ERR;ERR
728;0.0;True;0.01;False;0.01;False;8.32;False;5.890871798;22.95;False;6.773560476000002;ERR;ERR;ERR;ERR;ERR;ERR;ERR;ERR;ERR
729;0.01;True;0.01;False;0.01;False;6.42;False;4.147280659;20.9;False;5.007485225000002;ERR;ERR;ERR;ERR;ERR;ERR;ERR;ERR;ERR
730;0.02;True;1.09;False;0.01;False;10.42;False;7.924377861999999;25.93;False;8.928288984;ERR;ERR;ERR;ERR;ERR;ERR;ERR;ERR;ERR
731;0.02;True;0.01;False;0.0;False;10.77;False;8.150521284;25.96;False;9.314702940000002;ERR;ERR;ERR;ERR;ERR;ERR;ERR;ERR;ERR
732;0.02;True;0.01;False;0.01;False;7.6;False;5.233497181;22.89;False;6.158768210999998;ERR;ERR;ERR;ERR;ERR;ERR;ERR;ERR;ERR
733;0.02;True;0.01;False;0.01;False;10.64;False;8.061411568;25.83;False;9.404674528;ERR;ERR;ERR;ERR;ERR;ERR;ERR;ERR;ERR
734;0.02;True;0.01;False;0.01;False;10.25;False;7.935064430000001;26.39;False;9.357154781;ERR;ERR;ERR;ERR;ERR;ERR;ERR;ERR;ERR
735;0.02;True;0.01;False;0.01;False;6.5;False;4.179445759;20.96;False;4.897117713999998;ERR;ERR;ERR;ERR;ERR;ERR;ERR;ERR;ERR
736;0.02;True;0.01;False;0.01;False;6.68;False;4.195904291;21.83;False;5.053637550999998;ERR;ERR;ERR;ERR;ERR;ERR;ERR;ERR;ERR
737;0.01;True;1.1;False;0.01;False;10.04;False;7.847819346;25.25;False;8.846226504999999;ERR;ERR;ERR;ERR;ERR;ERR;ERR;ERR;ERR
738;0.02;True;0.0;False;0.01;False;10.59;False;8.100357467;26.35;False;9.273351989;ERR;ERR;ERR;ERR;ERR;ERR;ERR;ERR;ERR
739;0.02;True;0.02;False;0.02;False;6.57;False;4.22551689;21.76;False;4.969122002000001;ERR;ERR;ERR;ERR;ERR;ERR;ERR;ERR;ERR
740;0.01;True;0.69;False;0.01;False;5.93;False;3.8202995380000004;17.44;False;4.364462267999999;0.25;False;ERR;ERR;0.19;False;ERR;ERR;ERR
741;0.01;True;1.09;False;0.01;False;10.07;False;7.80722804;24.31;False;8.743512331000002;ERR;ERR;ERR;ERR;ERR;ERR;ERR;ERR;ERR
742;0.01;True;0.02;False;0.01;False;6.41;False;4.091879339;21.44;False;4.924220593000001;ERR;ERR;ERR;ERR;ERR;ERR;ERR;ERR;ERR
743;0.02;True;0.01;False;0.0;False;10.55;False;8.001661855;25.69;False;9.311485118999999;ERR;ERR;ERR;ERR;ERR;ERR;ERR;ERR;ERR
744;0.02;True;0.01;False;0.01;False;8.21;False;5.880542436;23.0;False;6.765417830999999;ERR;ERR;ERR;ERR;ERR;ERR;ERR;ERR;ERR
745;0.02;True;0.01;False;0.01;False;10.68;False;8.071053822000001;26.61;False;9.477502379999999;ERR;ERR;ERR;ERR;ERR;ERR;ERR;ERR;ERR
746;0.01;True;0.0;False;0.01;False;6.52;False;4.242169135;21.45;False;4.8838445109999995;ERR;ERR;ERR;ERR;ERR;ERR;ERR;ERR;ERR
747;0.02;True;0.02;False;0.01;False;10.43;False;8.118776462;25.75;False;9.310070496000002;ERR;ERR;ERR;ERR;ERR;ERR;ERR;ERR;ERR
748;0.01;True;1.1;False;0.01;False;10.07;False;7.720657887;24.77;False;8.842767363;ERR;ERR;ERR;ERR;ERR;ERR;ERR;ERR;ERR
749;0.02;True;0.01;False;0.01;False;10.47;False;8.204019571;26.38;False;9.442961724999998;ERR;ERR;ERR;ERR;ERR;ERR;ERR;ERR;ERR
750;0.02;True;0.01;False;0.01;False;TO;TO;TO;TO;TO;TO;ERR;ERR;ERR;ERR;ERR;ERR;ERR;ERR;ERR
751;0.01;True;0.01;False;0.01;False;10.66;False;8.10975492;25.52;False;9.280192649999998;ERR;ERR;ERR;ERR;ERR;ERR;ERR;ERR;ERR
752;0.01;True;1.09;False;0.02;False;10.58;False;8.025113328;25.04;False;8.854462299000001;ERR;ERR;ERR;ERR;ERR;ERR;ERR;ERR;ERR
753;0.01;True;0.01;False;0.01;False;6.68;False;4.290917908000001;21.48;False;5.013147494999998;ERR;ERR;ERR;ERR;ERR;ERR;ERR;ERR;ERR
754;0.02;True;0.01;False;0.01;False;10.45;False;8.017692027999999;25.97;False;9.373960885;ERR;ERR;ERR;ERR;ERR;ERR;ERR;ERR;ERR
755;0.02;True;1.1;False;0.01;False;10.01;False;7.711214985;24.6;False;8.717185759000001;ERR;ERR;ERR;ERR;ERR;ERR;ERR;ERR;ERR
756;0.02;True;0.01;False;0.01;False;10.53;False;8.06531654;27.84;False;10.338258877000001;ERR;ERR;ERR;ERR;ERR;ERR;ERR;ERR;ERR
757;0.02;True;0.0;False;0.01;False;6.72;False;4.584160935;21.51;False;5.3625655309999996;ERR;ERR;ERR;ERR;ERR;ERR;ERR;ERR;ERR
758;0.02;True;1.09;False;0.01;False;9.96;False;7.672214142;25.34;False;9.003359664;ERR;ERR;ERR;ERR;ERR;ERR;ERR;ERR;ERR
759;0.02;True;0.01;False;0.01;False;10.3;False;8.047229484;25.31;False;9.013040937;ERR;ERR;ERR;ERR;ERR;ERR;ERR;ERR;ERR
760;0.02;True;0.01;False;0.01;False;7.19;False;5.094934437999999;17.92;False;5.64336241;0.07;False;ERR;ERR;0.06;False;ERR;ERR;ERR
761;0.01;True;0.01;False;0.01;False;10.65;False;8.147739444;26.35;False;9.48324625;ERR;ERR;ERR;ERR;ERR;ERR;ERR;ERR;ERR
762;0.02;True;0.0;False;0.01;False;8.4;False;5.825507126;23.41;False;6.639476013000001;ERR;ERR;ERR;ERR;ERR;ERR;ERR;ERR;ERR
763;0.02;True;0.01;False;0.01;False;10.95;False;8.427342802;26.26;False;9.450187894;ERR;ERR;ERR;ERR;ERR;ERR;ERR;ERR;ERR
764;0.01;True;0.02;False;0.0;False;10.77;False;8.221637518000001;26.26;False;9.651649554000002;ERR;ERR;ERR;ERR;ERR;ERR;ERR;ERR;ERR
765;0.01;True;0.01;False;0.01;False;8.12;False;7.413591842999999;13.26;False;8.214856851;ERR;ERR;ERR;ERR;ERR;ERR;ERR;ERR;ERR
766;0.01;True;0.0;False;0.01;False;7.88;False;7.0962295520000005;13.88;False;8.557300377;ERR;ERR;ERR;ERR;ERR;ERR;ERR;ERR;ERR
767;0.01;True;0.01;False;0.01;False;7.78;False;7.008795502;13.55;False;8.325767374999998;ERR;ERR;ERR;ERR;ERR;ERR;ERR;ERR;ERR
768;0.01;True;0.0;False;0.02;False;8.1;False;7.370449887;13.69;False;8.455926953999999;ERR;ERR;ERR;ERR;ERR;ERR;ERR;ERR;ERR
769;0.0;True;0.01;False;0.01;False;7.87;False;7.116670754;13.29;False;8.104223860000001;ERR;ERR;ERR;ERR;ERR;ERR;ERR;ERR;ERR
770;0.01;True;0.01;False;0.01;False;7.91;False;7.158266286;13.22;False;8.080397615999999;ERR;ERR;ERR;ERR;ERR;ERR;ERR;ERR;ERR
771;0.01;True;0.01;False;0.01;False;7.82;False;7.083020293000001;13.69;False;8.314210001;ERR;ERR;ERR;ERR;ERR;ERR;ERR;ERR;ERR
772;0.01;True;0.01;False;0.01;False;7.85;False;7.120931876999999;13.24;False;8.027910391999999;ERR;ERR;ERR;ERR;ERR;ERR;ERR;ERR;ERR
773;0.01;True;0.01;False;0.0;False;7.74;False;7.0172128570000005;13.27;False;8.097708312000002;ERR;ERR;ERR;ERR;ERR;ERR;ERR;ERR;ERR
774;0.01;True;0.01;False;0.01;False;8.01;False;7.24752786;13.18;False;8.08227933;ERR;ERR;ERR;ERR;ERR;ERR;ERR;ERR;ERR
775;0.01;True;0.0;False;0.0;False;7.94;False;7.230117241;13.48;False;8.246211914;ERR;ERR;ERR;ERR;ERR;ERR;ERR;ERR;ERR
776;0.01;True;0.01;False;0.0;False;7.86;False;7.093260856000001;13.45;False;8.298200689999998;ERR;ERR;ERR;ERR;ERR;ERR;ERR;ERR;ERR
777;0.01;True;0.01;False;0.01;False;7.71;False;6.975771443;13.35;False;8.093003476;ERR;ERR;ERR;ERR;ERR;ERR;ERR;ERR;ERR
778;0.01;True;0.01;False;0.01;False;7.85;False;7.11003323;13.3;False;8.218581732;ERR;ERR;ERR;ERR;ERR;ERR;ERR;ERR;ERR
779;0.01;True;0.01;False;0.01;False;7.7;False;6.9433349269999995;13.34;False;7.996307317;ERR;ERR;ERR;ERR;ERR;ERR;ERR;ERR;ERR
780;0.0;True;0.0;False;0.01;False;7.76;False;7.03658331;13.2;False;7.994102771;ERR;ERR;ERR;ERR;ERR;ERR;ERR;ERR;ERR
781;0.01;True;0.0;False;0.01;False;7.61;False;6.8766307310000006;13.12;False;7.997609783;ERR;ERR;ERR;ERR;ERR;ERR;ERR;ERR;ERR
782;0.02;True;0.01;False;0.01;False;7.65;False;6.91245119;13.35;False;8.151834643;ERR;ERR;ERR;ERR;ERR;ERR;ERR;ERR;ERR
783;0.01;True;0.01;False;0.01;False;7.7;False;6.940363475;13.22;False;8.214362156;ERR;ERR;ERR;ERR;ERR;ERR;ERR;ERR;ERR
784;0.01;True;0.01;False;0.01;False;7.73;False;6.978677644999999;13.1;False;8.00379079;ERR;ERR;ERR;ERR;ERR;ERR;ERR;ERR;ERR
785;0.01;True;0.01;False;0.01;False;7.76;False;7.026630181;13.34;False;8.167800919000001;ERR;ERR;ERR;ERR;ERR;ERR;ERR;ERR;ERR
786;0.01;True;0.01;False;0.01;False;7.78;False;7.0094102529999995;13.36;False;8.072486412;ERR;ERR;ERR;ERR;ERR;ERR;ERR;ERR;ERR
787;0.01;True;0.01;False;0.01;False;7.71;False;6.982543881;13.62;False;8.382653722;ERR;ERR;ERR;ERR;ERR;ERR;ERR;ERR;ERR
788;0.0;True;0.01;False;0.01;False;7.75;False;7.012353211;13.25;False;7.9816238660000005;ERR;ERR;ERR;ERR;ERR;ERR;ERR;ERR;ERR
789;0.01;True;0.01;False;0.01;False;7.72;False;6.971458438;13.09;False;7.962853361;ERR;ERR;ERR;ERR;ERR;ERR;ERR;ERR;ERR
790;0.02;True;0.01;False;0.01;False;7.85;False;7.103115819;13.27;False;8.035281316999999;ERR;ERR;ERR;ERR;ERR;ERR;ERR;ERR;ERR
791;0.01;True;0.01;False;0.01;False;7.88;False;7.102118939;13.31;False;8.247629834;ERR;ERR;ERR;ERR;ERR;ERR;ERR;ERR;ERR
792;0.01;True;0.0;False;0.0;False;7.98;False;7.234453485;13.37;False;8.213740612999999;ERR;ERR;ERR;ERR;ERR;ERR;ERR;ERR;ERR
793;0.01;True;0.0;False;0.0;False;7.88;False;7.124889801;13.31;False;8.108501902;ERR;ERR;ERR;ERR;ERR;ERR;ERR;ERR;ERR
794;0.01;True;0.01;False;0.01;False;7.72;False;6.995102969;13.27;False;8.07680092;ERR;ERR;ERR;ERR;ERR;ERR;ERR;ERR;ERR
795;0.01;True;0.0;False;0.01;False;7.69;False;6.932931306;13.13;False;8.000895554;ERR;ERR;ERR;ERR;ERR;ERR;ERR;ERR;ERR
796;0.02;True;0.01;False;0.0;False;8.05;False;7.305272392;13.25;False;8.104277330999999;ERR;ERR;ERR;ERR;ERR;ERR;ERR;ERR;ERR
797;0.01;True;0.01;False;0.0;False;7.84;False;7.124583119;13.19;False;8.203686577;ERR;ERR;ERR;ERR;ERR;ERR;ERR;ERR;ERR
798;0.01;True;0.01;False;0.01;False;7.78;False;5.380337208;22.48;False;6.1424065930000005;ERR;ERR;ERR;ERR;ERR;ERR;ERR;ERR;ERR
799;0.01;True;0.01;False;0.01;False;7.72;False;6.97339056;13.12;False;8.140148288999999;ERR;ERR;ERR;ERR;ERR;ERR;ERR;ERR;ERR
800;0.0;True;0.01;False;0.0;False;7.87;False;7.150467471000001;13.1;False;8.049772339;ERR;ERR;ERR;ERR;ERR;ERR;ERR;ERR;ERR
801;0.01;True;0.01;False;0.01;False;7.82;False;7.108877856;13.04;False;7.992608114;ERR;ERR;ERR;ERR;ERR;ERR;ERR;ERR;ERR
802;0.01;True;0.01;False;0.01;False;7.65;False;6.946742266999999;13.26;False;7.99303088;ERR;ERR;ERR;ERR;ERR;ERR;ERR;ERR;ERR
803;0.01;True;0.01;False;0.01;False;8.0;False;7.269710876;13.39;False;8.170657756;ERR;ERR;ERR;ERR;ERR;ERR;ERR;ERR;ERR
804;0.01;True;0.01;False;0.01;False;7.57;False;6.844955059;13.54;False;8.376669428;ERR;ERR;ERR;ERR;ERR;ERR;ERR;ERR;ERR
805;0.02;True;0.0;False;0.01;False;7.66;False;6.942456837;13.14;False;8.13329815;ERR;ERR;ERR;ERR;ERR;ERR;ERR;ERR;ERR
806;0.01;True;0.01;False;0.01;False;7.65;False;6.923214315;13.26;False;8.226434056;ERR;ERR;ERR;ERR;ERR;ERR;ERR;ERR;ERR
807;0.01;True;0.0;False;0.01;False;7.64;False;6.8934792940000005;13.35;False;8.077656143;ERR;ERR;ERR;ERR;ERR;ERR;ERR;ERR;ERR
808;0.0;True;0.02;False;0.01;False;6.6;False;4.059335222;21.01;False;4.7844659950000015;ERR;ERR;ERR;ERR;ERR;ERR;ERR;ERR;ERR
809;0.02;True;0.01;False;0.01;False;10.51;False;8.074927825;25.21;False;9.230875195000001;ERR;ERR;ERR;ERR;ERR;ERR;ERR;ERR;ERR
810;0.01;True;1.09;False;0.01;False;9.96;False;7.616567576;24.39;False;8.684082026;ERR;ERR;ERR;ERR;ERR;ERR;ERR;ERR;ERR
811;0.02;True;1.09;False;0.0;False;9.97;False;7.732224428;24.75;False;8.753451692;ERR;ERR;ERR;ERR;ERR;ERR;ERR;ERR;ERR
812;0.01;True;0.0;False;0.01;False;7.06;False;4.807409421000001;22.42;False;5.746782150000001;ERR;ERR;ERR;ERR;ERR;ERR;ERR;ERR;ERR
813;0.01;True;0.01;False;0.0;False;8.03;False;5.740590146000001;24.06;False;6.648305646000001;ERR;ERR;ERR;ERR;ERR;ERR;ERR;ERR;ERR
814;0.01;True;0.0;False;0.01;False;TO;TO;TO;TO;TO;TO;ERR;ERR;ERR;ERR;ERR;ERR;ERR;ERR;ERR
815;0.02;True;0.02;False;0.01;False;10.74;False;8.238116331;26.87;False;9.416448459999998;ERR;ERR;ERR;ERR;ERR;ERR;ERR;ERR;ERR
816;0.02;True;0.0;False;0.01;False;10.49;False;7.954625151999999;26.19;False;9.615459944;ERR;ERR;ERR;ERR;ERR;ERR;ERR;ERR;ERR
817;0.01;True;0.01;False;0.01;False;10.45;False;7.998717665;25.3;False;9.559224216999999;ERR;ERR;ERR;ERR;ERR;ERR;ERR;ERR;ERR
818;0.01;True;0.01;False;0.01;False;10.62;False;8.217436181;25.18;False;9.258224969999999;ERR;ERR;ERR;ERR;ERR;ERR;ERR;ERR;ERR
819;0.02;True;0.01;False;0.01;False;10.72;False;8.167561029;25.46;False;9.513346471000002;ERR;ERR;ERR;ERR;ERR;ERR;ERR;ERR;ERR
820;0.01;True;0.02;False;0.01;False;10.53;False;8.032538388999999;26.5;False;9.834019559999998;ERR;ERR;ERR;ERR;ERR;ERR;ERR;ERR;ERR
821;0.02;True;0.01;False;0.01;False;10.39;False;7.889706795999999;25.68;False;9.310954674;ERR;ERR;ERR;ERR;ERR;ERR;ERR;ERR;ERR
822;0.01;True;0.08;False;0.0;False;TO;TO;TO;TO;TO;TO;ERR;ERR;ERR;ERR;ERR;ERR;ERR;ERR;ERR
823;0.03;True;1.09;False;0.01;False;10.32;False;7.894074056000001;24.93;False;8.805480604000001;ERR;ERR;ERR;ERR;ERR;ERR;ERR;ERR;ERR
824;0.04;True;0.02;False;0.0;False;TO;TO;TO;TO;TO;TO;ERR;ERR;ERR;ERR;ERR;ERR;ERR;ERR;ERR
825;0.02;True;0.01;False;0.01;False;10.65;False;8.090075614;25.71;False;9.389405429000002;ERR;ERR;ERR;ERR;ERR;ERR;ERR;ERR;ERR
826;0.02;True;0.01;False;0.0;False;10.6;False;8.066551792999999;25.46;False;9.312565346000001;ERR;ERR;ERR;ERR;ERR;ERR;ERR;ERR;ERR
827;0.01;True;0.01;False;0.0;False;8.28;False;5.773722336;22.89;False;6.879445755999999;ERR;ERR;ERR;ERR;ERR;ERR;ERR;ERR;ERR
828;0.02;True;0.01;False;0.01;False;8.25;False;5.783582518;22.7;False;6.6875058759999995;ERR;ERR;ERR;ERR;ERR;ERR;ERR;ERR;ERR
829;0.02;True;0.01;False;0.01;False;6.66;False;4.273479964;21.36;False;4.845301647000001;ERR;ERR;ERR;ERR;ERR;ERR;ERR;ERR;ERR
830;0.01;True;0.01;False;0.02;False;10.57;False;8.127038995;25.56;False;9.476755310999998;ERR;ERR;ERR;ERR;ERR;ERR;ERR;ERR;ERR
831;0.01;True;0.01;False;0.01;False;10.41;False;8.109145958;25.42;False;9.172528284;ERR;ERR;ERR;ERR;ERR;ERR;ERR;ERR;ERR
832;0.01;True;0.02;False;0.0;False;6.87;False;4.4386514759999995;21.62;False;5.215364763;ERR;ERR;ERR;ERR;ERR;ERR;ERR;ERR;ERR
833;0.02;True;0.01;False;0.01;False;10.44;False;8.113333592;25.55;False;9.141177757;ERR;ERR;ERR;ERR;ERR;ERR;ERR;ERR;ERR
834;0.02;True;0.02;False;0.01;False;10.3;False;7.959677558;25.83;False;9.345131314000001;ERR;ERR;ERR;ERR;ERR;ERR;ERR;ERR;ERR
835;0.02;True;0.0;False;0.01;False;7.64;False;5.342524399;23.25;False;6.343014492999998;ERR;ERR;ERR;ERR;ERR;ERR;ERR;ERR;ERR
836;0.02;True;0.01;False;0.02;False;10.44;False;8.078700892;25.37;False;9.225196028000001;ERR;ERR;ERR;ERR;ERR;ERR;ERR;ERR;ERR
837;0.03;True;2.14;False;0.02;False;TO;TO;TO;TO;TO;TO;ERR;ERR;ERR;ERR;ERR;ERR;ERR;ERR;ERR
838;0.01;True;0.01;False;0.01;False;10.92;False;8.254876034999999;28.86;False;9.386314291000001;ERR;ERR;ERR;ERR;ERR;ERR;ERR;ERR;ERR
839;0.01;True;TO;TO;0.0;False;TO;TO;TO;TO;TO;TO;ERR;ERR;ERR;ERR;ERR;ERR;ERR;ERR;ERR
840;0.02;True;0.01;False;0.0;False;10.51;False;7.83138703;26.76;False;9.455994476;ERR;ERR;ERR;ERR;ERR;ERR;ERR;ERR;ERR
841;0.02;True;1.1;False;0.02;False;10.26;False;7.720714611000001;27.33;False;9.249097501999998;ERR;ERR;ERR;ERR;ERR;ERR;ERR;ERR;ERR
842;0.02;True;1.09;False;0.01;False;10.68;False;8.070578343;26.92;False;9.085801187000001;ERR;ERR;ERR;ERR;ERR;ERR;ERR;ERR;ERR
843;0.02;True;0.02;False;0.0;False;10.53;False;7.995495044;27.73;False;9.571201830000003;ERR;ERR;ERR;ERR;ERR;ERR;ERR;ERR;ERR
844;0.02;True;0.01;False;0.01;False;10.58;False;8.007373717;29.07;False;9.551245961;ERR;ERR;ERR;ERR;ERR;ERR;ERR;ERR;ERR
845;0.02;True;0.02;False;0.0;False;7.05;False;4.355565874;24.11;False;5.120283555;ERR;ERR;ERR;ERR;ERR;ERR;ERR;ERR;ERR
846;0.02;True;0.0;False;0.01;False;10.73;False;8.188011123999999;26.89;False;9.166783068999997;ERR;ERR;ERR;ERR;ERR;ERR;ERR;ERR;ERR
847;0.01;True;0.01;False;0.01;False;2.83;False;1.651448153;43.68;False;1.9289978060000053;0.06;False;ERR;ERR;0.06;False;ERR;ERR;ERR
848;0.02;True;0.02;False;0.01;False;2.8;False;1.6442092179999999;45.99;False;1.9518445690000021;0.06;False;ERR;ERR;0.08;False;ERR;ERR;ERR
849;0.01;True;TO;TO;0.01;False;TO;TO;TO;TO;TO;TO;TO;TO;TO;TO;TO;TO;ERR;ERR;ERR
850;0.02;True;TO;TO;0.02;False;TO;TO;TO;TO;TO;TO;TO;TO;TO;TO;TO;TO;ERR;ERR;ERR
851;0.01;True;TO;TO;0.02;False;TO;TO;TO;TO;TO;TO;TO;TO;TO;TO;TO;TO;ERR;ERR;ERR
852;0.01;True;TO;TO;0.01;False;TO;TO;TO;TO;TO;TO;TO;TO;TO;TO;TO;TO;ERR;ERR;ERR
853;0.01;True;3.72;False;0.01;False;TO;TO;TO;TO;TO;TO;ERR;ERR;ERR;ERR;ERR;ERR;ERR;ERR;ERR
854;0.01;True;0.01;False;0.01;False;ERR;ERR;ERR;TO;TO;TO;0.05;False;ERR;ERR;0.04;False;ERR;ERR;ERR
855;0.02;True;0.01;False;0.01;False;6.56;False;4.301070709999999;20.67;False;5.053702426999999;ERR;ERR;ERR;ERR;ERR;ERR;ERR;ERR;ERR
856;0.01;True;96.07;False;0.01;False;1.88;False;1.771544177;2.41;False;2.124792852;14.94;False;44.61;False;15.01;False;ERR;ERR;ERR
857;0.02;True;TO;TO;0.02;False;3.12;False;2.0946315820000003;36.11;False;3.9578510540000025;ERR;ERR;ERR;ERR;ERR;ERR;ERR;ERR;ERR
858;0.01;True;0.0;False;0.01;False;TO;TO;TO;TO;TO;TO;ERR;ERR;ERR;ERR;ERR;ERR;ERR;ERR;ERR
859;0.01;True;0.24;False;0.01;False;TO;TO;TO;TO;TO;TO;ERR;ERR;ERR;ERR;ERR;ERR;ERR;ERR;ERR
860;0.01;True;0.01;False;0.0;False;1.77;False;1.647997354;3.38;False;1.945022149;ERR;ERR;ERR;ERR;ERR;ERR;ERR;ERR;ERR
861;0.02;True;0.01;False;0.01;False;10.69;False;8.240034479;25.05;False;9.226344402999999;ERR;ERR;ERR;ERR;ERR;ERR;ERR;ERR;ERR
862;0.02;True;0.01;False;0.01;False;10.54;False;8.085669528;26.18;False;9.385619474;ERR;ERR;ERR;ERR;ERR;ERR;ERR;ERR;ERR
863;0.01;True;0.01;False;0.0;False;6.6;False;4.293514276;20.68;False;5.021132888999999;ERR;ERR;ERR;ERR;ERR;ERR;ERR;ERR;ERR
864;0.01;True;0.01;False;0.0;False;10.47;False;7.948691909000001;26.02;False;9.559869606000001;ERR;ERR;ERR;ERR;ERR;ERR;ERR;ERR;ERR
865;0.02;True;TO;TO;0.01;False;TO;TO;TO;TO;TO;TO;TO;TO;TO;TO;TO;TO;ERR;ERR;ERR
866;0.02;True;0.01;False;0.01;False;10.6;False;8.041560257;27.33;False;9.438245234;ERR;ERR;ERR;ERR;ERR;ERR;ERR;ERR;ERR
867;0.01;True;1.09;False;0.0;False;10.28;False;7.590873451;26.6;False;9.012987153000001;ERR;ERR;ERR;ERR;ERR;ERR;ERR;ERR;ERR
868;0.01;True;1.13;False;0.02;False;10.22;False;7.685893473;26.94;False;9.177079366000001;ERR;ERR;ERR;ERR;ERR;ERR;ERR;ERR;ERR
869;0.02;True;0.02;False;0.0;False;10.54;False;8.015601109;27.34;False;9.55905512;ERR;ERR;ERR;ERR;ERR;ERR;ERR;ERR;ERR
870;0.02;True;0.01;False;0.0;False;10.52;False;8.034105442;27.72;False;9.436841958000002;ERR;ERR;ERR;ERR;ERR;ERR;ERR;ERR;ERR
871;0.01;True;0.01;False;0.01;False;10.63;False;8.078206327;26.98;False;9.347464745;ERR;ERR;ERR;ERR;ERR;ERR;ERR;ERR;ERR
872;0.02;True;1.08;False;0.01;False;10.41;False;7.839674712000001;27.28;False;9.011426681;ERR;ERR;ERR;ERR;ERR;ERR;ERR;ERR;ERR
873;0.02;True;0.01;False;0.01;False;10.57;False;8.025649323;27.28;False;9.519370225;ERR;ERR;ERR;ERR;ERR;ERR;ERR;ERR;ERR
874;0.02;True;0.01;False;0.01;False;11.07;False;8.488317965;27.12;False;9.346146246;ERR;ERR;ERR;ERR;ERR;ERR;ERR;ERR;ERR
875;0.02;True;0.01;False;0.01;False;10.63;False;7.983995999;28.36;False;9.84982205;ERR;ERR;ERR;ERR;ERR;ERR;ERR;ERR;ERR
876;0.01;True;0.01;False;0.01;False;10.68;False;8.105788171;27.02;False;9.326963164999999;ERR;ERR;ERR;ERR;ERR;ERR;ERR;ERR;ERR
877;0.02;True;0.01;False;0.01;False;10.9;False;8.317972726;27.09;False;9.302589928;ERR;ERR;ERR;ERR;ERR;ERR;ERR;ERR;ERR
878;0.01;True;0.01;False;0.01;False;7.21;False;4.578972438;24.07;False;5.370541291999999;ERR;ERR;ERR;ERR;ERR;ERR;ERR;ERR;ERR
879;0.02;True;1.09;False;0.01;False;10.44;False;7.788464488999999;27.04;False;8.977188301000002;ERR;ERR;ERR;ERR;ERR;ERR;ERR;ERR;ERR
880;0.02;True;0.02;False;0.0;False;TO;TO;TO;TO;TO;TO;ERR;ERR;ERR;ERR;ERR;ERR;ERR;ERR;ERR
881;0.02;True;0.01;False;0.01;False;9.23;False;7.6736726310000005;18.19;False;8.818231066000001;ERR;ERR;ERR;ERR;ERR;ERR;ERR;ERR;ERR
882;0.02;True;4.69;False;0.01;False;TO;TO;TO;TO;TO;TO;ERR;ERR;ERR;ERR;ERR;ERR;ERR;ERR;ERR
883;0.02;True;1.1;False;0.01;False;10.42;False;7.830888605;27.55;False;9.552883809;ERR;ERR;ERR;ERR;ERR;ERR;ERR;ERR;ERR
884;0.02;True;0.01;False;0.01;False;10.67;False;8.184253739999999;25.63;False;9.323052409;ERR;ERR;ERR;ERR;ERR;ERR;ERR;ERR;ERR
885;0.0;True;1.1;False;0.01;False;10.38;False;7.91616373;25.58;False;8.843004861;ERR;ERR;ERR;ERR;ERR;ERR;ERR;ERR;ERR
886;0.02;True;0.01;False;0.01;False;10.68;False;8.121108154;27.46;False;9.226406117;ERR;ERR;ERR;ERR;ERR;ERR;ERR;ERR;ERR
887;0.01;True;0.01;False;0.0;False;10.86;False;8.191128104;28.75;False;9.568324926999999;ERR;ERR;ERR;ERR;ERR;ERR;ERR;ERR;ERR
888;0.02;True;0.01;False;0.0;False;8.74;False;6.048942991999999;25.21;False;6.851021981999999;ERR;ERR;ERR;ERR;ERR;ERR;ERR;ERR;ERR
889;0.02;True;0.01;False;0.01;False;9.31;False;7.7422243779999995;18.2;False;8.878461762999999;ERR;ERR;ERR;ERR;ERR;ERR;ERR;ERR;ERR
890;0.02;True;0.02;False;0.0;False;7.23;False;4.957408581;21.99;False;5.744703049;ERR;ERR;ERR;ERR;ERR;ERR;ERR;ERR;ERR
891;0.01;True;TO;TO;0.01;False;TO;TO;TO;TO;TO;TO;TO;TO;TO;TO;TO;TO;ERR;ERR;ERR
892;0.02;True;0.01;False;0.01;False;7.11;False;4.644408021;23.95;False;5.441013950999999;ERR;ERR;ERR;ERR;ERR;ERR;ERR;ERR;ERR
